CASE_ID,ACCIDENT_YEAR,PROC_DATE,JURIS,COLLISION_DATE,COLLISION_TIME,OFFICER_ID,REPORTING_DISTRICT,DAY_OF_WEEK,CHP_SHIFT,POPULATION,CNTY_CITY_LOC,SPECIAL_COND,BEAT_TYPE,CHP_BEAT_TYPE,CITY_DIVISION_LAPD,CHP_BEAT_CLASS,BEAT_NUMBER,PRIMARY_RD,SECONDARY_RD,DISTANCE,DIRECTION,INTERSECTION,WEATHER_1,WEATHER_2,STATE_HWY_IND,CALTRANS_COUNTY,CALTRANS_DISTRICT,STATE_ROUTE,ROUTE_SUFFIX,POSTMILE_PREFIX,POSTMILE,LOCATION_TYPE,RAMP_INTERSECTION,SIDE_OF_HWY,TOW_AWAY,COLLISION_SEVERITY,NUMBER_KILLED,NUMBER_INJURED,PARTY_COUNT,PRIMARY_COLL_FACTOR,PCF_CODE_OF_VIOL,PCF_VIOL_CATEGORY,PCF_VIOLATION,PCF_VIOL_SUBSECTION,HIT_AND_RUN,TYPE_OF_COLLISION,MVIW,PED_ACTION,ROAD_SURFACE,ROAD_COND_1,ROAD_COND_2,LIGHTING,CONTROL_DEVICE,CHP_ROAD_TYPE,PEDESTRIAN_ACCIDENT,BICYCLE_ACCIDENT,MOTORCYCLE_ACCIDENT,TRUCK_ACCIDENT,NOT_PRIVATE_PROPERTY,ALCOHOL_INVOLVED,STWD_VEHTYPE_AT_FAULT,CHP_VEHTYPE_AT_FAULT,COUNT_SEVERE_INJ,COUNT_VISIBLE_INJ,COUNT_COMPLAINT_PAIN,COUNT_PED_KILLED,COUNT_PED_INJURED,COUNT_BICYCLIST_KILLED,COUNT_BICYCLIST_INJURED,COUNT_MC_KILLED,COUNT_MC_INJURED,PRIMARY_RAMP,SECONDARY_RAMP,LATITUDE,LONGITUDE,COUNTY,CITY,POINT_X,POINT_Y
9353561,2021,2021-11-15,5704,2021-10-19,1216,06616,,2,5,4,5704,0,0,0,,0,002,"HARBOR BL","RT 50",60.00,S,N,A,-,Y,YOL,3,50,-,-,1.342,R,4,E,Y,4,0,1,2,A,-,08,22107,,N,C,C,A,A,H,-,A,A,0,,,,,Y,,A,01,0,0,1,0,0,0,0,0,0,"- ",EO,38.572288513183594,-121.54859161376953,YOLO,"WEST SACRAMENTO",-121.54611968994141,38.574974060058594
91438728,2021,2021-05-27,9280,2021-03-21,2135,021277,,7,2,9,5700,0,1,1,,2,031,"I-505 N/B","COUNTY ROAD 14",5174.00,N,N,A,-,Y,,,505,,,,,,N,Y,3,0,1,1,A,-,08,22107,,N,F,A,A,A,H,-,D,D,0,,,,,Y,,A,07,0,1,0,0,0,0,0,0,0,"- ","- ",38.791431427001953,-121.94349670410156,YOLO,UNINCORPORATED,-121.94359588623047,38.791450500488281
91474698,2021,2021-05-27,9280,2021-03-21,0410,018034,,7,3,9,5700,0,3,5,,2,001,"COUNTY ROAD 36","COUNTY ROAD 106",20.00,W,N,A,-,N,,,,,,,,,,Y,4,0,1,1,A,-,08,22107,,N,F,A,A,A,H,-,D,D,0,,,,,Y,,A,01,0,0,1,0,0,0,0,0,0,"- ","- ",38.487228393554688,-121.65868377685547,YOLO,UNINCORPORATED,-121.65879058837891,38.487190246582031
91497846,2021,2021-06-15,9280,2021-06-03,1538,018316,,4,2,9,5700,0,1,1,,2,030,"I-5 N/B","COUNTY ROAD 12",5808.00,N,N,A,-,Y,,,5,,,,,,N,Y,2,0,1,1,A,-,01,23152,A,N,F,A,A,A,H,-,A,D,0,,,Y,,Y,Y,C,02,1,0,0,0,0,0,0,0,1,"- ","- ",38.823040008544922,-121.90808868408203,YOLO,UNINCORPORATED,-121.90803527832031,38.823093414306641
91494374,2021,2021-06-10,9280,2021-06-03,1620,018352,,4,2,9,5700,0,3,5,,2,002,"COUNTY ROAD 22","COUNTY ROAD 103",10634.00,E,N,A,-,N,,,,,,,,,,Y,3,0,1,1,A,-,08,22107,,N,F,A,A,A,H,-,A,D,0,,,,,Y,,A,01,0,1,0,0,0,0,0,0,0,"- ","- ",38.676551818847656,-121.67240905761719,YOLO,UNINCORPORATED,,
9240935,2021,2021-04-07,5704,2021-03-04,1653,06054,,4,5,4,5704,0,0,0,,0,001,"NORTH HARBOR BL","RIVERPOINT CT",0.00,,Y,A,-,N,,,,,,,,,,N,4,0,1,2,A,-,03,22350,,N,C,C,A,A,H,-,C,A,0,,,,,Y,,D,22,0,0,1,0,0,0,0,0,0,"- ","- ",38.589038848876953,-121.5457763671875,YOLO,"WEST SACRAMENTO",-121.54592895507812,38.589103698730469
9264525,2021,2021-06-04,5704,2021-05-09,1130,06583,,7,5,4,5704,0,0,0,,0,001,"REED AV","RT 80",40.00,W,N,A,-,Y,YOL,3,80,-,R,11.220,R,4,W,N,4,0,1,2,A,-,07,21658,A,N,B,C,A,A,H,-,A,A,0,,,,,Y,,D,22,0,0,1,0,0,0,0,0,0,"- ",EO,38.592041015625,-121.55399322509766,YOLO,"WEST SACRAMENTO",-121.55239105224609,38.591945648193359
91451492,2021,2021-05-27,9280,2021-04-11,1100,019478,,7,1,4,5704,0,1,2,,2,011,"US-50 W/B","I-80 W/B TO US-50 E/B FLYOVER",600.00,E,N,A,-,Y,,,50,,,,,,W,Y,3,0,4,3,A,-,03,22350,,N,C,C,A,A,H,-,A,A,0,,,,,Y,,A,01,0,1,3,0,0,0,0,0,0,"- ","- ",38.575351715087891,-121.56031799316406,YOLO,"WEST SACRAMENTO",-121.56031799316406,38.575412750244141
91617476,2021,2021-11-05,9280,2021-10-29,1710,019986,,5,2,9,5700,0,1,1,,2,020,"I-5 S/B","OLD RIVER ROAD",9187.00,N,N,A,-,Y,,,5,,,,,,S,N,4,0,1,2,A,-,03,22350,,N,C,C,A,A,H,-,A,D,0,,,,,Y,,M,47,0,0,1,0,0,0,0,0,0,"- ","- ",38.67333984375,-121.66133880615234,YOLO,UNINCORPORATED,-121.66133880615234,38.673336029052734
91387748,2021,2021-05-27,9280,2021-01-02,0015,015353,,6,3,9,5700,0,1,3,,2,022,"SR-113 N/B",CR-29,2957.00,N,N,C,-,Y,,,113,,,,,,N,Y,2,0,1,1,A,-,01,23152,A,N,F,I,A,B,H,-,D,D,0,,,,,Y,Y,A,07,1,0,0,0,0,0,0,0,0,"- ","- ",38.598499298095703,-121.76686096191406,YOLO,UNINCORPORATED,-121.76699066162109,38.598503112792969
9257726,2021,2021-05-04,5704,2021-04-12,1715,00165,,1,5,4,5704,0,0,0,,0,002,"MERKLEY AV","POPLAR AV",0.00,,Y,A,-,N,,,,,,,,,,N,3,0,1,2,A,-,09,21802,A,N,D,C,A,A,H,-,A,A,0,,,,,Y,,A,07,0,1,0,0,0,0,0,0,0,"- ","- ",38.579151153564453,-121.5340576171875,YOLO,"WEST SACRAMENTO",-121.53398895263672,38.579147338867188
91489866,2021,2021-06-04,9280,2021-05-27,1850,017874,,4,2,9,5700,0,1,3,,1,024,"STATE ROUTE 16","COUNTY ROAD 22",1161.00,E,N,A,-,Y,,,16,,,,,,,Y,2,0,2,1,A,-,08,22107,,N,E,8,A,A,H,-,A,D,0,,,,,Y,,A,01,2,0,0,0,0,0,0,0,0,"- ","- ",38.677970886230469,-121.84902191162109,YOLO,UNINCORPORATED,-121.84902191162109,38.677909851074219
91650462,2021,2021-12-13,9280,2021-12-01,0750,015128,,3,1,9,5700,0,3,5,,2,002,CR-102,CR-27,140.00,N,N,E,-,N,,,,,,,,,,Y,3,0,1,2,A,-,03,22350,,N,C,C,A,A,H,-,A,A,0,,,,,Y,,D,22,0,1,0,0,0,0,0,0,0,"- ","- ",38.619270324707031,-121.72972106933594,YOLO,UNINCORPORATED,-121.72969055175781,38.619243621826172
9323365,2021,2021-10-04,5704,2021-08-24,1711,06093,,2,5,4,5704,0,0,0,,0,002,"JEFFERSON BL","JACKSON ST",0.00,,Y,A,-,N,,,,,,,,,,N,3,0,1,2,A,-,08,22107,,N,G,G,A,A,H,-,A,D,0,,Y,,,Y,,L,04,0,1,0,0,0,0,1,0,0,"- ","- ",38.574390411376953,-121.52420806884766,YOLO,"WEST SACRAMENTO",-121.52419281005859,38.574268341064453
91413817,2021,2021-05-27,9280,2021-02-20,0630,019094,,6,1,9,5700,0,3,5,,2,001,"COUNTY RD 32A","COUNTY RD. 105",155.00,S,N,A,-,N,,,,,,,,,,Y,3,0,1,1,A,-,03,22350,,N,E,I,A,B,H,-,B,D,0,,,,,Y,,A,01,0,1,0,0,0,0,0,0,0,"- ","- ",38.557628631591797,-121.67556762695312,YOLO,UNINCORPORATED,-121.67616271972656,38.557857513427734
91499331,2021,2021-06-21,9280,2021-04-29,0055,015353,,4,3,9,5700,0,1,1,,2,020,"INTERSTATE 5 N/B","COUNTY ROAD 96",329.00,N,N,A,-,Y,,,5,,,,,,N,Y,1,1,0,1,A,-,08,22107,,N,F,A,A,A,H,-,D,D,0,,,,,Y,,A,07,0,0,0,0,0,0,0,0,0,"- ","- ",38.757598876953125,-121.84120178222656,YOLO,UNINCORPORATED,-121.84107971191406,38.757705688476562
91590513,2021,2021-10-07,9280,2021-09-25,1645,018941,,6,2,5,5701,0,1,1,,2,010,"I-80 E/B","MACE BLVD",2000.00,E,N,A,-,Y,,,80,,,,,,E,N,4,0,3,2,A,-,03,22350,,N,C,C,A,A,H,-,A,D,0,,,,,Y,,D,22,0,0,3,0,0,0,0,0,0,"- ","- ",38.554439544677734,-121.68765258789062,YOLO,DAVIS,-121.68763732910156,38.554393768310547
91677361,2021,2022-01-13,9280,2021-12-31,2135,021277,,5,2,9,5700,0,3,5,,2,002,"COUNTY ROAD 22","COUNTY ROAD 95",1150.00,E,N,A,-,N,,,,,,,,,,Y,3,0,1,1,A,-,01,23152,A,N,E,I,A,A,H,-,D,D,0,,,,,Y,Y,A,01,0,1,0,0,0,0,0,0,0,"- ","- ",38.678001403808594,-121.85401153564453,YOLO,UNINCORPORATED,-121.85452270507812,38.677669525146484
9346590,2021,2021-11-03,5703,2021-09-26,0157,2622,32,7,5,4,5703,0,0,0,,0,003,"ELM ST","PENDEGAST ST",163.00,N,N,A,-,N,,,,,,,,,,N,3,0,1,2,A,-,01,23152,A,N,B,E,A,A,H,-,C,D,0,,,Y,,Y,Y,C,02,0,1,0,0,0,0,0,0,1,"- ","- ",36.670219421386719,-121.77713775634766,YOLO,WOODLAND,-121.77711486816406,38.670658111572266
91568744,2021,2021-12-28,9280,2021-07-30,2318,019720,,5,3,4,5704,0,1,1,,2,010,"I-80 E/B","REED AVENUE UNDERCROSSING",1664.00,W,N,A,-,Y,,,80,,,,,,E,Y,2,0,3,6,A,-,01,23153,F,N,C,C,A,A,D,-,C,D,0,,,,,Y,,E,22,1,1,1,0,0,0,0,0,0,"- ","- ",38.585700988769531,-121.55634307861328,YOLO,"WEST SACRAMENTO",-121.55628204345703,38.585659027099609
9241617,2021,2021-04-14,5703,2021-02-26,1618,2070,J17B,5,5,4,5703,0,0,0,,0,002,"COUNTY ROAD 98","W BEAMER ST",0.00,,Y,A,-,,,,,,,,,,,Y,2,0,2,2,A,-,05,21650,,N,A,C,A,A,H,-,A,D,0,,,,,Y,,A,01,1,0,1,0,0,0,0,0,0,"- ","- ",38.684921264648438,-121.80243682861328,YOLO,WOODLAND,-121.80252075195312,38.684906005859375
9293655,2021,2021-08-20,5704,2021-07-15,0443,06197,,4,5,4,5704,0,0,0,,0,002,"TOWER BRIDGE GATEWAY","7TH ST",0.00,,Y,A,-,N,,,,,,,,,,Y,3,0,1,2,A,-,05,21650,,N,E,I,A,A,H,-,C,D,0,,,,,Y,,D,22,0,1,0,0,0,0,0,0,0,"- ","- ",38.581760406494141,-121.51660919189453,YOLO,"WEST SACRAMENTO",,
9265988,2021,2021-05-27,5704,2021-05-17,1255,00165,,1,5,4,5704,0,0,0,,0,002,"5TH ST","MILL ST",0.00,,Y,A,-,N,,,,,,,,,,Y,4,0,1,2,A,-,08,22107,,N,D,C,A,A,H,-,A,D,0,,,,,Y,,A,07,0,0,1,0,0,0,0,0,0,"- ","- ",38.574939727783203,-121.51798248291016,YOLO,"WEST SACRAMENTO",-123.00031280517578,38.503791809082031
9282638,2021,2021-07-16,5701,2021-06-02,1958,234,2,3,5,5,5701,0,0,0,,0,001,"RADCLIFFE DR","ORANGE LN",36.00,W,N,A,-,N,,,,,,,,,,Y,3,0,1,4,A,-,08,22107,,N,D,C,A,A,H,-,A,D,0,,,,,Y,,A,01,0,1,0,0,0,0,0,0,0,"- ","- ",,,YOLO,DAVIS,-121.75959777832031,38.558078765869141
9366127,2021,2021-11-24,5701,2021-11-06,1315,231,5,6,5,5,5701,0,0,0,,0,002,"5TH ST","J ST",0.00,,Y,B,-,N,,,,,,,,,,Y,4,0,1,2,A,-,09,21802,A,N,D,C,A,B,H,-,A,A,0,,,,,Y,,A,01,0,0,1,0,0,0,0,0,0,"- ","- ",38.548080444335938,-121.73663330078125,YOLO,DAVIS,-121.73662567138672,38.548080444335938
9386706,2021,2022-01-12,5704,2021-12-13,1318,00165,,1,5,4,5704,0,0,0,,0,002,"JEFFERSON BL","STONE BL",150.00,N,N,B,C,N,,,,,,,,,,N,4,0,1,1,A,-,05,21650,,N,E,I,A,B,F,-,A,D,0,,,,,Y,,A,01,0,0,1,0,0,0,0,0,0,"- ","- ",,,YOLO,"WEST SACRAMENTO",-121.52761840820312,38.563438415527344
91466341,2021,2021-07-16,9280,2021-04-27,0740,013927,,2,1,9,5700,0,3,5,,2,003,"COUNTY ROAD 14",I-505,382.00,W,N,A,-,Y,,,,,,,,,,Y,3,0,1,1,A,-,08,22107,,N,F,A,A,A,H,-,A,D,0,,,,,Y,,A,01,0,1,0,0,0,0,0,0,0,"- ","- ",38.776870727539062,-121.94744110107422,YOLO,UNINCORPORATED,-121.94664764404297,38.77716064453125
9362690,2021,2021-12-03,5701,2021-10-22,1616,226,2,5,5,5,5701,0,0,0,,0,001,"RUSSELL BL","ANDERSON RD",0.00,,Y,A,-,N,,,,,,,,,,N,3,0,1,2,D,-,00,,,F,H,G,A,A,H,-,A,D,0,,Y,,,Y,,-,"- ",0,1,0,0,0,0,1,0,0,"- ","- ",38.546749114990234,-121.76148223876953,YOLO,DAVIS,-121.75875854492188,38.546405792236328
91454024,2021,2021-04-20,9280,2021-04-12,0920,013927,,1,1,9,5700,0,3,5,,2,003,"COUNTY ROAD 85B","COUNTY ROAD 21A",0.00,,Y,A,-,N,,,,,,,,,,Y,3,0,2,2,A,-,09,21801,A,N,D,C,A,A,H,-,A,D,0,,,,,Y,,A,07,0,2,0,0,0,0,0,0,0,"- ","- ",38.692100524902344,-122.03910064697266,YOLO,UNINCORPORATED,-122.03916168212891,38.692150115966797
91503218,2021,2021-06-22,9280,2021-06-12,1730,019478,,6,2,5,5701,0,1,1,,2,010,"I-80 EB","POLE LINE RD",750.00,E,N,A,-,Y,,,80,,,,,,E,N,3,0,2,3,A,-,03,22350,,N,C,C,A,A,H,-,A,A,0,,,,,Y,,A,07,0,1,1,0,0,0,0,0,0,"- ","- ",38.546340942382812,-121.72319793701172,YOLO,DAVIS,-121.72319793701172,38.546321868896484
91584289,2021,2021-10-01,9280,2021-09-18,1435,018874,,6,2,4,5704,0,1,1,,2,010,"I-80 W/B","REED AVE",2215.00,W,N,A,-,Y,,,80,,,,,,W,Y,4,0,4,5,A,-,03,22350,,N,C,C,A,A,H,-,A,D,0,,,,,Y,,A,08,0,0,4,0,0,0,0,0,0,"- ","- ",38.586341857910156,-121.55613708496094,YOLO,"WEST SACRAMENTO",-121.55618286132812,38.586368560791016
9265989,2021,2021-05-27,5704,2021-05-12,1457,06015,,3,5,4,5704,0,0,0,,0,001,"SACRAMENTO AV","DOUGLAS ST",260.00,W,N,A,-,N,,,,,,,,,,Y,3,0,1,1,A,-,08,22107,,N,E,I,A,A,H,-,A,D,0,,,,,Y,,A,07,0,1,0,0,0,0,0,0,0,"- ","- ",38.588821411132812,-121.52068328857422,YOLO,"WEST SACRAMENTO",-121.5216064453125,38.588890075683594
91387524,2021,2021-05-27,9280,2021-01-06,1732,016144,,3,2,9,5700,0,1,3,,2,022,"SR-113 S/B","HUTCHISON DR",500.00,S,N,B,-,Y,,,113,,,,,,S,Y,3,0,1,1,A,-,08,22107,,N,E,I,A,A,H,-,D,D,0,,,,,Y,,A,01,0,1,0,0,0,0,0,0,0,"- ","- ",38.535331726074219,-121.76853179931641,YOLO,UNINCORPORATED,-121.76863098144531,38.535331726074219
91419728,2021,2021-03-03,9280,2021-02-28,0440,019986,,7,3,9,5700,0,2,4,,2,025,"COUNTY ROAD 98","COUNTY ROAD 29",2782.00,N,N,A,-,N,,,,,,,,,,Y,3,0,2,1,A,-,01,23152,A,N,E,I,A,A,H,-,D,D,0,,,,,Y,Y,A,01,0,1,1,0,0,0,0,0,0,"- ","- ",38.597511291503906,-121.80319976806641,YOLO,UNINCORPORATED,-121.80309295654297,38.597560882568359
91486723,2021,2021-06-01,9280,2021-05-20,1345,017874,,4,1,9,5700,0,3,5,,2,003,"COUNTY ROAD 29","COUNTY ROAD 89",4277.00,W,N,A,-,N,,,,,,,,,,Y,2,0,1,1,A,-,01,23152,F,N,F,A,A,A,H,-,A,D,0,,,,,Y,,A,07,1,0,0,0,0,0,0,0,0,"- ","- ",38.591518402099609,-121.98674011230469,YOLO,UNINCORPORATED,-121.98637390136719,38.591499328613281
9259991,2021,2021-05-20,5704,2021-05-06,0152,06698,,4,5,4,5704,0,0,0,,0,001,"CUMMINS WY","6TH ST",0.00,,Y,A,-,N,,,,,,,,,,Y,3,0,2,1,A,-,03,22350,,N,E,I,A,-,H,-,C,D,0,,,,,Y,,A,01,0,2,0,0,0,0,0,0,0,"- ","- ",38.592948913574219,-121.51339721679688,YOLO,"WEST SACRAMENTO",-121.51339721679688,38.592899322509766
9365616,2021,2021-12-15,5703,2021-11-11,2235,2858,22,4,5,4,5703,0,0,0,,0,002,"BEAMER ST","4TH ST",23.00,W,N,A,-,N,,,,,,,,,,N,3,0,1,1,A,-,01,23152,A,N,E,I,A,A,H,-,D,D,0,,,,,Y,Y,A,01,0,1,0,0,0,0,0,0,0,"- ","- ",,,YOLO,WOODLAND,-121.76937103271484,38.684669494628906
9265990,2021,2021-05-27,5704,2021-05-15,1451,06012,,6,5,4,5704,0,0,0,,0,002,"WEST CAPITOL AV","POPLAR AV",0.00,,Y,A,-,N,,,,,,,,,,Y,3,0,1,2,A,-,11,21456,A,N,G,B,B,A,H,-,A,A,0,Y,,,,Y,,N,60,0,1,0,0,1,0,0,0,0,"- ","- ",38.580089569091797,-121.53389739990234,YOLO,"WEST SACRAMENTO",-121.53398132324219,38.580066680908203
9361384,2021,2021-12-21,5704,2021-11-03,1330,06698,,3,5,4,5704,0,0,0,,0,003,"LAKE WASHINGTON BL","SOUTHPORT PKWY",0.00,,Y,A,-,N,,,,,,,,,,N,4,0,1,2,A,-,08,22100,B,N,B,C,A,A,H,-,A,A,0,,,,Y,Y,,A,01,0,0,1,0,0,0,0,0,0,"- ","- ",38.556400299072266,-121.54060363769531,YOLO,"WEST SACRAMENTO",-121.54061126708984,38.556388854980469
91439308,2021,2021-05-27,9280,2021-03-23,0635,019094,,2,1,4,5704,0,1,1,,2,010,"I-80 W/B","US-50 INTERCHANGE",1901.00,W,N,A,-,Y,,,80,,,,,,W,N,4,0,1,3,A,-,03,22350,,M,C,C,A,A,H,-,B,D,0,,,,,Y,,A,01,0,0,1,0,0,0,0,0,0,"- ","- ",38.575401306152344,-121.5709228515625,YOLO,"WEST SACRAMENTO",-121.57091522216797,38.575386047363281
9279465,2021,2021-06-17,5701,2021-05-17,0814,232,9,1,5,5,5701,0,0,0,,0,004,"LILLARD DR","DRUMMOND AV",0.00,,Y,A,-,N,,,,,,,,,,N,3,0,1,2,A,-,08,22107,,N,D,G,A,A,H,-,A,A,0,,Y,,,Y,,A,01,0,1,0,0,0,0,1,0,0,"- ","- ",38.543418884277344,-121.71347808837891,YOLO,DAVIS,-121.71340179443359,38.543426513671875
91461283,2021,2021-05-27,9280,2021-04-22,0520,013927,,4,3,9,5700,0,1,1,,2,030,"I-5 (S/B)","COUNTY ROAD 95",2112.00,N,N,A,-,Y,,,5,,,,,,,N,3,0,1,1,A,-,08,22107,,N,E,I,A,A,H,-,D,D,0,,,,,Y,,A,01,0,1,0,0,0,0,0,0,0,"- ","- ",38.780250549316406,-121.86372375488281,YOLO,UNINCORPORATED,-121.86359405517578,38.780353546142578
91499347,2021,2021-06-17,9280,2021-06-07,2025,017351,,1,2,4,5703,0,1,3,,2,022,"STATE ROUTE 113 S/B FROM MAIN STREET","MAIN STREET",103.00,S,N,A,-,Y,,,113,,,,R,,S,Y,4,0,1,1,A,-,01,23152,A,N,F,A,A,A,H,-,C,D,0,,,Y,,Y,Y,C,02,0,0,1,0,0,0,0,0,1,"- ","- ",38.676811218261719,-121.75302124023438,YOLO,WOODLAND,-121.75302124023438,38.676811218261719
91508185,2021,2021-06-28,9280,2021-06-17,0823,015534,,4,1,4,5704,0,1,2,,2,011,"US-50 W/B","HARBOR BLVD",3168.00,W,N,A,-,Y,,,50,,,,,,W,Y,4,0,1,3,A,-,03,22350,,N,C,C,A,A,H,-,A,D,0,,,,,Y,,A,01,0,0,1,0,0,0,0,0,0,"- ","- ",38.575130462646484,-121.55165863037109,YOLO,"WEST SACRAMENTO",-121.55165863037109,38.575138092041016
91512263,2021,2021-07-02,9280,2021-06-25,1225,019094,,5,1,9,5700,0,1,1,,2,020,"I-5 N/B","OLD RIVER RD. U/C",3379.00,N,N,A,-,Y,,,5,,,,,,N,Y,4,0,1,1,A,-,08,22107,,N,E,I,A,A,H,-,A,D,0,,,,Y,Y,,G,25,0,0,1,0,0,0,0,0,0,"- ","- ",38.673480987548828,-121.64180755615234,YOLO,UNINCORPORATED,-121.64180755615234,38.673484802246094
9376882,2021,2022-01-05,5703,2021-12-01,1256,2070,,3,5,4,5703,0,0,0,,0,003,"COTTONWOOD ST","WEST CROSS ST",0.00,,Y,A,-,N,,,,,,,,,,Y,4,0,1,2,A,-,12,21453,A,N,D,C,A,A,H,-,A,A,0,,,,,Y,,A,01,0,0,1,0,0,0,0,0,0,"- ","- ",,,YOLO,WOODLAND,-121.79332733154297,38.672161102294922
91401802,2021,2021-05-27,9280,2021-01-29,1800,019478,,5,2,9,5700,0,1,1,,2,010,"I-80 WB","COUNTY ROAD 32A",5280.00,E,N,B,-,Y,,,80,,,,,,W,Y,2,0,3,2,A,-,03,22350,,N,C,C,A,A,H,-,D,A,0,,,,,Y,,D,22,1,2,0,0,0,0,0,0,0,"- ","- ",38.566158294677734,-121.62348937988281,YOLO,UNINCORPORATED,-121.62350463867188,38.566226959228516
9336365,2021,2021-10-20,5701,2021-09-05,0930,231,5,7,5,5,5701,0,0,0,,0,002,"EAST COVELL BL","J ST",100.00,E,N,A,-,N,,,,,,,,,,N,3,0,1,2,A,-,08,22107,,N,H,G,A,A,H,-,A,A,0,,Y,,,Y,,A,08,0,1,0,0,0,0,1,0,0,"- ","- ",38.560680389404297,-121.73860168457031,YOLO,DAVIS,-121.73824310302734,38.560550689697266
9313102,2021,2021-10-13,5701,2021-08-03,0950,127,8,2,5,5,5701,0,0,0,,0,004,"COWELL BL","RESEARCH PARK DR",0.00,,Y,A,-,N,,,,,,,,,,Y,4,0,2,2,A,-,09,21801,A,N,B,C,A,A,H,-,A,A,0,,,,,Y,,A,01,0,0,2,0,0,0,0,0,0,"- ","- ",38.544761657714844,-121.72206878662109,YOLO,DAVIS,-121.73139190673828,38.539962768554688
91454940,2021,2021-05-27,9280,2021-04-15,1300,015128,,4,1,9,5700,0,2,4,,2,025,"COUNTY ROAD 98","HUTCHISON DRIVE",0.00,,Y,A,-,N,,,,,,,,,,Y,4,0,1,2,A,-,09,21804,A,N,D,C,A,A,H,-,A,A,0,,,,,Y,,D,22,0,0,1,0,0,0,0,0,0,"- ","- ",38.539741516113281,-121.80326843261719,YOLO,UNINCORPORATED,-121.80329895019531,38.539783477783203
91644214,2021,2021-12-06,9280,2021-11-23,0610,015128,,2,1,4,5703,0,1,1,,2,020,"I-5 S/B",CR-102,2112.00,S,N,E,-,Y,,,5,,,,,,S,N,2,0,1,2,A,-,11,21954,A,N,G,B,E,A,H,-,D,D,0,Y,,,,Y,,N,60,1,0,0,0,1,0,0,0,0,"- ","- ",38.673629760742188,-121.72017669677734,YOLO,WOODLAND,-121.72017669677734,38.673629760742188
9287960,2021,2021-08-10,5701,2021-06-14,1824,79,5,1,5,5,5701,0,0,0,,0,002,"E 8TH ST","CHESTNUT LN",0.00,,Y,A,-,N,,,,,,,,,,N,3,0,1,2,A,-,12,22450,A,N,H,G,A,A,H,-,A,A,0,,Y,,,Y,,L,04,0,1,0,0,0,0,1,0,0,"- ","- ",38.553409576416016,-121.73085784912109,YOLO,DAVIS,-121.73086547851562,38.553424835205078
9351397,2021,2021-11-17,5701,2021-10-08,1150,226,1,5,5,5,5701,0,0,0,,0,001,"LAKE BL","COVELL BL",43.00,S,N,A,-,N,,,,,,,,,,Y,4,0,1,1,D,-,00,,,N,E,J,A,A,H,-,A,A,0,,,,,Y,,-,"- ",0,0,1,0,0,0,0,0,0,"- ","- ",38.561088562011719,-121.78614807128906,YOLO,DAVIS,-121.78615570068359,38.561012268066406
91576605,2021,2021-09-22,9280,2021-09-14,1237,017964,,2,1,9,5700,0,1,1,,2,010,"I-80 E/B","MACE BOULEVARD",3696.00,E,N,A,-,Y,,,80,,,,,,E,N,4,0,1,4,A,-,17,23114,A,N,H,C,A,A,H,-,A,A,0,,,,Y,Y,,G,25,0,0,1,0,0,0,0,0,0,"- ","- ",38.555629730224609,-121.68183898925781,YOLO,UNINCORPORATED,-121.68185424804688,38.555706024169922
91645161,2021,2021-12-07,9280,2021-11-27,1540,019377,,6,2,4,5704,0,1,1,,2,010,"I-80 W/B","W. CAPITOL AVENUE",547.00,E,N,A,-,Y,,,80,,,,,,W,Y,3,0,2,3,A,-,08,22107,,N,C,C,A,A,H,-,A,D,0,,,,,Y,,D,22,0,2,0,0,0,0,0,0,0,"- ","- ",38.579948425292969,-121.560546875,YOLO,"WEST SACRAMENTO",-121.56053161621094,38.579936981201172
9271826,2021,2021-06-11,5704,2021-05-19,1718,06700,,3,5,4,5704,0,0,0,,0,001,"SACRAMENTO AV","KEGLE DR",616.00,E,N,A,-,N,,,,,,,,,,N,4,0,2,2,A,-,09,21801,A,N,D,C,A,A,H,-,A,D,0,,,,,Y,,A,01,0,0,2,0,0,0,0,0,0,"- ","- ",38.589519500732422,-121.52683258056641,YOLO,"WEST SACRAMENTO",-121.52466583251953,38.589260101318359
9376889,2021,2021-12-15,5701,2021-11-19,1510,239,8,5,5,5,5701,0,0,0,,0,004,"OLIVE DR","RICHARDS BL",28.00,W,N,B,-,N,,,,,,,,,,N,3,0,1,2,A,-,08,22107,,N,B,C,A,A,H,-,A,A,0,,,,,Y,,A,01,0,1,0,0,0,0,0,0,0,"- ","- ",38.540809631347656,-121.73863220214844,YOLO,DAVIS,-121.73865509033203,38.540752410888672