CASE_ID,ACCIDENT_YEAR,PROC_DATE,JURIS,COLLISION_DATE,COLLISION_TIME,OFFICER_ID,REPORTING_DISTRICT,DAY_OF_WEEK,CHP_SHIFT,POPULATION,CNTY_CITY_LOC,SPECIAL_COND,BEAT_TYPE,CHP_BEAT_TYPE,CITY_DIVISION_LAPD,CHP_BEAT_CLASS,BEAT_NUMBER,PRIMARY_RD,SECONDARY_RD,DISTANCE,DIRECTION,INTERSECTION,WEATHER_1,WEATHER_2,STATE_HWY_IND,CALTRANS_COUNTY,CALTRANS_DISTRICT,STATE_ROUTE,ROUTE_SUFFIX,POSTMILE_PREFIX,POSTMILE,LOCATION_TYPE,RAMP_INTERSECTION,SIDE_OF_HWY,TOW_AWAY,COLLISION_SEVERITY,NUMBER_KILLED,NUMBER_INJURED,PARTY_COUNT,PRIMARY_COLL_FACTOR,PCF_CODE_OF_VIOL,PCF_VIOL_CATEGORY,PCF_VIOLATION,PCF_VIOL_SUBSECTION,HIT_AND_RUN,TYPE_OF_COLLISION,MVIW,PED_ACTION,ROAD_SURFACE,ROAD_COND_1,ROAD_COND_2,LIGHTING,CONTROL_DEVICE,CHP_ROAD_TYPE,PEDESTRIAN_ACCIDENT,BICYCLE_ACCIDENT,MOTORCYCLE_ACCIDENT,TRUCK_ACCIDENT,NOT_PRIVATE_PROPERTY,ALCOHOL_INVOLVED,STWD_VEHTYPE_AT_FAULT,CHP_VEHTYPE_AT_FAULT,COUNT_SEVERE_INJ,COUNT_VISIBLE_INJ,COUNT_COMPLAINT_PAIN,COUNT_PED_KILLED,COUNT_PED_INJURED,COUNT_BICYCLIST_KILLED,COUNT_BICYCLIST_INJURED,COUNT_MC_KILLED,COUNT_MC_INJURED,PRIMARY_RAMP,SECONDARY_RAMP,LATITUDE,LONGITUDE,COUNTY,CITY,POINT_X,POINT_Y
91464439,2021,2021-05-03,9252,2021-04-22,2130,019645,,4,2,4,5704,0,1,S,,2,011,"US-50 E/B","S. RIVER RD.",1056.00,E,N,A,-,Y,,,50,,,,,,E,Y,4,0,2,2,A,-,03,22350,,N,C,C,A,A,H,-,D,D,0,,,,,Y,,A,01,0,0,2,0,0,0,0,0,0,"- ","- ",38.571491241455078,-121.51624298095703,YOLO,"WEST SACRAMENTO",-121.51624298095703,38.571491241455078
9242679,2021,2021-04-13,5704,2021-03-25,0850,00166,,4,5,4,5704,0,0,0,,0,002,"JEFFERSON BL","WEST CAPITOL AV",0.00,,Y,A,-,N,,,,,,,,,,Y,4,0,1,2,A,-,12,21453,A,N,D,C,A,A,H,-,A,A,0,,,,,Y,,A,01,0,0,1,0,0,0,0,0,0,"- ","- ",38.580661773681641,-121.52651977539062,YOLO,"WEST SACRAMENTO",-121.52664947509766,38.580722808837891
91472775,2021,2021-05-27,9280,2021-05-07,1646,019986,,5,2,4,5703,0,1,1,,2,020,"I-5 NORTHBOUND","N. EAST STREET",1887.00,S,N,A,-,Y,,,5,,,,,,N,Y,3,0,1,2,A,-,07,21658,A,F,F,A,A,A,H,-,A,D,0,,,,,Y,,-,99,0,1,0,0,0,0,0,0,0,"- ","- ",38.694221496582031,-121.75929260253906,YOLO,WOODLAND,-121.75930786132812,38.694194793701172
91508978,2021,2021-06-29,9280,2021-06-19,0945,019094,,6,1,5,5701,0,1,1,,2,010,"I-80 E/B","MACE BLVD O/C",1267.00,E,N,A,-,Y,,,80,,,,,,E,N,4,0,2,2,A,-,08,22107,,N,B,C,A,A,H,-,A,D,0,,,,Y,Y,,A,07,0,0,2,0,0,0,0,0,0,"- ","- ",38.553779602050781,-121.6900634765625,YOLO,DAVIS,-121.69005584716797,38.55377197265625
91551802,2021,2021-08-23,9280,2021-08-13,1750,018205,,5,2,4,5704,0,1,1,,2,010,"INTERSTATE 80 W/B","REED AVE",3170.00,W,N,A,-,Y,,,80,,,,,,W,Y,2,0,3,6,A,-,03,22350,,N,C,C,A,A,H,-,A,D,0,,,,,Y,,A,07,1,0,2,0,0,0,0,0,0,"- ","- ",38.584201812744141,-121.55758666992188,YOLO,"WEST SACRAMENTO",-121.5576171875,38.584217071533203
91577668,2021,2021-09-23,9280,2021-09-13,0115,019644,,1,3,9,5700,0,1,1,,2,030,"I-5 N/B","COUNTY RD 11",1056.00,N,N,A,-,Y,,,5,,,,,,N,Y,3,0,1,1,A,-,08,22107,,N,E,J,A,A,H,-,D,D,0,,,,,Y,,A,01,0,1,0,0,0,0,0,0,0,"- ","- ",38.826850891113281,-121.91162109375,YOLO,UNINCORPORATED,-121.91179656982422,38.826663970947266
91628516,2021,2021-11-19,9280,2021-11-05,2500,020830,,5,4,9,5700,0,2,4,,1,021,"COUNTY ROAD 100A","COUNTY ROAD 29",40.00,N,N,A,-,N,,,,,,,,,,N,2,0,1,1,A,-,08,22107,,N,F,A,A,A,H,-,D,D,0,,Y,,,Y,,L,04,1,0,0,0,0,0,1,0,0,"- ","- ",38.590358734130859,-121.76371765136719,YOLO,UNINCORPORATED,-121.76345062255859,38.590309143066406
9238106,2021,2021-03-26,5704,2021-02-28,1956,06092,,7,5,4,5704,0,0,0,,0,002,"POPLAR AV","MICHIGAN BL",138.00,S,N,A,-,N,,,,,,,,,,Y,3,0,1,3,A,-,01,23152,A,M,C,E,A,A,H,-,D,D,0,,,,,Y,Y,A,01,0,1,0,0,0,0,0,0,0,"- ","- ",38.583530426025391,-121.53450012207031,YOLO,"WEST SACRAMENTO",-121.53451538085938,38.583198547363281
91654549,2021,2021-12-16,9280,2021-12-11,1525,019377,,6,2,9,5700,0,3,5,,2,002,"OLD RIVER RD",CR-118,18.00,S,N,A,-,N,,,,,,,,,,Y,3,0,2,2,A,-,03,22350,,N,C,C,A,A,H,-,A,D,0,,,,,Y,,A,01,0,2,0,0,0,0,0,0,0,"- ","- ",38.673030853271484,-121.62847137451172,YOLO,UNINCORPORATED,-121.62841796875,38.672966003417969
9263924,2021,2021-05-27,5704,2021-04-23,1700,06012,,5,5,4,5704,0,0,0,,0,002,"TERMINAL ST","PORT ST",0.00,,Y,A,-,N,,,,,,,,,,N,3,0,1,2,A,-,08,22107,,N,C,E,A,A,H,-,A,D,0,,,,,Y,,A,01,0,1,0,0,0,0,0,0,0,"- ","- ",38.572669982910156,-121.54126739501953,YOLO,"WEST SACRAMENTO",-121.54135131835938,38.5726318359375
9299707,2021,2021-09-13,5703,2021-07-30,1706,2090,31,5,5,4,5703,0,0,0,,0,001,"EAST MAIN ST","RT 113",20.00,W,N,A,-,N,,,,,,,,,,N,4,0,2,2,A,-,03,22350,,N,C,C,A,A,H,-,A,A,0,,,,,Y,,A,01,0,0,2,0,0,0,0,0,0,"- ","- ",38.677268981933594,-121.74952697753906,YOLO,WOODLAND,-121.75117492675781,38.677227020263672
91410064,2021,2021-05-27,9280,2021-02-11,1820,019644,,4,2,5,5701,0,1,1,,2,010,"I-80 E/B","MACE BLVD OVERCROSSING",1056.00,W,N,B,C,Y,,,80,,,,,,E,Y,3,0,3,2,A,-,03,22350,,N,C,C,A,B,H,-,C,D,0,,,,,Y,,A,07,0,1,2,0,0,0,0,0,0,"- ","- ",38.551761627197266,-121.69936370849609,YOLO,DAVIS,-121.69935607910156,38.551727294921875
91487857,2021,2021-06-02,9280,2021-05-24,0905,013927,,1,1,9,5700,0,2,4,,2,025,"COUNTY ROAD 25A","COUNTY ROAD 98",0.00,,Y,A,-,N,,,,,,,,,,Y,3,0,1,2,A,-,09,21802,A,N,D,C,A,A,H,-,A,A,0,,,,Y,Y,,F,26,0,1,0,0,0,0,0,0,0,"- ","- ",38.641441345214844,-121.80255889892578,YOLO,UNINCORPORATED,-121.80270385742188,38.641410827636719
91526340,2021,2021-07-22,9280,2021-07-14,0653,017964,,3,1,4,5704,0,1,1,,2,010,"I-80 E/B","ENTERPRISE BLVD",300.00,E,N,A,-,Y,,,80,,,,,,E,Y,4,0,2,3,A,-,03,22350,,N,B,C,A,A,H,-,A,A,0,,,,,Y,,A,01,0,0,2,0,0,0,0,0,0,"- ","- ",38.57440185546875,-121.57630157470703,YOLO,"WEST SACRAMENTO",-121.5762939453125,38.574363708496094
91568408,2021,2021-09-13,9280,2021-08-31,2125,019986,,2,2,9,5700,0,2,4,,2,025,CR-98,CR-27,0.00,,Y,A,-,N,,,,,,,,,,Y,2,0,1,2,A,-,01,23152,A,M,D,C,A,A,H,-,D,A,0,,,,Y,Y,Y,A,01,1,0,0,0,0,0,0,0,0,"- ","- ",38.619640350341797,-121.80291748046875,YOLO,UNINCORPORATED,-121.80288696289062,38.619621276855469
9376884,2021,2021-12-15,5703,2021-11-29,0130,2140,32,1,5,4,5703,0,0,0,,0,003,"PENDEGAST ST","CLEVELAND ST",30.00,E,N,A,-,N,,,,,,,,,,N,4,0,1,2,A,-,07,21658,A,N,C,E,A,A,H,-,C,D,0,,,,,Y,Y,A,01,0,0,1,0,0,0,0,0,0,"- ","- ",38.670219421386719,-121.77947998046875,YOLO,WOODLAND,-121.77935791015625,38.670219421386719
91405263,2021,2021-05-27,9280,2021-02-03,1340,017963,,3,1,9,5700,0,1,3,,2,034,"STATE ROUTE 16",I-505,1320.00,E,N,A,B,Y,,,16,,,,,,,Y,4,0,2,2,A,-,09,21801,A,N,D,C,A,A,H,-,A,D,0,,,,,Y,,A,07,0,0,2,0,0,0,0,0,0,"- ","- ",38.678970336914062,-121.94747924804688,YOLO,UNINCORPORATED,-121.94747924804688,38.678977966308594
9241934,2021,2021-04-15,5704,2021-03-19,2014,06699,,5,5,4,5704,0,0,0,,0,002,"JEFFERSON BL","MERKLEY AV",0.00,,Y,A,-,N,,,,,,,,,,N,3,0,1,2,A,-,17,21451,A,N,D,G,A,A,H,-,D,A,0,,Y,,,Y,,A,01,0,1,0,0,0,0,1,0,0,"- ","- ",38.579311370849609,-121.52596282958984,YOLO,"WEST SACRAMENTO",-121.52608489990234,38.579311370849609
9268169,2021,2021-05-27,5703,2021-05-16,0304,2054,83,7,5,4,5703,0,0,0,,0,001,"E BEAMER ST","COUNTY ROAD 102",40.00,E,N,A,-,N,,,,,,,,,,Y,3,0,1,1,A,-,01,23152,A,N,E,I,A,A,H,-,C,D,0,,,,,Y,Y,A,01,0,1,0,0,0,0,0,0,0,"- ","- ",38.684501647949219,-121.72841644287109,YOLO,WOODLAND,-121.72824859619141,38.684471130371094
9298704,2021,2021-08-12,5704,2021-07-27,1911,06072,,2,5,4,5704,0,0,0,,0,003,"JEFFERSON BL","LOCKS DR",45.00,N,N,A,-,N,,,,,,,,,,N,4,0,1,2,A,-,03,22350,,N,C,C,A,A,H,-,A,A,0,,,,,Y,,A,01,0,0,1,0,0,0,0,0,0,"- ","- ",38.559638977050781,-121.52971649169922,YOLO,"WEST SACRAMENTO",-121.52954864501953,38.559810638427734
9298879,2021,2021-09-02,5704,2021-07-18,1231,06213,,7,5,4,5704,0,0,0,,0,002,"HARBOR BL","EVERGREEN AV",60.00,S,N,A,-,N,,,,,,,,,,Y,4,0,1,4,A,-,08,22107,,N,C,C,A,A,H,-,A,A,0,,,,Y,Y,,G,25,0,0,1,0,0,0,0,0,0,"- ","- ",38.576961517333984,-121.54866027832031,YOLO,"WEST SACRAMENTO",-121.5487060546875,38.576755523681641
91406835,2021,2021-05-27,9280,2021-01-31,0755,018316,,7,1,9,5700,0,3,5,,2,003,"COUNTY ROAD 31","COUNTY ROAD 95",2534.00,W,N,B,-,N,,,,,,,,,,Y,3,0,1,1,A,-,08,22107,,N,E,I,A,A,H,-,A,D,0,,,,,Y,,A,07,0,1,0,0,0,0,0,0,0,"- ","- ",38.561641693115234,-121.867919921875,YOLO,UNINCORPORATED,-121.86770629882812,38.561595916748047
91539044,2021,2021-08-06,9280,2021-07-30,1330,017964,,5,1,4,5704,0,1,1,,2,010,"I-80 W/B","REED AVE",500.00,W,N,A,-,Y,,,80,,,,,,W,N,4,0,1,2,A,-,03,22350,,N,C,C,A,A,H,-,A,A,0,,,,,Y,,A,01,0,0,1,0,0,0,0,0,0,"- ","- ",38.590450286865234,-121.55358123779297,YOLO,"WEST SACRAMENTO",-121.553466796875,38.590373992919922
91550096,2021,2021-08-20,9280,2021-08-13,1658,018157,,5,2,9,5700,0,1,1,,2,010,"I-80 W/B","REED AVENUE",150.00,W,N,A,-,Y,,,,,,,,,,Y,4,0,2,4,A,-,03,22350,,N,C,C,A,A,H,-,A,D,0,,,,,Y,,A,07,0,0,2,0,0,0,0,0,0,"- ","- ",38.592628479003906,-121.55185699462891,YOLO,UNINCORPORATED,-121.55266571044922,38.591575622558594
91643475,2021,2021-12-06,9280,2021-11-24,1315,019564,,3,1,4,5703,0,1,1,,2,020,"I-5 S/B FROM COUNTY ROAD 102","COUNTY ROAD 102",550.00,S,N,A,-,Y,,,5,,,,R,,S,Y,4,0,1,2,A,-,03,22350,,N,C,C,A,A,H,-,A,A,0,,,,,Y,,A,07,0,0,1,0,0,0,0,0,0,"- ","- ",38.673458099365234,-121.72585296630859,YOLO,WOODLAND,-121.72585296630859,38.673458099365234
9217779,2021,2021-03-10,5701,2021-01-31,1853,72,4,7,5,5,5701,0,0,0,,0,002,"5TH ST","D ST",0.00,,Y,A,-,N,,,,,,,,,,Y,3,0,2,2,A,-,03,22350,,N,D,C,A,A,H,-,C,D,0,,,,,Y,,A,01,0,2,0,0,0,0,0,0,0,"- ","- ",38.546920776367188,-121.74324798583984,YOLO,DAVIS,-121.74324035644531,38.546947479248047
9363522,2021,2021-11-24,5703,2021-11-06,2005,2812,62,6,5,4,5703,0,0,0,,0,002,"COTTONWOOD ST","W COURT ST",0.00,,Y,A,-,N,,,,,,,,,,Y,4,0,1,2,A,-,12,21453,A,N,D,C,A,A,H,-,C,A,0,,,,,Y,,A,01,0,0,1,0,0,0,0,0,0,"- ","- ",38.678939819335938,-121.79331207275391,YOLO,WOODLAND,-121.79325103759766,38.678932189941406
9369734,2021,2022-01-05,5701,2021-12-06,0829,226,2,1,5,5,5701,0,0,0,,0,001,"SYCAMORE LN","BUCKNELLL DR",79.00,N,N,A,-,N,,,,,,,,,,N,3,0,1,2,D,-,00,,,N,C,C,A,A,H,-,A,D,0,,,,,Y,,-,"- ",0,1,0,0,0,0,0,0,0,"- ","- ",38.554428100585938,-121.76619720458984,YOLO,DAVIS,-121.76490783691406,38.555007934570312
91536714,2021,2021-08-04,9280,2021-07-26,0450,019644,,1,3,9,5700,0,1,1,,2,031,"I-505 S/B","COUNTY RD 29A",5808.00,N,N,A,-,Y,,,505,,,,,,S,Y,4,0,2,2,A,-,03,22350,,N,C,C,A,A,H,-,D,D,0,,,,,Y,,A,01,0,0,2,0,0,0,0,0,0,"- ","- ",38.601879119873047,-121.95352935791016,YOLO,UNINCORPORATED,-121.95346832275391,38.601879119873047
9237609,2021,2021-04-13,5704,2021-03-02,1448,06221,,2,5,4,5704,0,0,0,,0,002,"BEACON BL","HALYARD DR",370.00,W,N,A,-,N,,,,,,,,,,N,4,0,1,2,A,-,09,21801,A,N,D,C,A,A,H,-,A,D,0,,,,,Y,,A,01,0,0,1,0,0,0,0,0,0,"- ","- ",38.5718994140625,-121.55004119873047,YOLO,"WEST SACRAMENTO",-121.55132293701172,38.572208404541016
91569871,2021,2021-09-14,9280,2021-09-05,0545,015437,,7,3,9,5700,0,1,3,,2,034,SR-16,"ROAD 45",492.00,W,N,A,-,Y,,,16,,,,,,,Y,2,0,1,1,A,-,08,22107,,N,E,J,A,A,H,-,B,D,0,,,,,Y,,A,01,1,0,0,0,0,0,0,0,0,"- ","- ",38.845428466796875,-122.20417785644531,YOLO,UNINCORPORATED,-122.20423126220703,38.84539794921875
91593539,2021,2021-10-11,9280,2021-10-03,1310,017983,,7,1,4,5704,0,1,1,,2,010,"I-80 W/B","ENTERPRISE BLVD",1100.00,W,N,A,-,Y,,,80,,,,,,W,Y,4,0,2,2,A,-,03,22350,,M,C,C,A,A,H,-,A,D,0,,,,,Y,,-,99,0,0,2,0,0,0,0,0,0,"- ","- ",38.573738098144531,-121.58132934570312,YOLO,"WEST SACRAMENTO",-121.58134460449219,38.573799133300781
9344937,2021,2021-10-18,5704,2021-09-18,2309,06210,,6,5,4,5704,0,0,0,,0,001,"REED AV","OAK ST",255.00,W,N,B,-,N,,,,,,,,,,N,3,0,1,2,A,-,17,21208,B,F,D,G,A,A,H,-,D,B,0,,Y,,,Y,,L,04,0,1,0,0,0,0,1,0,0,"- ","- ",38.591419219970703,-121.54376220703125,YOLO,"WEST SACRAMENTO",-121.54472351074219,38.591472625732422
9251224,2021,2021-04-26,5704,2021-03-29,1245,06583,,1,5,4,5704,0,0,0,,0,001,"REED AV","NORTH HARBOR BL",125.00,E,N,A,-,N,,,,,,,,,,Y,4,0,1,4,A,-,03,22350,,N,C,C,A,A,H,-,A,A,0,,,,,Y,,A,08,0,0,1,0,0,0,0,0,0,"- ","- ",38.591510772705078,-121.54506683349609,YOLO,"WEST SACRAMENTO",-121.54477691650391,38.591609954833984
91604172,2021,2021-10-22,9280,2021-10-15,1852,019986,,5,2,9,5700,0,3,5,,2,002,CR-22,"COUNTY ROAD 103",4066.00,E,N,A,-,N,,,,,,,,,,N,4,0,1,3,A,-,03,22350,,N,C,C,A,A,H,-,D,D,0,,,,,Y,,D,22,0,0,1,0,0,0,0,0,0,"- ","- ",38.676799774169922,-121.69525909423828,YOLO,UNINCORPORATED,,
9342264,2021,2021-10-27,5704,2021-09-30,0812,06017,,4,5,4,5704,0,0,0,,0,002,"HARBOR BL","BEACON BL",0.00,,Y,A,-,N,,,,,,,,,,Y,4,0,1,2,A,-,07,21658,A,N,B,C,A,A,H,-,A,D,0,,,,Y,Y,,G,25,0,0,1,0,0,0,0,0,0,"- ","- ",38.571910858154297,-121.54859161376953,YOLO,"WEST SACRAMENTO",-121.54863739013672,38.571922302246094
91469092,2021,2021-05-27,9280,2021-04-30,1935,019377,,5,2,9,5700,0,1,3,,2,022,"SR-113 N/B TO COUNTY ROAD 29",CR-29,365.00,N,N,B,-,Y,,,113,,,,R,,N,N,3,0,1,1,A,-,03,22350,,N,F,A,A,A,H,-,A,D,0,,,Y,,Y,,C,02,0,1,0,0,0,0,0,0,1,"- ","- ",38.591121673583984,-121.76654815673828,YOLO,UNINCORPORATED,-121.76654815673828,38.591121673583984
91603754,2021,2021-10-22,9280,2021-10-15,1700,019377,,5,2,9,5700,0,1,1,,2,010,"I-80 E/B","ENTERPRISE BLVD.",7656.00,W,N,A,-,Y,,,80,,,,,,E,Y,4,0,1,2,A,-,07,21658,A,N,B,C,A,A,H,-,A,D,0,,,,,Y,,A,07,0,0,1,0,0,0,0,0,0,"- ","- ",38.56964111328125,-121.60378265380859,YOLO,UNINCORPORATED,-121.60377502441406,38.569610595703125
9307562,2021,2021-10-12,5703,2021-08-14,1810,2137,34,6,5,4,5703,0,0,0,,0,003,"GIBSON RD","COLLEGE ST",275.00,W,N,A,-,,,,,,,,,,,,4,0,1,2,A,-,08,22107,,N,D,C,A,A,H,-,A,D,0,,,,,Y,,A,01,0,0,1,0,0,0,0,0,0,"- ","- ",38.662891387939453,-121.77487945556641,YOLO,WOODLAND,-121.77586364746094,38.662925720214844
9336063,2021,2021-09-30,5703,2021-08-16,1542,2891,11,1,5,4,5703,0,0,0,,0,001,"EAST MAIN ST","THOMAS ST",0.00,,Y,A,-,N,,,,,,,,,,Y,3,0,2,3,A,-,01,23152,A,N,D,D,A,A,H,-,A,A,0,,,,,Y,Y,A,01,0,1,1,0,0,0,0,0,0,"- ","- ",38.677349090576172,-121.76068878173828,YOLO,WOODLAND,-121.76076507568359,38.677337646484375
91542549,2021,2021-08-19,9280,2021-08-01,2105,017351,,7,2,9,5700,0,3,5,,2,003,"COUNTY ROAD 87","COUNTY ROAD 19",3696.00,S,N,A,-,N,,,,,,,,,,Y,3,0,1,1,A,-,21,22106,,M,E,I,A,A,H,-,D,A,0,,,,,Y,,A,01,0,1,0,0,0,0,0,0,0,"- ","- ",38.723350524902344,-122.00823211669922,YOLO,UNINCORPORATED,-122.00823211669922,38.723636627197266
91577079,2021,2021-09-22,9280,2021-09-13,1645,016144,,1,2,9,5700,0,1,3,,2,034,SR-16,"COUNTY ROAD 97",0.00,,Y,A,-,Y,,,16,,,,,,,Y,3,0,2,2,A,-,09,21802,A,N,D,C,A,A,H,-,A,A,0,,,,,Y,,A,07,0,1,1,0,0,0,0,0,0,"- ","- ",38.677810668945312,-121.82106781005859,YOLO,UNINCORPORATED,-121.82106781005859,38.677780151367188
91628459,2021,2021-11-18,9280,2021-11-08,1115,013927,,1,1,9,5700,0,3,5,,2,003,"COUNTY ROAD 27","COUNTY ROAD 93",0.00,,Y,A,-,N,,,,,,,,,,N,3,0,1,2,A,-,03,22350,,N,C,C,A,A,H,-,A,D,0,,,,Y,Y,,G,25,0,1,0,0,0,0,0,0,0,"- ","- ",38.619800567626953,-121.89540100097656,YOLO,UNINCORPORATED,-121.89543914794922,38.619880676269531
9231978,2021,2021-04-30,5702,2021-04-09,1806,532,5702,5,5,2,5702,0,0,0,,0,,"EAST GRANT AV","RAILROAD AV",124.00,E,N,A,-,Y,YOL,3,128,-,-,8.790,H,-,W,N,4,0,1,2,A,-,08,22107,,N,D,G,A,A,H,-,A,A,0,,Y,,,Y,,L,04,0,0,1,0,0,0,1,0,0,"- ","- ",,,YOLO,WINTERS,-121.97053527832031,38.525100708007812
91480116,2021,2021-05-27,9280,2021-05-16,1905,017963,,7,2,4,5704,0,1,2,,2,011,"US-50 WESTBOUND","SACRAMENTO COUNTY LINE",150.00,W,N,A,-,Y,,,50,,,,,,W,Y,2,0,1,1,A,-,03,22350,,N,F,A,A,A,H,-,A,D,0,,,Y,,Y,,C,02,1,0,0,0,0,0,0,0,1,"- ","- ",38.571739196777344,-121.51615905761719,YOLO,"WEST SACRAMENTO",-121.51615905761719,38.571743011474609
91580495,2021,2021-09-27,9280,2021-09-18,0018,019986,,6,3,9,5700,0,1,1,,2,010,"I-80 W/B",CR-32A,6442.00,W,N,A,-,Y,,,80,,,,,,W,Y,2,0,1,1,A,-,01,23152,A,N,E,I,A,A,H,-,D,D,0,,,,,Y,Y,A,01,1,0,0,0,0,0,0,0,0,"- ","- ",38.559799194335938,-121.66085052490234,YOLO,UNINCORPORATED,-121.66085815429688,38.559871673583984
9258522,2021,2021-05-06,5701,2021-04-20,1250,127,5,2,5,5,5701,0,0,0,,0,002,"E 8TH ST","M ST",12.00,E,N,A,-,N,,,,,,,,,,N,3,0,1,2,A,-,08,22107,,N,H,G,A,A,H,-,A,D,0,,Y,,,Y,,L,04,0,1,0,0,0,0,1,0,0,"- ","- ",38.553379058837891,-121.73175048828125,YOLO,DAVIS,-121.73172760009766,38.553394317626953
91605285,2021,2021-10-25,9280,2021-10-17,1510,019377,,7,2,4,5704,0,1,1,,2,010,"I-80 W/B","W. CAPITOL AVENUE",135.00,E,N,B,-,Y,,,80,,,,,,W,N,4,0,1,2,A,-,03,22350,,N,C,C,A,A,H,-,A,D,0,,,,,Y,,D,22,0,0,1,0,0,0,0,0,0,"- ","- ",38.5789794921875,-121.56123352050781,YOLO,"WEST SACRAMENTO",-121.56119537353516,38.578956604003906
91659273,2021,2021-12-22,9280,2021-12-15,2355,021277,,3,3,4,5704,0,1,2,,2,011,"US-50 W/B","WESTACRE ROAD",188.00,W,N,C,-,Y,,,50,,,,,,W,Y,4,0,1,1,A,-,08,22107,,N,E,I,A,B,H,-,D,D,0,,,,,Y,,A,01,0,0,1,0,0,0,0,0,0,"- ","- ",38.575920104980469,-121.53131866455078,YOLO,"WEST SACRAMENTO",-121.53134918212891,38.576015472412109
9271825,2021,2021-06-11,5704,2021-05-18,1816,06700,,2,5,4,5704,0,0,0,,0,002,"INDUSTRIAL BL","BOATMAN AV",0.00,,Y,A,-,N,,,,,,,,,,Y,4,0,2,2,A,-,04,21703,,N,C,C,A,-,H,-,A,D,0,,,,,Y,,A,01,0,0,2,0,0,0,0,0,0,"- ","- ",38.566581726074219,-121.5452880859375,YOLO,"WEST SACRAMENTO",-121.5452880859375,38.566692352294922
9346498,2021,2021-11-06,5701,2021-09-25,0126,120,5,6,5,5,5701,0,0,0,,0,002,"5TH ST","J ST",0.00,,Y,A,-,N,,,,,,,,,,Y,2,0,1,2,A,-,01,23152,A,M,D,C,A,A,H,-,C,A,0,,,Y,,Y,Y,C,02,1,0,0,0,0,0,0,0,1,"- ","- ",38.548080444335938,-121.73663330078125,YOLO,DAVIS,-121.73662567138672,38.548080444335938
91452915,2021,2021-05-27,9280,2021-04-08,0833,015437,,4,1,9,5700,0,1,1,,2,020,"I-5 S/B","COUNTY ROAD 17",2813.00,N,N,A,-,Y,,,5,,,,,,S,Y,2,0,1,1,A,-,08,22107,,N,F,A,A,A,H,-,A,D,0,,,,,Y,,A,07,1,0,0,0,0,0,0,0,0,"- ","- ",38.742408752441406,-121.82325744628906,YOLO,UNINCORPORATED,-121.82332611083984,38.742340087890625
91513384,2021,2021-07-06,9280,2021-06-24,1340,018316,,4,1,4,5703,0,1,1,,2,020,"I-5 S/B","EAST KENTUCKY AVE.",660.00,N,N,A,-,Y,,,5,,,,,,S,Y,4,0,1,2,A,-,07,21658,A,N,B,C,A,A,H,-,A,D,0,,,,Y,Y,,A,08,0,0,1,0,0,0,0,0,0,"- ","- ",38.693309783935547,-121.75834655761719,YOLO,WOODLAND,-121.75839233398438,38.693248748779297
9235040,2021,2021-04-15,5704,2021-02-06,1546,06700,,6,5,4,5704,0,0,0,,0,001,"SACRAMENTO AV","KEGLE DR",0.00,,Y,A,-,N,,,,,,,,,,N,4,0,1,2,A,-,03,22350,,N,C,C,A,A,H,-,A,A,0,,,,,Y,,A,01,0,0,1,0,0,0,0,0,0,"- ","- ",38.589519500732422,-121.52683258056641,YOLO,"WEST SACRAMENTO",-121.52680206298828,38.589508056640625
9286612,2021,2021-07-26,5704,2021-07-11,0110,00165,,7,5,4,5704,0,0,0,,0,001,"TODHUNTER AV","BURROWS ST",65.00,S,N,A,-,N,,,,,,,,,,Y,3,0,2,1,A,-,01,23152,A,N,E,I,A,A,H,-,C,D,0,,,,,Y,Y,A,01,0,1,1,0,0,0,0,0,0,"- ","- ",38.59429931640625,-121.53323364257812,YOLO,"WEST SACRAMENTO",-121.53330993652344,38.594020843505859
91565487,2021,2021-09-08,9280,2021-08-31,1310,017963,,2,1,9,5700,0,1,1,,2,010,"I-80 W/B","MACE BLVD",1584.00,E,N,A,-,Y,,,80,,,,,,W,N,4,0,1,2,A,-,03,22350,,N,C,C,A,A,H,-,A,D,0,,,,,Y,,A,01,0,0,1,0,0,0,0,0,0,"- ","- ",38.554378509521484,-121.68869018554688,YOLO,UNINCORPORATED,-121.68869018554688,38.554393768310547