CASE_ID,ACCIDENT_YEAR,PROC_DATE,JURIS,COLLISION_DATE,COLLISION_TIME,OFFICER_ID,REPORTING_DISTRICT,DAY_OF_WEEK,CHP_SHIFT,POPULATION,CNTY_CITY_LOC,SPECIAL_COND,BEAT_TYPE,CHP_BEAT_TYPE,CITY_DIVISION_LAPD,CHP_BEAT_CLASS,BEAT_NUMBER,PRIMARY_RD,SECONDARY_RD,DISTANCE,DIRECTION,INTERSECTION,WEATHER_1,WEATHER_2,STATE_HWY_IND,CALTRANS_COUNTY,CALTRANS_DISTRICT,STATE_ROUTE,ROUTE_SUFFIX,POSTMILE_PREFIX,POSTMILE,LOCATION_TYPE,RAMP_INTERSECTION,SIDE_OF_HWY,TOW_AWAY,COLLISION_SEVERITY,NUMBER_KILLED,NUMBER_INJURED,PARTY_COUNT,PRIMARY_COLL_FACTOR,PCF_CODE_OF_VIOL,PCF_VIOL_CATEGORY,PCF_VIOLATION,PCF_VIOL_SUBSECTION,HIT_AND_RUN,TYPE_OF_COLLISION,MVIW,PED_ACTION,ROAD_SURFACE,ROAD_COND_1,ROAD_COND_2,LIGHTING,CONTROL_DEVICE,CHP_ROAD_TYPE,PEDESTRIAN_ACCIDENT,BICYCLE_ACCIDENT,MOTORCYCLE_ACCIDENT,TRUCK_ACCIDENT,NOT_PRIVATE_PROPERTY,ALCOHOL_INVOLVED,STWD_VEHTYPE_AT_FAULT,CHP_VEHTYPE_AT_FAULT,COUNT_SEVERE_INJ,COUNT_VISIBLE_INJ,COUNT_COMPLAINT_PAIN,COUNT_PED_KILLED,COUNT_PED_INJURED,COUNT_BICYCLIST_KILLED,COUNT_BICYCLIST_INJURED,COUNT_MC_KILLED,COUNT_MC_INJURED,PRIMARY_RAMP,SECONDARY_RAMP,LATITUDE,LONGITUDE,COUNTY,CITY,POINT_X,POINT_Y
9355954,2021,2021-11-15,5703,2021-09-25,1109,2105,72,6,5,4,5703,0,0,0,,0,003,"COUNTY ROAD 98","W MAIN ST",5.00,S,N,A,-,Y,YOL,3,16,-,R,40.570,I,6,E,Y,4,0,1,2,A,-,03,22350,,N,C,C,A,A,H,-,A,A,0,,,,,Y,,A,07,0,0,1,0,0,0,0,0,0,"- ","- ",38.677661895751953,-121.80252838134766,YOLO,WOODLAND,-121.80442810058594,38.677677154541016
9384354,2021,2022-01-11,5704,2021-12-06,1910,06194,,1,5,4,5704,0,0,0,,0,002,"WEST CAPITOL AV","WESTACRE RD",0.00,,Y,C,-,N,,,,,,,,,,N,4,0,2,2,A,-,09,21800,A,N,D,C,A,B,A,-,C,A,0,,,,,Y,,A,01,0,0,2,0,0,0,0,0,0,"- ","- ",38.580268859863281,-121.53073120117188,YOLO,"WEST SACRAMENTO",-121.5306396484375,38.580425262451172
91381741,2021,2021-05-27,9280,2021-01-01,1715,018352,,5,2,9,5700,0,1,1,,2,020,"I-5 S/B","OLD RIVER ROAD",6000.00,N,N,B,-,Y,,,5,,,,,,S,Y,3,0,1,3,A,-,01,23152,A,N,C,C,A,A,H,-,D,D,0,,,,,Y,Y,A,01,0,1,0,0,0,0,0,0,0,"- ","- ",38.67327880859375,-121.64994812011719,YOLO,UNINCORPORATED,-121.64994812011719,38.673274993896484
91513422,2021,2021-07-06,9280,2021-06-25,1630,019377,,5,2,4,5704,0,1,2,,2,011,"US-50 E/B TO HARBOR BLVD SOUTHBOUND","HARBOR BLVD",46.00,W,N,A,-,Y,,,50,,,,R,,E,Y,3,0,1,1,A,-,08,22107,,N,F,I,A,A,H,-,A,D,0,,,,,Y,,D,22,0,1,0,0,0,0,0,0,0,"- ","- ",38.574359893798828,-121.5489501953125,YOLO,"WEST SACRAMENTO",-121.5489501953125,38.574359893798828
91549122,2021,2021-08-19,9280,2021-08-11,0710,016289,,3,1,4,5704,0,1,1,,2,010,"I-80 E/B","ENTERPRISE BOULEVARD",80.00,E,N,A,-,Y,,,80,,,,,,E,Y,4,0,2,2,A,-,08,22107,,N,E,I,A,A,H,-,A,D,0,,,,,Y,,E,22,0,0,2,0,0,0,0,0,0,"- ","- ",38.574291229248047,-121.57669830322266,YOLO,"WEST SACRAMENTO",-121.57669830322266,38.574302673339844
91576016,2021,2021-09-21,9280,2021-09-04,2140,019644,,6,2,9,5700,0,1,1,,2,030,"I-5 N/B","COUNTY LINE RD O/C",2459.00,S,N,A,-,Y,,,5,,,,,,N,Y,4,0,1,1,A,-,03,22350,,N,E,J,A,A,H,-,C,D,0,,,,,Y,,A,01,0,0,1,0,0,0,0,0,0,"- ","- ",38.919399261474609,-121.99606323242188,YOLO,UNINCORPORATED,-121.99601745605469,38.919429779052734
91587423,2021,2021-10-04,9280,2021-09-25,1315,017963,,6,1,9,5700,0,1,3,,2,022,"SR-113 S/B","EAST GIBSON ROAD",2640.00,S,N,A,-,Y,,,113,,,,,,S,Y,4,0,1,3,A,-,03,22350,,N,C,C,A,A,H,-,A,D,0,,,,,Y,,A,07,0,0,1,0,0,0,0,0,0,"- ","- ",38.655559539794922,-121.75389099121094,YOLO,UNINCORPORATED,-121.75386047363281,38.655548095703125
91652042,2021,2021-12-14,9280,2021-12-04,2156,016144,,6,2,9,5700,0,3,5,,2,003,"COUNTY ROAD 87","COUNTY ROAD 19",78.00,N,N,E,-,N,,,,,,,,,,Y,3,0,2,1,A,-,03,22350,,N,E,I,A,A,H,-,D,D,0,,,,,Y,,J,41,0,1,1,0,0,0,0,0,0,"- ","- ",38.733840942382812,-121.00582885742188,YOLO,UNINCORPORATED,-122.00591278076172,38.733833312988281
9386044,2021,2022-01-14,5701,2021-12-16,0901,40,6,4,5,5,5701,0,0,0,,0,003,"POLE LINE RD","MOORE BL",15.00,N,N,B,-,N,,,,,,,,,,N,3,0,1,2,A,-,03,22350,,N,C,C,A,B,H,-,A,A,0,,,,,Y,,A,07,0,1,0,0,0,0,0,0,0,"- ","- ",38.570388793945312,-121.73068237304688,YOLO,DAVIS,-121.73075103759766,38.570411682128906
91406375,2021,2021-02-10,9280,2021-02-05,1033,016289,,5,1,5,5701,0,1,1,,2,010,"I-80 W/B","CHILES ROAD",2640.00,E,N,A,-,Y,,,,,,,,,,Y,3,0,1,1,A,-,08,22107,,N,E,I,A,A,H,-,A,D,0,,,,,Y,,D,22,0,1,0,0,0,0,0,0,0,"- ","- ",38.565059661865234,-121.6295166015625,YOLO,DAVIS,-121.70687866210938,38.550041198730469
91525622,2021,2021-07-21,9280,2021-07-13,0700,015534,,2,1,9,5700,0,1,2,,2,011,"I-80 W/B","WEBSTER UNDERCROSSING",8606.00,E,N,A,-,Y,,,80,,,,,,W,Y,4,0,1,3,A,-,03,22350,,N,C,C,A,A,H,-,A,D,0,,,,,Y,,A,01,0,0,1,0,0,0,0,0,0,"- ","- ",38.568778991699219,-121.60897827148438,YOLO,UNINCORPORATED,-121.60898590087891,38.568824768066406
91562598,2021,2021-09-03,9280,2021-06-04,0110,021265,,5,3,9,5700,0,1,3,,1,024,SR-16,"COUNTY ROAD 94B",1848.00,E,N,A,-,Y,,,16,,,,,,,Y,1,1,1,1,A,-,01,23152,F,N,E,I,A,A,H,-,D,D,0,,,,,Y,,A,01,1,0,0,0,0,0,0,0,0,"- ","- ",38.672500610351562,-121.86519622802734,YOLO,UNINCORPORATED,-121.86518096923828,38.672458648681641
9226528,2021,2021-04-05,5704,2021-01-15,1422,06212,,5,5,4,5704,0,0,0,,0,002,"ENTERPRISE BL","LAKE RD",0.00,,Y,A,-,N,,,,,,,,,,N,4,0,1,2,A,-,12,21453,A,F,B,C,A,A,H,-,A,A,0,,,,Y,Y,,F,26,0,0,1,0,0,0,0,0,0,"- ","- ",38.572158813476562,-121.57830047607422,YOLO,"WEST SACRAMENTO",-121.57833862304688,38.572189331054688
9257409,2021,2021-04-29,5703,2021-04-05,1716,2012,42,1,5,4,5703,0,0,0,,0,003,"MAIN ST","ELM ST",0.00,,Y,A,-,N,,,,,,,,,,N,4,0,1,2,A,-,12,21457,A,N,D,C,A,A,H,-,A,A,0,,,Y,,Y,,C,06,0,0,1,0,0,0,0,0,0,"- ","- ",,,YOLO,WOODLAND,-121.77626800537109,38.677490234375
9257728,2021,2021-05-04,5704,2021-04-10,0800,06579,,6,5,4,5704,0,0,0,,0,001,"N HARBOR BL","RIVERBANK RD",0.00,,Y,A,-,N,,,,,,,,,,Y,4,0,2,2,A,-,12,21453,A,N,A,C,A,A,H,-,A,A,0,,,,,Y,,A,01,0,0,2,0,0,0,0,0,0,"- ","- ",38.596218109130859,-121.54712677001953,YOLO,"WEST SACRAMENTO",-121.54720306396484,38.596210479736328
9432608,2021,2022-08-18,5704,2021-10-16,2344,06090,,6,5,4,5704,0,0,0,,0,002,"W CAPITOL AVE","RT 80",509.00,W,N,A,-,N,,,,,,,,,,Y,4,0,1,1,A,-,05,21650,,N,E,I,A,A,H,-,C,D,0,,,,,Y,,A,01,0,0,1,0,0,0,0,0,0,"- ",WF,38.575580596923828,-121.57530212402344,YOLO,"WEST SACRAMENTO",-121.56279754638672,38.578445434570312
91427406,2021,2021-05-27,9280,2021-03-06,1220,019094,,6,1,4,5704,0,1,1,,2,010,"I-80 W/B","W. CAPITOL AVE U/C",50.00,W,N,A,-,Y,,,80,,,,,,W,Y,4,0,1,2,A,-,03,22350,,N,C,C,A,A,H,-,A,D,0,,,,,Y,,A,01,0,0,1,0,0,0,0,0,0,"- ","- ",38.578269958496094,-121.56162261962891,YOLO,"WEST SACRAMENTO",-121.56165313720703,38.578292846679688
91542530,2021,2021-08-11,9280,2021-07-31,0952,019986,,6,1,9,5700,0,3,5,,2,002,"CR-29 W/B",CR-99,0.00,,Y,A,-,N,,,,,,,,,,Y,4,0,2,2,A,-,12,22450,A,N,C,C,A,A,H,-,A,A,0,,,,,Y,,A,01,0,0,2,0,0,0,0,0,0,"- ","- ",38.590400695800781,-121.78565216064453,YOLO,UNINCORPORATED,-121.78565979003906,38.590396881103516
91464280,2021,2021-05-27,9280,2021-04-25,0200,017964,,7,3,9,5700,0,1,3,,2,034,"STATE ROUTE 16","2ND ST. (CAPAY)",150.00,W,N,A,-,Y,,,16,,,,,,,Y,4,0,1,1,A,-,08,22107,,N,E,8,A,A,H,-,D,A,0,,,,,Y,,A,01,0,0,1,0,0,0,0,0,0,"- ","- ",38.708469390869141,-122.0550537109375,YOLO,UNINCORPORATED,-122.05502319335938,38.708343505859375
91519940,2021,2021-07-14,9280,2021-07-04,2139,019644,,7,2,4,5704,0,1,2,,2,011,"US-50 W/B","YOLO/SACRAMENTO COUNTY LINE",500.00,W,N,A,-,Y,,,50,,,,,,W,Y,4,0,1,2,A,-,03,22350,,N,C,C,A,A,H,-,C,D,0,,,,,Y,,A,01,0,0,1,0,0,0,0,0,0,"- ","- ",38.573661804199219,-121.51815032958984,YOLO,"WEST SACRAMENTO",-121.51821899414062,38.573581695556641
91588254,2021,2021-10-05,9280,2021-09-27,1716,018874,,1,2,4,5704,0,1,2,,2,011,"US-50 E/B","WESTACRE AVE.",686.00,W,N,A,-,Y,,,50,,,,,,E,Y,4,0,1,3,A,-,03,22350,,N,C,C,A,A,H,-,A,D,0,,,,,Y,,A,01,0,0,1,0,0,0,0,0,0,"- ","- ",38.575359344482422,-121.53311157226562,YOLO,"WEST SACRAMENTO",-121.53311920166016,38.575382232666016
91655424,2021,2021-12-17,9280,2021-12-11,1035,018941,,6,1,5,5701,0,1,1,,2,010,"I-80 W/B","MACE BOULEVARD",2210.00,E,N,A,-,Y,,,80,,,,,,W,N,4,0,1,2,A,-,03,22350,,N,C,C,A,A,H,-,A,D,0,,,,,Y,,A,01,0,0,1,0,0,0,0,0,0,"- ","- ",38.554790496826172,-121.68689727783203,YOLO,DAVIS,-121.68689727783203,38.554790496826172
9251374,2021,2021-04-21,5704,2021-03-29,1809,06093,,1,5,4,5704,0,0,0,,0,001,"C ST","CALIFORNIA ST",333.00,S,N,A,-,N,,,,,,,,,,Y,2,0,2,2,A,-,05,21460,A,N,A,C,A,A,H,-,A,D,0,,,,,Y,,A,01,1,0,1,0,0,0,0,0,0,"- ","- ",38.588539123535156,-121.51419067382812,YOLO,"WEST SACRAMENTO",-121.51423645019531,38.5885009765625
91431260,2021,2021-05-27,9280,2021-03-12,0655,017964,,5,1,9,5700,0,1,3,,2,023,"STATE ROUTE 113","BEST RANCH RD",90.00,N,N,A,-,Y,,,113,,,,,,,Y,4,0,1,2,A,-,08,22107,,N,E,8,A,A,H,-,A,A,0,,,,,Y,,A,01,0,0,1,0,0,0,0,0,0,"- ","- ",38.717418670654297,-121.76477813720703,YOLO,UNINCORPORATED,-121.7647705078125,38.717418670654297
91466368,2021,2021-05-27,9280,2021-04-28,2142,019621,,3,2,4,5704,0,1,2,,2,011,"US-50 EASTBOUND","S. RIVER RD",0.10,E,N,A,-,Y,,,50,,,,,,E,N,4,0,2,2,A,-,07,21658,A,N,C,C,A,A,D,-,D,A,0,,,,,Y,,A,01,0,0,2,0,0,0,0,0,0,"- ","- ",38.574131011962891,-121.51934051513672,YOLO,"WEST SACRAMENTO",-121.51927185058594,38.574199676513672
91540252,2021,2021-08-09,9280,2021-07-30,0101,021276,,5,3,4,5703,0,1,1,,2,020,"I-5 S/B","EAST ST",2112.00,N,N,A,-,Y,,,5,,,,,,S,Y,3,0,1,3,A,-,03,22350,,N,C,C,A,A,G,-,D,D,0,,,,,Y,,A,08,0,1,0,0,0,0,0,0,0,"- ","- ",38.698108673095703,-121.77335357666016,YOLO,WOODLAND,-121.77334594726562,38.698127746582031
91554057,2021,2021-08-25,9280,2021-08-14,1045,015437,,6,1,9,5700,0,1,3,,1,024,SR-16,"COUNTY ROAD 97",0.00,,Y,A,-,Y,,,16,,,,,,,Y,3,0,2,4,A,-,09,21802,A,N,D,C,A,A,H,-,A,A,0,,,,,Y,,D,22,0,2,0,0,0,0,0,0,0,"- ","- ",38.677768707275391,-121.82112884521484,YOLO,UNINCORPORATED,-121.82112884521484,38.677783966064453
91565376,2021,2021-09-08,9280,2021-08-31,1025,015534,,2,1,4,5704,0,1,1,,2,010,"I-80 W/B","REED AVE",3115.00,W,N,A,-,Y,,,80,,,,,,W,N,4,0,1,3,A,-,03,22350,,N,C,C,A,A,H,-,A,D,0,,,,,Y,,A,01,0,0,1,0,0,0,0,0,0,"- ","- ",38.584419250488281,-121.55744171142578,YOLO,"WEST SACRAMENTO",-121.55746459960938,38.584438323974609
9273725,2021,2021-06-25,5704,2021-05-15,1215,06579,,6,5,4,5704,0,0,0,,0,003,"JEFFERSON BL","LOCKS DR",0.00,,Y,A,-,N,,,,,,,,,,Y,4,0,1,2,A,-,03,22350,,N,C,C,A,A,H,-,A,A,0,,,,,Y,,A,07,0,0,1,0,0,0,0,0,0,"- ","- ",38.559638977050781,-121.52971649169922,YOLO,"WEST SACRAMENTO",-121.52964019775391,38.559707641601562
9368221,2021,2021-12-15,5703,2021-11-15,1254,2012,121,1,5,4,5703,0,0,0,,0,004,"EAST MAIN ST","QUALITY CIR",0.00,,Y,A,-,N,,,,,,,,,,Y,4,0,1,2,A,-,05,21650,,N,A,C,A,A,H,-,A,D,0,,,,,Y,,A,01,0,0,1,0,0,0,0,0,0,"- ","- ",38.677169799804688,-121.71913146972656,YOLO,WOODLAND,-121.71909332275391,38.677078247070312
9278877,2021,2021-06-29,5703,2021-05-28,1709,2119,12,5,5,4,5703,0,0,0,,0,003,"5TH ST","LINCOLN AV",15.00,S,N,A,-,N,,,,,,,,,,,3,0,1,2,A,-,21,22106,,N,H,G,A,A,H,-,A,D,0,,Y,,,Y,Y,A,01,0,1,0,0,0,0,1,0,0,"- ","- ",,,YOLO,WOODLAND,-121.76828765869141,38.675529479980469
9286925,2021,2021-07-28,5701,2021-07-09,1058,127,9,5,5,5,5701,0,0,0,,0,004,"CHILES RD","EL CEMONTE AV",685.00,E,N,A,-,N,,,,,,,,,,Y,3,0,2,2,A,-,08,22100,B,N,B,C,A,A,H,-,A,D,0,,,,,Y,,D,22,0,2,0,0,0,0,0,0,0,"- ","- ",38.553451538085938,-121.69007110595703,YOLO,DAVIS,-121.68999481201172,38.553073883056641
9323422,2021,2021-10-20,5704,2021-09-04,0205,06664,,6,5,4,5704,0,0,0,,0,003,"VILLAGE PKWY","LAKE WASHINGTON BL",500.00,N,N,A,-,N,,,,,,,,,,Y,3,0,1,1,A,-,05,21650,,N,F,A,A,A,H,-,C,D,0,,,,,Y,Y,A,01,0,1,0,0,0,0,0,0,0,"- ","- ",38.554840087890625,-121.51734161376953,YOLO,"WEST SACRAMENTO",-121.51673889160156,38.546241760253906
91466010,2021,2021-05-05,9280,2021-04-23,1925,016520,,5,2,4,5704,0,1,2,,2,011,"US-50 E/B","HARBOR BLVD",1318.00,W,N,A,-,Y,,,50,,,,,,E,Y,3,0,1,1,A,-,08,22107,,N,F,I,A,A,H,-,D,D,0,,,,,Y,,A,01,0,1,0,0,0,0,0,0,0,"- ","- ",38.574840545654297,-121.55330657958984,YOLO,"WEST SACRAMENTO",-121.55330657958984,38.574943542480469
91576878,2021,2021-09-22,9280,2021-09-11,1930,019377,,6,2,9,5700,0,1,1,,2,010,"I-80 W/B","POLE LINE ROAD",367.00,E,N,A,-,Y,,,,,,,,,,Y,3,0,2,2,A,-,08,22107,,F,E,I,A,A,H,-,D,D,0,,,,,Y,,-,99,0,2,0,0,0,0,0,0,0,"- ","- ",38.546279907226562,-121.72479248046875,YOLO,UNINCORPORATED,-121.72493743896484,38.546173095703125
91587574,2021,2021-10-04,9280,2021-09-26,1205,017964,,7,1,4,5704,0,1,2,,2,011,"US-50 E/B","HARBOR BLVD",2112.00,E,N,A,-,Y,,,50,,,,,,E,Y,3,0,1,2,A,-,07,21658,A,F,E,I,A,A,H,-,A,A,0,,,,,Y,,-,99,0,1,0,0,0,0,0,0,0,"- ","- ",38.574958801269531,-121.53988647460938,YOLO,"WEST SACRAMENTO",-121.53988647460938,38.574939727783203
9258871,2021,2021-07-13,5703,2021-04-19,1251,2012,17,1,5,4,5703,0,0,0,,0,003,"W MAIN ST","COUNTY ROAD 98",0.00,,Y,A,-,Y,YOL,3,16,-,R,40.570,I,5,E,Y,4,0,1,2,A,-,12,21453,A,N,D,C,A,A,H,-,A,A,0,,,,Y,Y,,A,07,0,0,1,0,0,0,0,0,0,"- ","- ",38.677669525146484,-121.80245971679688,YOLO,WOODLAND,-121.80442810058594,38.677677154541016
9322722,2021,2021-10-06,5703,2021-08-28,2348,2629,33,6,5,4,5703,0,0,0,,0,004,"EAST GIBSON RD","RT 113",180.00,W,N,A,-,Y,YOL,3,113,-,R,8.971,R,4,S,Y,3,0,1,2,A,-,08,22107,,F,D,C,A,A,H,-,D,D,0,,,,,Y,,A,01,0,1,0,0,0,0,0,0,0,"- ",SO,38.662891387939453,-121.75495910644531,YOLO,WOODLAND,-121.75249481201172,38.658981323242188
91479064,2021,2021-05-27,9280,2021-05-16,0730,017964,,7,1,9,5700,0,3,5,,2,003,"COUNTY ROAD 86","COUNTY ROAD 8",1056.00,N,N,A,-,N,,,,,,,,,,Y,4,0,1,1,A,-,08,22107,,N,E,I,A,A,H,-,A,A,0,,,,,Y,,A,07,0,0,1,0,0,0,0,0,0,"- ","- ",38.866828918457031,-122.02658081054688,YOLO,UNINCORPORATED,-122.02655792236328,38.866344451904297
91560297,2021,2021-09-10,9280,2021-08-28,1130,017964,,6,1,9,5700,0,1,3,,2,023,"STATE ROUTE 113","COUNTY ROAD 17",250.00,N,N,A,-,Y,,,113,,,,,,,Y,3,0,1,1,A,-,08,22107,,N,E,I,A,A,H,-,A,A,0,,,,,Y,,A,01,0,1,0,0,0,0,0,0,0,"- ","- ",38.735221862792969,-121.76618194580078,YOLO,UNINCORPORATED,-121.76618194580078,38.735179901123047
9250234,2021,2021-04-23,5701,2021-04-02,0048,237,4,5,5,5,5701,0,0,0,,0,002,"RUSSSELL BL","OAK AV",150.00,E,N,A,-,N,,,,,,,,,,Y,4,0,1,1,A,-,01,23152,A,N,E,I,A,A,H,-,C,D,0,,,,,Y,Y,A,01,0,0,1,0,0,0,0,0,0,"- ","- ",38.546298980712891,-121.74977874755859,YOLO,DAVIS,-121.75227355957031,38.546184539794922
9255197,2021,2021-05-06,5703,2021-04-27,0806,2891,12,2,5,4,5703,0,0,0,,0,003,"OAK AV","2ND ST",0.00,,Y,A,-,N,,,,,,,,,,Y,4,0,1,2,A,-,09,21802,A,N,D,D,A,A,H,-,A,A,0,,,,,Y,,A,07,0,0,1,0,0,0,0,0,0,"- ","- ",38.674060821533203,-121.77191925048828,YOLO,WOODLAND,-121.77194976806641,38.674072265625
9242687,2021,2021-04-13,5704,2021-01-08,0847,06682,2,5,5,4,5704,0,0,0,,0,002,"HARBOR BL","RT 50",0.00,,Y,A,-,N,,,,,,,,,,N,4,0,1,2,A,-,08,22107,,N,B,C,A,A,H,-,A,A,0,,,,Y,Y,,G,25,0,0,1,0,0,0,0,0,0,"- ",EO,38.572738647460938,-121.54855346679688,YOLO,"WEST SACRAMENTO",,
9271493,2021,2021-06-18,5703,2021-05-13,1533,2070,31,4,5,4,5703,0,0,0,,0,001,"EAST MAIN ST","RT 113",25.00,E,N,A,-,Y,YOL,3,113,-,R,9.851,R,4,N,Y,4,0,2,3,A,-,03,22350,,M,C,C,A,A,H,-,A,A,0,,,,,Y,,A,01,0,0,2,0,0,0,0,0,0,"- ",NF,38.677268981933594,-121.74941253662109,YOLO,WOODLAND,-121.75103759765625,38.671669006347656
91434240,2021,2021-05-27,9280,2021-03-19,1900,019377,,5,2,5,5701,0,1,1,,2,010,"I-80 W/B","DAVE PELZ MEMORIAL BICYCLE BRIDGE",50.00,W,N,A,-,Y,,,80,,,,,,W,Y,3,0,1,2,A,-,08,22107,,N,B,C,A,A,H,-,A,D,0,,,,,Y,,A,01,0,1,0,0,0,0,0,0,0,"- ","- ",38.550060272216797,-121.70822143554688,YOLO,DAVIS,-121.70819091796875,38.549915313720703
91466051,2021,2021-05-05,9280,2021-04-24,0438,021276,,6,3,5,5701,0,1,1,,2,010,"I-80 W/B","MACE BLVD",5808.00,E,N,A,-,Y,,,80,,,,,,W,Y,3,0,1,1,A,-,01,23152,A,N,E,I,A,A,H,-,D,D,0,,,,,Y,Y,A,01,0,1,0,0,0,0,0,0,0,"- ","- ",38.557498931884766,-121.67476654052734,YOLO,DAVIS,-121.67478179931641,38.557544708251953
91542809,2021,2021-08-11,9280,2021-08-03,1442,017351,,2,2,9,5700,0,1,3,,2,034,"E/B STATE ROUTE 16","OAKDALE RANCH LANE",100.00,W,N,A,-,Y,,,16,,,,,,,Y,4,0,4,2,A,-,03,22350,,N,C,C,A,A,H,-,A,D,0,,,,,Y,,D,22,0,0,4,0,0,0,0,0,0,"- ","- ",38.686489105224609,-122.00002288818359,YOLO,UNINCORPORATED,-122.00002288818359,38.686473846435547
91578078,2021,2021-09-23,9280,2021-09-07,0210,019094,,2,3,9,5700,0,1,1,,2,010,"I-80 W/B","W CAPITOL AVE U/C",10560.00,W,N,A,-,Y,,,80,,,,,,W,Y,2,0,2,2,A,-,01,23152,A,N,C,C,A,A,H,-,D,D,0,,,,,Y,Y,A,01,1,1,0,0,0,0,0,0,0,"- ","- ",38.567798614501953,-121.61502075195312,YOLO,UNINCORPORATED,-121.61501312255859,38.5677490234375
91611094,2021,2021-10-29,9280,2021-10-24,1305,017964,,7,1,9,5700,0,1,1,,2,010,"I-80 W/B","W. CAPITOL AVE.",5280.00,W,N,C,G,Y,,,80,,,,,,W,N,4,0,1,2,A,-,03,22350,,N,B,2,A,B,F,-,A,A,0,,,,,Y,,A,01,0,0,1,0,0,0,0,0,0,"- ","- ",38.571231842041016,-121.59552764892578,YOLO,UNINCORPORATED,-121.59552764892578,38.571231842041016
91670022,2021,2022-01-04,9280,2021-12-27,1740,016144,,1,2,9,5700,0,3,5,,2,003,"COUNTY ROAD 29A","COUNTY ROAD 91B",528.00,E,N,B,-,N,,,,,,,,,,Y,3,0,1,1,A,-,01,23152,A,N,E,I,A,B,H,-,D,D,0,,,,,Y,Y,A,07,0,1,0,0,0,0,0,0,0,"- ","- ",38.58380126953125,-121.92250061035156,YOLO,UNINCORPORATED,-121.92325592041016,38.583797454833984
9273723,2021,2021-06-25,5704,2021-05-21,1804,06216,,5,5,4,5704,0,0,0,,0,001,"KEGLE DR","FREMONT BL",140.00,S,N,A,-,N,,,,,,,,,,N,3,0,1,2,A,-,06,21750,A,N,B,C,A,A,H,-,A,A,0,,,Y,,Y,,C,02,0,1,0,0,0,0,0,0,1,"- ","- ",38.591178894042969,-121.52646636962891,YOLO,"WEST SACRAMENTO",-121.52657318115234,38.590747833251953
9346478,2021,2021-12-02,5703,2021-10-02,1409,2157,43,6,5,4,5703,0,0,0,,0,002,"SUTTER ST","HOLLISTER RD",50.00,S,N,A,-,N,,,,,,,,,,Y,4,0,1,5,A,-,05,21650,,N,B,E,A,A,H,-,A,D,0,,,,,Y,,A,01,0,0,1,0,0,0,0,0,0,"- ","- ",38.686668395996094,-121.76715087890625,YOLO,WOODLAND,-121.76712799072266,38.6865234375
91409971,2021,2021-05-27,9280,2021-02-11,1355,016144,,4,1,9,5700,0,3,5,,2,002,"I-5 N/B TO COUNTY ROAD 22","COUNTY ROAD 22",0.00,,Y,C,-,Y,,,,,,,,,,N,3,0,2,3,A,-,09,21801,A,N,D,C,A,A,H,-,A,D,0,,,,,Y,,A,07,0,1,1,0,0,0,0,0,0,"- ","- ",38.676639556884766,-121.63755035400391,YOLO,UNINCORPORATED,,
91568536,2021,2021-09-13,9280,2021-09-02,1645,018157,,4,2,9,5700,0,1,3,,2,013,"SOUTH RIVER RD.","SOUTH OF FREEPORT BRIDGE",2640.00,S,N,A,-,N,,,,,,,,,,Y,2,0,1,1,A,-,01,23152,A,N,E,I,A,A,H,-,A,D,0,,,,,Y,Y,A,01,1,0,0,0,0,0,0,0,0,"- ","- ",38.447071075439453,-121.50266265869141,YOLO,UNINCORPORATED,-121.50266265869141,38.448261260986328
91601882,2021,2021-10-20,9280,2021-07-11,2358,021277,,7,3,9,5700,0,1,1,,2,010,"I-80 W/B","WEBSTER UNDERCROSSING",6864.00,E,N,A,-,Y,,,80,,,,,,W,Y,1,1,0,6,A,-,03,22350,,F,G,C,E,A,H,-,D,D,0,Y,,,Y,Y,,A,07,0,0,0,1,0,0,0,0,0,"- ","- ",38.567829132080078,-121.61495971679688,YOLO,UNINCORPORATED,-121.61494445800781,38.567760467529297
9344938,2021,2021-10-18,5704,2021-09-13,1810,00165,,1,5,4,5704,0,0,0,,0,001,"HOBSON AV","FOURNESS DR",350.00,E,N,A,-,N,,,,,,,,,,Y,4,0,3,3,A,-,09,21801,A,N,A,C,A,A,H,-,A,D,0,,,,,Y,,A,01,0,0,3,0,0,0,0,0,0,"- ","- ",38.592601776123047,-121.52974700927734,YOLO,"WEST SACRAMENTO",-121.52851104736328,38.592693328857422