CASE_ID,ACCIDENT_YEAR,PROC_DATE,JURIS,COLLISION_DATE,COLLISION_TIME,OFFICER_ID,REPORTING_DISTRICT,DAY_OF_WEEK,CHP_SHIFT,POPULATION,CNTY_CITY_LOC,SPECIAL_COND,BEAT_TYPE,CHP_BEAT_TYPE,CITY_DIVISION_LAPD,CHP_BEAT_CLASS,BEAT_NUMBER,PRIMARY_RD,SECONDARY_RD,DISTANCE,DIRECTION,INTERSECTION,WEATHER_1,WEATHER_2,STATE_HWY_IND,CALTRANS_COUNTY,CALTRANS_DISTRICT,STATE_ROUTE,ROUTE_SUFFIX,POSTMILE_PREFIX,POSTMILE,LOCATION_TYPE,RAMP_INTERSECTION,SIDE_OF_HWY,TOW_AWAY,COLLISION_SEVERITY,NUMBER_KILLED,NUMBER_INJURED,PARTY_COUNT,PRIMARY_COLL_FACTOR,PCF_CODE_OF_VIOL,PCF_VIOL_CATEGORY,PCF_VIOLATION,PCF_VIOL_SUBSECTION,HIT_AND_RUN,TYPE_OF_COLLISION,MVIW,PED_ACTION,ROAD_SURFACE,ROAD_COND_1,ROAD_COND_2,LIGHTING,CONTROL_DEVICE,CHP_ROAD_TYPE,PEDESTRIAN_ACCIDENT,BICYCLE_ACCIDENT,MOTORCYCLE_ACCIDENT,TRUCK_ACCIDENT,NOT_PRIVATE_PROPERTY,ALCOHOL_INVOLVED,STWD_VEHTYPE_AT_FAULT,CHP_VEHTYPE_AT_FAULT,COUNT_SEVERE_INJ,COUNT_VISIBLE_INJ,COUNT_COMPLAINT_PAIN,COUNT_PED_KILLED,COUNT_PED_INJURED,COUNT_BICYCLIST_KILLED,COUNT_BICYCLIST_INJURED,COUNT_MC_KILLED,COUNT_MC_INJURED,PRIMARY_RAMP,SECONDARY_RAMP,LATITUDE,LONGITUDE,COUNTY,CITY,POINT_X,POINT_Y
91435478,2021,2021-03-25,9280,2021-03-17,1300,013927,,3,1,9,5700,0,3,5,,2,003,"COUTNY ROAD 17","COUNTY ROAD 95A",9504.00,W,N,A,-,N,,,,,,,,,,Y,3,0,1,1,A,-,03,22350,,N,F,A,A,A,H,-,A,D,0,,,Y,,Y,,C,02,0,1,0,0,0,0,0,0,1,"- ","- ",38.736000061035156,-121.88300323486328,YOLO,UNINCORPORATED,-121.88233947753906,38.735992431640625
91554184,2021,2021-08-25,9280,2021-08-20,1235,016289,,5,1,5,5701,0,1,1,,2,010,"I-80 E/B TO RICHARDS BOULEVARD","RICHARDS BOULEVARD",95.00,E,N,F,-,Y,,,80,,,,R,,E,Y,3,0,2,1,A,-,03,22350,,N,E,J,A,A,H,-,A,D,0,,,,,Y,,A,07,0,2,0,0,0,0,0,0,0,"- ","- ",38.540691375732422,-121.73349761962891,YOLO,DAVIS,-121.73349761962891,38.540691375732422
9250212,2021,2021-04-23,5701,2021-04-08,2045,106,1,4,5,5,5701,0,0,0,,0,001,"RUSSELL BL","ARTHUR ST",0.00,,Y,A,-,N,,,,,,,,,,N,2,0,1,2,A,-,10,21950,A,N,G,B,B,A,H,-,C,A,0,Y,,,,Y,,A,01,1,0,0,0,1,0,0,0,0,"- ","- ",38.546501159667969,-121.77057647705078,YOLO,DAVIS,-121.77058410644531,38.546371459960938
9282071,2021,2021-07-14,5704,2021-06-03,1806,06062,,4,5,4,5704,0,0,0,,0,002,"MERKLEY AV","JEFFERSON BL",564.00,W,N,A,-,N,,,,,,,,,,Y,4,0,2,2,A,-,08,22107,,N,D,C,A,A,H,-,A,D,0,,,,,Y,,A,01,0,0,2,0,0,0,0,0,0,"- ","- ",38.579311370849609,-121.52597045898438,YOLO,"WEST SACRAMENTO",-121.52803039550781,38.579105377197266
91578891,2021,2021-09-24,9280,2021-09-16,1720,016144,,4,2,9,5700,0,3,5,,2,002,"COUNTY ROAD 29","COUNTY ROAD 101A",528.00,E,N,A,-,N,,,,,,,,,,N,3,0,1,1,A,-,08,22107,,N,F,A,A,A,H,-,A,D,0,,,,,Y,,A,01,0,1,0,0,0,0,0,0,0,"- ","- ",38.590061187744141,-121.75035858154297,YOLO,UNINCORPORATED,-121.75066375732422,38.590076446533203
91654020,2021,2021-12-16,9280,2021-12-08,1904,018874,,3,2,9,5700,0,1,1,,2,020,"I-80 E/B","ENTERPRISE BLVD.",5808.00,W,N,B,-,Y,,,80,,,,,,E,Y,4,0,1,2,A,-,07,21658,A,N,C,C,A,B,H,-,D,D,0,,,,,Y,,A,07,0,0,1,0,0,0,0,0,0,"- ","- ",38.570610046386719,-121.59786224365234,YOLO,UNINCORPORATED,-121.59786987304688,38.570674896240234
9226198,2021,2021-03-24,5704,2021-02-09,2245,06093,,2,5,4,5704,0,0,0,,0,002,"HARBOR BL","WEST CAPITOL AV",0.00,,Y,A,-,N,,,,,,,,,,N,4,0,1,2,A,-,10,21950,A,F,G,B,B,A,H,-,C,A,0,Y,,,,Y,,B,01,0,0,1,0,1,0,0,0,0,"- ","- ",38.579261779785156,-121.54868316650391,YOLO,"WEST SACRAMENTO",-121.54904174804688,38.579246520996094
9271497,2021,2021-06-18,5703,2021-05-04,1508,2070,51,2,5,4,5703,0,0,0,,0,004,"EAST MAIN ST","RT 5",125.00,W,N,A,-,Y,YOL,3,5,-,-,6.238,R,4,N,,4,0,3,2,A,-,03,22350,,N,C,C,A,A,H,-,A,A,0,,,,,Y,,A,07,0,0,3,0,0,0,0,0,0,"- ",NF,38.677108764648438,-121.74456024169922,YOLO,WOODLAND,-121.74112701416016,38.67462158203125
91515157,2021,2021-07-22,9280,2021-06-30,1620,016520,,3,2,4,5704,0,1,1,,2,010,"I-80 E/B","REED AVE.",2640.00,W,N,A,-,Y,,,80,,,,,,E,Y,4,0,1,3,A,-,03,22350,,N,C,C,A,A,H,-,A,D,0,,,,,Y,,A,07,0,0,1,0,0,0,0,0,0,"- ","- ",38.585250854492188,-121.55655670166016,YOLO,"WEST SACRAMENTO",-121.55655670166016,38.585247039794922
9255356,2021,2021-05-11,5704,2021-04-27,2230,06212,,2,5,4,5704,0,0,0,,0,002,"JEFFERSON BL","CIRCLE ST",0.00,,Y,A,-,N,,,,,,,,,,N,3,0,1,2,A,-,05,21650,1,N,D,G,A,A,H,-,C,D,0,,Y,,,Y,,L,04,0,1,0,0,0,0,1,0,0,"- ","- ",38.569660186767578,-121.52440643310547,YOLO,"WEST SACRAMENTO",-121.52433013916016,38.569625854492188
9249194,2021,2021-04-26,5703,2021-03-26,1647,2070,73,5,5,4,5703,0,0,0,,0,004,"E GUM AV","HOMSTEAD WY",0.00,,Y,A,-,,,,,,,,,,,Y,4,0,3,2,A,-,03,22350,,N,C,C,A,A,H,-,A,D,0,,,,,Y,,D,22,0,0,3,0,0,0,0,0,0,"- ","- ",38.669639587402344,-121.73738861083984,YOLO,WOODLAND,-121.73735809326172,38.66961669921875
91430895,2021,2021-05-27,9280,2021-03-12,2125,017874,,5,2,9,5700,0,1,1,,2,030,"INTERSTATE 5","COUNTY ROAD 13",2640.00,S,N,A,-,Y,,,5,,,,,,,Y,3,0,1,1,A,-,08,22107,,N,F,I,A,A,H,-,D,D,0,,,,,Y,,A,01,0,1,0,0,0,0,0,0,0,"- ","- ",38.788078308105469,-121.87191772460938,YOLO,UNINCORPORATED,-121.87187194824219,38.788150787353516
91648110,2021,2021-12-10,9280,2021-11-27,2245,018205,,6,3,9,5700,0,1,3,,2,034,"STATE ROUTE 16","COUNTY ROAD 43",784.00,E,N,A,-,Y,,,16,,,,,,,N,2,0,1,1,A,-,01,23152,A,N,E,I,A,A,H,-,D,D,0,,,,,Y,Y,D,22,1,0,0,0,0,0,0,0,0,"- ","- ",38.855998992919922,-122.21173095703125,YOLO,UNINCORPORATED,-122.21166229248047,38.856067657470703
9223634,2021,2021-03-25,5704,2021-01-21,1821,06699,,4,5,4,5704,0,0,0,,0,003,"SOUTHPORT PKWY","LAKE WASHINGTON BL",3000.00,W,N,A,-,N,,,,,,,,,,Y,3,0,1,1,A,-,08,22107,,N,E,I,A,A,H,-,D,D,0,,,,,Y,,-,,0,1,0,0,0,0,0,0,0,"- ","- ",38.556400299072266,-121.54060363769531,YOLO,"WEST SACRAMENTO",-121.55107879638672,38.556346893310547
9277074,2021,2021-06-17,5703,2021-05-29,1100,2835,33,6,5,4,5703,0,0,0,,0,001,"CLEARWATER WY","CRYSTAL SPRINGS DR",40.00,W,N,A,-,N,,,,,,,,,,N,4,0,1,2,A,-,03,22350,,N,D,E,A,A,H,-,A,D,0,,,,,Y,,A,01,0,0,1,0,0,0,0,0,0,"- ","- ",38.668838500976562,-121.75218200683594,YOLO,WOODLAND,-121.75225830078125,38.668819427490234
91407470,2021,2021-05-27,9280,2021-02-05,0620,015437,,5,1,9,5700,0,1,1,,2,031,"I-505 S/B","COUNTY ROAD 14",5280.00,N,N,A,-,Y,,,505,,,,,,S,Y,4,0,1,1,A,-,08,22107,,N,F,A,A,A,H,-,B,D,0,,,,,Y,,A,01,0,0,1,0,0,0,0,0,0,"- ","- ",38.792728424072266,-121.94377136230469,YOLO,UNINCORPORATED,-121.94366455078125,38.792709350585938
9360854,2021,2021-12-06,5703,2021-10-25,1847,2144,15,1,5,4,5703,0,0,0,,0,004,"EAST GIBSON RD","WASHINGTON DR",121.00,E,N,A,-,N,,,,,,,,,,N,2,0,1,2,A,-,11,21955,,F,G,B,D,A,H,-,B,A,0,Y,,,,Y,,N,60,1,0,0,0,1,0,0,0,0,"- ","- ",38.662899017333984,-121.75908660888672,YOLO,WOODLAND,-121.75875854492188,38.662803649902344
91411978,2021,2021-05-27,9280,2021-02-09,1540,019478,,2,2,9,5700,0,1,1,,2,020,"I-5 N/B","N EAST ST",2640.00,S,N,B,-,Y,,,,,,,,,,N,4,0,1,2,A,-,07,21658,A,F,B,C,A,A,H,-,A,A,0,,,,,Y,,-,99,0,0,1,0,0,0,0,0,0,"- ","- ",38.693500518798828,-121.75826263427734,YOLO,UNINCORPORATED,-121.75770568847656,38.69305419921875
91418228,2021,2021-05-12,9280,2021-02-22,0135,021277,,1,3,9,5700,0,2,4,,1,021,CR-102,"COUNTY ROAD 17",3326.00,S,N,A,-,N,,,,,,,,,,Y,2,0,1,1,A,-,08,22107,,N,F,A,A,A,H,-,D,D,0,,,,,Y,,D,22,1,0,0,0,0,0,0,0,0,"- ","- ",38.725421905517578,-121.72988891601562,YOLO,UNINCORPORATED,-121.73000335693359,38.725482940673828
91537992,2021,2021-08-05,9280,2021-07-28,1730,018157,,3,2,4,5704,0,1,2,,2,011,"US-50 EASTBOUND","SACRAMENTO COUNTY LINE",528.00,W,N,A,-,Y,,,50,,,,,,E,Y,4,0,1,3,A,-,03,22350,,N,C,C,A,A,H,-,A,D,0,,,,,Y,,A,07,0,0,1,0,0,0,0,0,0,"- ","- ",38.572120666503906,-121.51692962646484,YOLO,"WEST SACRAMENTO",-121.51692962646484,38.572120666503906
91573417,2021,2021-09-17,9280,2021-09-07,0735,013927,,2,1,9,5700,0,1,1,,2,010,"I-80 W/B","POLE LINE ROAD",5491.00,E,N,A,-,Y,,,,,,,,,,Y,3,0,1,2,A,-,03,22350,,N,C,2,A,A,H,-,A,D,0,,,,,Y,,A,01,0,1,0,0,0,0,0,0,0,"- ","- ",38.550098419189453,-121.70729827880859,YOLO,UNINCORPORATED,-121.70772552490234,38.550083160400391
91590687,2021,2021-10-07,9280,2021-09-30,1520,018352,,4,2,5,5701,0,1,1,,2,010,"I-80 W/B","RICHARDS BLVD",2300.00,E,N,A,-,Y,,,80,,,,,,W,Y,4,0,1,2,A,-,08,22107,,N,B,2,A,A,H,-,A,D,0,,,,,Y,,A,01,0,0,1,0,0,0,0,0,0,"- ","- ",38.544498443603516,-121.72969055175781,YOLO,DAVIS,-121.72969818115234,38.544509887695312
9282067,2021,2021-07-14,5704,2021-06-20,0157,06194,,7,5,4,5704,0,0,0,,0,002,"HARBOR BL","BEACON BL",0.00,,Y,A,-,N,,,,,,,,,,Y,3,0,1,1,A,-,01,23152,B,M,E,I,A,A,H,-,C,A,0,,,,,Y,Y,A,07,0,1,0,0,0,0,0,0,0,"- ","- ",38.571910858154297,-121.54859161376953,YOLO,"WEST SACRAMENTO",-121.54863739013672,38.571922302246094
9289033,2021,2021-07-23,5701,2021-06-19,1540,72,7,6,5,5,5701,0,0,0,,0,003,"FLORINDA LN","ELIGIO LN",108.00,W,N,A,-,N,,,,,,,,,,Y,3,0,1,2,A,-,01,23152,F,N,B,E,A,A,H,-,A,D,0,,,,,Y,,A,01,0,1,0,0,0,0,0,0,0,"- ","- ",38.558940887451172,-121.71073150634766,YOLO,DAVIS,-121.71109008789062,38.559043884277344
9298703,2021,2021-08-12,5704,2021-07-29,1902,06682,,4,5,4,5704,0,0,0,,0,001,"WEST CAPITOL AV","JEFFERSON BL",688.00,E,N,A,-,N,,,,,,,,,,Y,3,0,1,1,A,-,08,22107,,N,E,I,A,A,H,-,A,D,0,,,,,Y,,A,07,0,1,0,0,0,0,0,0,0,"- ","- ",38.580661773681641,-121.52651977539062,YOLO,"WEST SACRAMENTO",-121.52433776855469,38.58123779296875
9341898,2021,2021-11-23,5704,2021-10-01,2001,06153,,5,5,4,5704,0,0,0,,0,001,"KEGLE DR","SACRAMENTO AV",60.00,N,N,A,-,N,,,,,,,,,,Y,3,0,2,4,A,-,03,22350,,N,C,C,A,A,H,-,C,A,0,,,,,Y,,A,07,0,1,1,0,0,0,0,0,0,"- ","- ",38.589550018310547,-121.52681732177734,YOLO,"WEST SACRAMENTO",-121.52677154541016,38.589672088623047
91576757,2021,2021-09-22,9280,2021-09-15,0640,017964,,3,1,4,5704,0,1,2,,2,011,"US-50 E/B","HARBOR BLVD",1145.00,W,N,A,-,Y,,,50,,,,,,E,Y,4,0,1,2,A,-,08,22107,,N,C,C,A,A,H,-,B,A,0,,,,,Y,,D,22,0,0,1,0,0,0,0,0,0,"- ","- ",38.574970245361328,-121.55307006835938,YOLO,"WEST SACRAMENTO",-121.55307006835938,38.574943542480469
9255358,2021,2021-05-19,5704,2021-04-17,1328,06579,,6,5,4,5704,0,0,0,,0,002,"JEFFERSON BL","RT 50",0.00,,Y,A,-,Y,YOL,3,50,-,-,2.918,R,4,W,Y,3,0,5,2,A,-,12,21453,A,N,D,C,A,A,H,-,A,A,0,,,,,Y,,A,01,0,4,1,0,0,0,0,0,0,"- ",WF,38.576438903808594,-121.52484130859375,YOLO,"WEST SACRAMENTO",-121.51882171630859,38.5740966796875
9275851,2021,2021-06-29,5703,2021-06-03,0755,2865,,4,5,4,5703,0,0,0,,0,002,"COUNTY ROAD 98","W BEAMER ST",0.00,,Y,A,-,Y,YOL,3,16,-,R,41.054,I,5,E,Y,4,0,1,2,A,-,09,21801,A,N,D,C,A,A,H,-,A,B,0,,,,,Y,,A,01,0,0,1,0,0,0,0,0,0,"- ","- ",,,YOLO,WOODLAND,-121.80250549316406,38.683731079101562
91468011,2021,2021-05-27,9280,2021-03-26,1859,016144,,5,2,9,5700,0,3,5,,2,002,"COUNTY ROAD 102","COUNTY ROAD 29",1056.00,S,N,A,-,N,,,,,,,,,,Y,1,1,4,2,A,-,05,21650,,N,A,C,A,A,H,-,A,D,0,,,,,Y,,A,01,1,3,0,0,0,0,0,0,0,"- ","- ",38.585300445556641,-121.7303466796875,YOLO,UNINCORPORATED,-121.73030853271484,38.58612060546875
91586429,2021,2021-10-04,9280,2021-09-25,1205,015437,,6,1,9,5700,0,1,1,,2,030,"I-5 S/B","COUNTY ROAD 11",844.00,S,N,A,-,Y,,,5,,,,,,S,Y,3,0,1,1,A,-,08,22107,,N,E,J,A,A,H,-,A,D,0,,,,,Y,,A,01,0,1,0,0,0,0,0,0,0,"- ","- ",38.821849822998047,-121.90740966796875,YOLO,UNINCORPORATED,-121.90729522705078,38.821968078613281
9323425,2021,2021-10-20,5704,2021-09-07,1545,06092,,2,5,4,5704,0,0,0,,0,003,"JEFFERSON BL","LAKE WASHINGTON BL",0.00,,Y,A,-,N,,,,,,,,,,Y,3,0,3,2,A,-,12,21453,A,F,D,C,A,A,H,-,A,A,0,,,,,Y,,A,08,0,2,1,0,0,0,0,0,0,"- ","- ",38.552661895751953,-121.53723907470703,YOLO,"WEST SACRAMENTO",-121.537353515625,38.552722930908203
9346961,2021,2021-10-20,5701,2021-08-24,1758,235,4,2,5,5,5701,0,0,0,,0,002,"E 8TH ST","D ST",0.00,,Y,A,-,N,,,,,,,,,,Y,3,0,1,2,A,-,12,22450,A,N,D,C,A,A,H,-,A,A,0,,,,,Y,,A,01,0,1,0,0,0,0,0,0,0,"- ","- ",38.550941467285156,-121.74446868896484,YOLO,DAVIS,-121.74443054199219,38.550968170166016
91421771,2021,2021-05-27,9280,2021-02-27,0730,019094,,6,1,9,5700,0,3,5,,2,001,"OLD RIVER RD.","COUNTY RD. 128A",8448.00,N,N,A,-,N,,,,,,,,,,Y,3,0,2,2,A,-,08,22107,,N,F,A,A,A,H,-,A,D,0,,,,,Y,,A,01,0,2,0,0,0,0,0,0,0,"- ","- ",38.647060394287109,-121.57721710205078,YOLO,UNINCORPORATED,-121.56771087646484,38.644500732421875
91497799,2021,2021-06-15,9280,2021-06-05,1355,017983,,6,1,4,5704,0,1,1,,2,010,"I-80 W/B W/O REED AVE","CAPITOL AVE",350.00,E,N,A,-,Y,,,80,,,,,,W,Y,3,0,6,3,A,-,03,22350,,N,C,C,A,A,H,-,A,D,0,,,,,Y,,A,01,0,2,4,0,0,0,0,0,0,"- ","- ",38.580348968505859,-121.56022644042969,YOLO,"WEST SACRAMENTO",-121.56024169921875,38.580360412597656
91525670,2021,2021-07-21,9280,2021-07-13,0815,015534,,2,1,4,5704,0,1,2,,2,011,"US-50 W/B","ENTERPRISE BLVD",4013.00,E,N,A,-,Y,,,50,,,,,,W,Y,4,0,1,2,A,-,03,22350,,N,C,C,A,A,H,-,A,D,0,,,Y,,Y,,C,02,0,0,1,0,0,0,0,0,1,"- ","- ",38.575550079345703,-121.56320953369141,YOLO,"WEST SACRAMENTO",-121.56320953369141,38.575592041015625
91566724,2021,2021-09-09,9280,2021-08-27,1600,018316,,5,2,9,5700,0,3,5,,2,003,"COUNTY ROAD 89","COUNTY ROAD 25",1550.00,N,N,A,-,N,,,,,,,,,,Y,3,0,1,1,A,-,08,22107,,N,E,I,A,A,H,-,A,D,0,,,,,Y,,A,01,0,1,0,0,0,0,0,0,0,"- ","- ",38.65380859375,-121.97109985351562,YOLO,UNINCORPORATED,-121.97115325927734,38.653793334960938
91569915,2021,2021-09-14,9280,2021-09-06,0420,019986,,1,3,9,5700,0,3,5,,2,003,CR-95,"GIBSON ROAD",1320.00,S,N,A,-,N,,,,,,,,,,Y,3,0,2,1,A,-,08,22107,,N,E,J,A,A,H,-,D,D,0,,,,,Y,,A,01,0,2,0,0,0,0,0,0,0,"- ","- ",38.659770965576172,-121.85809326171875,YOLO,UNINCORPORATED,,
91598037,2021,2021-10-15,9280,2021-10-08,1615,018874,,5,2,9,5700,0,1,1,,2,031,"I-505 S/B","COUNTY ROAD 19",2534.00,N,N,A,-,Y,,,505,,,,,,S,Y,3,0,1,2,A,-,08,22107,,N,B,2,A,A,H,-,A,D,0,,,,,Y,,A,07,0,1,0,0,0,0,0,0,0,"- ","- ",38.726909637451172,-121.95774078369141,YOLO,UNINCORPORATED,-121.95774841308594,38.726909637451172
91600533,2021,2021-10-19,9280,2021-10-11,0740,017963,,1,1,4,5704,0,1,2,,2,011,"US-50 W/B","YOLO/SACRAMENTO COUNTY LINE",200.00,W,N,A,G,Y,,,50,,,,,,W,Y,4,0,1,2,A,-,03,22350,,N,C,C,A,A,H,-,B,D,0,,,,,Y,,A,01,0,0,1,0,0,0,0,0,0,"- ","- ",38.571769714355469,-121.51624298095703,YOLO,"WEST SACRAMENTO",-121.51622009277344,38.571792602539062
9216583,2021,2021-03-11,5701,2021-01-13,1000,127,6,3,5,5,5701,0,0,0,,0,003,"POLE LINE RD","CLAREMONT DR",180.00,N,N,A,-,N,,,,,,,,,,Y,3,0,1,1,A,-,05,21650,,N,A,I,A,A,H,-,A,D,0,,,,,Y,,A,01,0,1,0,0,0,0,0,0,0,"- ","- ",38.562389373779297,-121.73107147216797,YOLO,DAVIS,-121.73113250732422,38.561031341552734
91617343,2021,2021-11-05,9280,2021-10-29,0430,021277,,5,3,9,5700,0,1,1,,2,010,"I-80 W/B","WEBSTER UNDERCROSSING",6336.00,E,N,B,-,Y,,,80,,,,,,W,Y,4,0,2,3,A,-,03,22350,,N,C,C,A,A,H,-,D,D,0,,,,,Y,,A,01,0,0,2,0,0,0,0,0,0,"- ","- ",38.567401885986328,-121.616943359375,YOLO,UNINCORPORATED,-121.616943359375,38.567401885986328
9257314,2021,2021-05-07,5703,2021-03-31,0852,2857,31,3,5,4,5703,0,0,0,,0,001,"EAST MAIN ST","RT 5",28.00,E,N,A,-,N,,,,,,,,,,Y,4,0,1,2,A,-,03,22350,,N,C,C,A,A,H,-,A,D,0,,,,Y,Y,,A,01,0,0,1,0,0,0,0,0,0,"- ","- ",,,YOLO,WOODLAND,-121.74528503417969,38.677204132080078
9293647,2021,2021-10-13,5704,2021-07-13,1822,06092,,2,5,4,5704,0,0,0,,0,002,"RT 50","5TH ST",0.00,,Y,A,-,Y,YOL,3,50,-,-,2.811,R,1,W,N,4,0,1,2,A,-,04,21703,,N,C,C,A,A,H,-,A,A,0,,,,,Y,,D,22,0,0,1,0,0,0,0,0,0,WF,"- ",38.576961517333984,-121.51686096191406,YOLO,"WEST SACRAMENTO",-121.52017211914062,38.575279235839844
9313489,2021,2021-09-16,5701,2021-07-30,2149,60,6,5,5,5,5701,0,0,0,,0,003,"EAST COVELL BL","MANZANITA LN",0.00,,Y,A,-,N,,,,,,,,,,Y,3,0,1,2,A,-,01,23153,A,F,D,C,A,A,H,-,C,A,0,,,,,Y,Y,A,01,0,1,0,0,0,0,0,0,0,"- ","- ",38.561569213867188,-121.72071838378906,YOLO,DAVIS,-121.72087097167969,38.563217163085938
91503156,2021,2021-10-07,9280,2021-06-17,0640,016289,,4,1,4,5704,0,1,1,,2,010,"I-80 E/B","ENTERPRISE BOULEVARD",5280.00,W,N,A,-,Y,,,,,,,,,,Y,4,0,1,2,A,-,03,22350,,N,C,C,A,A,H,-,A,D,0,,,,,Y,,A,01,0,0,1,0,0,0,0,0,0,"- ","- ",38.341300964355469,-121.35513305664062,YOLO,"WEST SACRAMENTO",-121.57752990722656,38.574138641357422
91610885,2021,2021-10-29,9280,2021-10-23,1545,019986,,6,2,9,5700,0,3,5,,2,001,"OLD RIVER RD.",CR-126,120.00,N,N,B,-,N,,,,,,,,,,Y,4,0,1,2,A,-,03,22350,,N,B,C,A,B,H,-,A,D,0,,,,,Y,,A,01,0,0,1,0,0,0,0,0,0,"- ","- ",38.607681274414062,-121.56017303466797,YOLO,UNINCORPORATED,-121.56019592285156,38.607608795166016
91655393,2021,2021-12-17,9280,2021-12-13,0529,017964,,1,3,4,5704,0,1,2,,2,011,"US-50 W/B","5TH ST",800.00,W,N,C,G,Y,,,50,,,,,,W,Y,4,0,1,1,A,-,03,22350,,N,E,I,A,B,H,-,D,A,0,,,,,Y,,A,01,0,0,1,0,0,0,0,0,0,"- ","- ",38.575771331787109,-121.52066802978516,YOLO,"WEST SACRAMENTO",-121.52069854736328,38.575733184814453
9241936,2021,2021-04-15,5704,2021-03-05,1905,06062,,5,5,4,5704,0,0,0,,0,003,"JEFFERSON BL","ARMFIELD AV",1218.00,W,N,A,-,N,,,,,,,,,,Y,4,0,1,1,A,-,03,22350,,N,H,A,A,A,H,-,C,D,0,,,,,Y,,A,07,0,0,1,0,0,0,0,0,0,"- ","- ",38.507999420166016,-121.57879638671875,YOLO,"WEST SACRAMENTO",-121.58168029785156,38.505344390869141
9278237,2021,2021-06-29,5703,2021-05-08,1130,2822,71,6,5,4,5703,0,0,0,,0,004,"E GUM AV","HOMESTEAD WY",30.00,E,N,A,-,N,,,,,,,,,,,4,0,1,2,A,-,05,21650,,F,A,C,A,A,H,-,A,A,0,,,,,Y,,A,01,0,0,1,0,0,0,0,0,0,"- ","- ",38.669780731201172,-121.73731994628906,YOLO,WOODLAND,-121.73726654052734,38.669658660888672
91405485,2021,2021-05-27,9280,2021-02-03,2051,017963,,3,2,9,5700,0,1,3,,2,034,"STATE ROUTE 16","WINNERS RD.",1584.00,E,N,B,-,Y,,,,,,,,,,Y,2,0,3,2,A,-,01,23152,A,N,A,C,A,B,H,-,D,D,0,,,,,Y,Y,D,22,1,1,1,0,0,0,0,0,0,"- ","- ",38.731548309326172,-121.73155212402344,YOLO,UNINCORPORATED,-122.14304351806641,38.731681823730469
91639569,2021,2021-12-01,9280,2021-11-20,1305,016289,,6,1,5,5701,0,1,1,,2,010,"I-80 E/B","CHILES ROAD",3168.00,E,N,A,-,Y,,,,,,,,,,Y,4,0,1,1,A,-,01,23152,F,N,E,J,A,A,H,-,A,D,0,,,,,Y,,A,01,0,0,1,0,0,0,0,0,0,"- ","- ",38.56536865234375,-121.62692260742188,YOLO,DAVIS,-121.71051025390625,38.549072265625
91672853,2021,2022-01-06,9280,2021-12-31,1525,019377,,5,2,9,5700,0,3,5,,2,001,"OLD RIVER ROAD","POWERLINE ROAD",260.00,N,N,B,-,N,,,,,,,,,,Y,3,0,2,1,A,-,08,22107,,N,E,I,A,A,H,-,A,D,0,,,,,Y,,A,01,0,2,0,0,0,0,0,0,0,"- ","- ",38.647258758544922,-121.57747650146484,YOLO,UNINCORPORATED,,
9287068,2021,2021-09-08,5703,2021-07-11,1223,2157,14,7,5,4,5703,0,0,0,,0,003,"GIBSON RD","AUBURN WY",0.00,,Y,A,-,N,,,,,,,,,,Y,4,0,2,2,A,-,03,22350,,N,C,C,A,A,H,-,A,D,0,,,,,Y,,A,07,0,0,2,0,0,0,0,0,0,"- ","- ",38.662868499755859,-121.77053070068359,YOLO,WOODLAND,-121.77053833007812,38.66290283203125
9324207,2021,2021-09-27,5704,2021-08-31,1905,06092,,2,5,4,5704,0,0,0,,0,001,"JAMES ST","8TH ST",33.00,E,N,A,-,N,,,,,,,,,,N,3,0,1,3,A,-,10,21954,B,N,G,B,E,A,H,-,A,D,0,Y,,,,Y,,A,01,0,1,0,0,1,0,0,0,0,"- ","- ",38.591758728027344,-121.51683807373047,YOLO,"WEST SACRAMENTO",-121.51670837402344,38.591724395751953
9391227,2021,2022-02-02,5701,2021-12-22,1307,83,8,3,5,5,5701,0,0,0,,0,004,"RICHARDS BL","RESEARCH PARK DR",16.00,W,N,C,-,N,,,,,,,,,,Y,3,0,3,4,A,-,01,23152,A,N,C,-,A,B,H,-,A,D,0,,,,,Y,Y,A,01,0,1,2,0,0,0,0,0,0,"- ","- ",38.539848327636719,-121.73133087158203,YOLO,DAVIS,-121.7314453125,38.539955139160156
91491363,2021,2021-06-07,9280,2021-05-26,0340,021265,,3,3,9,5700,0,1,1,,2,020,"I-5 N/B","OLD RIVER ROAD",10560.00,N,N,A,-,Y,,,5,,,,,,N,Y,4,0,1,1,A,-,08,22107,,N,E,I,A,A,H,-,D,D,0,,,,,Y,,A,01,0,0,1,0,0,0,0,0,0,"- ","- ",38.673599243164062,-121.66660308837891,YOLO,UNINCORPORATED,-121.66660308837891,38.673614501953125