CASE_ID,ACCIDENT_YEAR,PROC_DATE,JURIS,COLLISION_DATE,COLLISION_TIME,OFFICER_ID,REPORTING_DISTRICT,DAY_OF_WEEK,CHP_SHIFT,POPULATION,CNTY_CITY_LOC,SPECIAL_COND,BEAT_TYPE,CHP_BEAT_TYPE,CITY_DIVISION_LAPD,CHP_BEAT_CLASS,BEAT_NUMBER,PRIMARY_RD,SECONDARY_RD,DISTANCE,DIRECTION,INTERSECTION,WEATHER_1,WEATHER_2,STATE_HWY_IND,CALTRANS_COUNTY,CALTRANS_DISTRICT,STATE_ROUTE,ROUTE_SUFFIX,POSTMILE_PREFIX,POSTMILE,LOCATION_TYPE,RAMP_INTERSECTION,SIDE_OF_HWY,TOW_AWAY,COLLISION_SEVERITY,NUMBER_KILLED,NUMBER_INJURED,PARTY_COUNT,PRIMARY_COLL_FACTOR,PCF_CODE_OF_VIOL,PCF_VIOL_CATEGORY,PCF_VIOLATION,PCF_VIOL_SUBSECTION,HIT_AND_RUN,TYPE_OF_COLLISION,MVIW,PED_ACTION,ROAD_SURFACE,ROAD_COND_1,ROAD_COND_2,LIGHTING,CONTROL_DEVICE,CHP_ROAD_TYPE,PEDESTRIAN_ACCIDENT,BICYCLE_ACCIDENT,MOTORCYCLE_ACCIDENT,TRUCK_ACCIDENT,NOT_PRIVATE_PROPERTY,ALCOHOL_INVOLVED,STWD_VEHTYPE_AT_FAULT,CHP_VEHTYPE_AT_FAULT,COUNT_SEVERE_INJ,COUNT_VISIBLE_INJ,COUNT_COMPLAINT_PAIN,COUNT_PED_KILLED,COUNT_PED_INJURED,COUNT_BICYCLIST_KILLED,COUNT_BICYCLIST_INJURED,COUNT_MC_KILLED,COUNT_MC_INJURED,PRIMARY_RAMP,SECONDARY_RAMP,LATITUDE,LONGITUDE,COUNTY,CITY,POINT_X,POINT_Y
91546871,2021,2021-08-17,9280,2021-08-05,0545,015128,,4,3,9,5700,0,3,5,,2,002,CR-24,CR-96,1584.00,E,N,A,-,N,,,,,,,,,,Y,2,0,2,2,A,-,06,21751,,N,A,C,A,A,H,-,B,D,0,,,,,Y,,A,01,1,0,1,0,0,0,0,0,0,"- ","- ",38.663341522216797,-121.83590698242188,YOLO,UNINCORPORATED,-121.83406829833984,38.663356781005859
91565699,2021,2021-09-08,9280,2021-08-27,1805,016520,,5,2,4,5704,0,1,2,,2,011,"US-50 EASTBOUND","JEFFERSON BLVD",2436.00,W,N,A,-,Y,,,,,,,,,,Y,3,0,1,3,A,-,03,22350,,N,C,C,A,A,H,-,A,D,0,,,,,Y,,A,07,0,1,0,0,0,0,0,0,0,"- ","- ",33.575298309326172,-121.53338623046875,YOLO,"WEST SACRAMENTO",-121.52555084228516,38.577049255371094
91578876,2021,2021-09-24,9280,2021-09-15,0100,021265,,3,3,4,5704,0,1,1,,2,010,"I-80 E/B","REED AVE",400.00,W,N,A,-,Y,,,80,,,,,,E,Y,4,0,1,1,A,-,08,22107,,N,E,J,A,A,H,-,D,D,0,,,,,Y,,A,07,0,0,1,0,0,0,0,0,0,"- ","- ",38.591041564941406,-121.55232238769531,YOLO,"WEST SACRAMENTO",-121.55253601074219,38.5911865234375
9275850,2021,2021-06-29,5703,2021-05-28,1353,2832,33,5,5,4,5703,0,0,0,,0,004,"EAST GIBSON RD","RT 113",0.00,,Y,A,-,Y,YOL,3,113,-,R,9.471,R,4,S,Y,3,0,1,2,A,-,12,21453,A,N,D,C,A,A,H,-,A,A,0,,,,,Y,,A,07,0,1,0,0,0,0,0,0,0,"- ",SF,38.662799835205078,-121.75453186035156,YOLO,WOODLAND,-121.75137329101562,38.666183471679688
9282073,2021,2021-07-14,5704,2021-06-15,2107,06208,,2,5,4,5704,0,0,0,,0,001,"6TH ST","C ST",0.00,,Y,A,-,N,,,,,,,,,,Y,4,0,1,2,A,-,01,23152,A,N,C,E,A,A,H,-,C,D,0,,,,,Y,Y,A,01,0,0,1,0,0,0,0,0,0,"- ","- ",38.588809967041016,-121.51390838623047,YOLO,"WEST SACRAMENTO",-121.51423645019531,38.588497161865234
9313328,2021,2021-09-09,5701,2021-07-15,1809,121,5,4,5,5,5701,0,0,0,,0,002,"EAST COVELL BL","L ST",290.00,E,N,A,-,N,,,,,,,,,,N,2,0,1,2,A,-,08,22107,,N,H,G,A,A,H,-,A,D,0,,Y,,,Y,,L,04,1,0,0,0,0,0,1,0,0,"- ","- ",38.561111450195312,-121.73898315429688,YOLO,DAVIS,-121.73443603515625,38.561492919921875
91414526,2021,2021-05-27,9280,2021-02-15,1636,018874,,1,2,9,5700,0,3,5,,2,002,"COUNTY ROAD 99","I-5 N/B",284.00,N,N,A,-,Y,,,,,,,,,,Y,2,0,1,2,A,-,03,22350,,N,C,C,A,A,H,-,A,D,0,,,Y,,Y,,C,02,1,0,0,0,0,0,0,0,1,"- ","- ",38.704319000244141,-121.78389739990234,YOLO,UNINCORPORATED,-121.78391265869141,38.704479217529297
91439338,2021,2021-05-27,9280,2021-03-23,1710,016144,,2,2,9,5700,0,1,1,,2,010,"I-80 W/B","COUNTY ROAD 32A",2112.00,E,N,A,-,Y,,,80,,,,,,W,N,4,0,1,2,A,-,03,22350,,N,C,C,A,A,H,-,A,D,0,,,,,Y,,A,01,0,0,1,0,0,0,0,0,0,"- ","- ",38.563991546630859,-121.63591003417969,YOLO,UNINCORPORATED,-121.63591003417969,38.564006805419922
91536947,2021,2021-08-04,9280,2021-07-23,1744,018157,,5,2,9,5700,0,3,5,,2,001,"OLD RIVER RD.","COUNTY RD. 117",190.00,N,N,A,-,N,,,,,,,,,,Y,2,0,4,3,A,-,03,22350,,N,C,C,A,A,H,-,A,D,0,,,,,Y,,A,07,1,2,1,0,0,0,0,0,0,"- ","- ",38.674598693847656,-121.6319580078125,YOLO,UNINCORPORATED,-121.63181304931641,38.674655914306641
91461695,2021,2021-05-27,9280,2021-04-19,1450,019377,,1,2,9,5700,0,1,3,,2,034,SR-16,"TABERS CORNER",30.00,E,N,A,-,Y,,,16,,,,,,,Y,2,0,1,1,A,-,01,23152,A,N,E,8,A,A,H,-,A,D,0,,,,,Y,Y,A,01,1,0,0,0,0,0,0,0,0,"- ","- ",38.704128265380859,-122.11786651611328,YOLO,UNINCORPORATED,-122.11784362792969,38.704208374023438
91479145,2021,2021-05-27,9280,2021-05-11,1510,017963,,2,2,9,5700,0,3,5,,2,002,"COUNTY ROAD 22","COUNTY ROAD 107",168.00,W,N,A,-,N,,,,,,,,,,Y,2,0,5,3,A,-,08,22107,,N,A,C,A,A,H,-,A,D,0,,,,,Y,,A,08,2,1,2,0,0,0,0,0,0,"- ","- ",38.676700592041016,-121.64383697509766,YOLO,UNINCORPORATED,,
91671028,2021,2022-06-07,9280,2021-12-29,1030,015534,,3,1,5,5701,0,1,1,,2,010,"I-80 W/B","MACE BLVD",3960.00,E,N,B,C,Y,,,80,,,,,,W,N,4,0,1,2,A,-,08,22107,,M,B,C,A,B,H,-,A,D,0,,,,,Y,,A,01,0,0,1,0,0,0,0,0,0,"- ","- ",38.556098937988281,-121.68102264404297,YOLO,DAVIS,-121.6810302734375,38.556148529052734
9281862,2021,2021-07-28,5703,2021-06-17,1128,2070,33,4,5,4,5703,0,0,0,,0,004,"E GUM AV","CAPAY VALLEY DR",0.00,,Y,A,-,,,,,,,,,,,Y,4,0,1,2,A,-,04,21703,,N,C,C,A,A,H,-,A,D,0,,,,,Y,,A,01,0,0,1,0,0,0,0,0,0,"- ","- ",,,YOLO,WOODLAND,-121.74845886230469,38.668212890625
9342043,2021,2021-10-22,5704,2021-09-29,1706,06698,,3,5,4,5704,0,0,0,,0,003,"SOUTHPORT PKWY","PROMENADE ST",0.00,,Y,A,-,N,,,,,,,,,,Y,4,0,2,2,A,-,01,23152,G,N,D,C,A,A,H,-,A,A,0,,,,,Y,Y,A,01,0,0,2,0,0,0,0,0,0,"- ","- ",38.545589447021484,-121.56858062744141,YOLO,"WEST SACRAMENTO",-121.56862640380859,38.545585632324219
91385226,2021,2021-05-27,9280,2021-01-02,1345,016144,,6,1,9,5700,0,3,5,,2,002,"COUNTY ROAD 95","COUNTY ROAD 25",0.00,,Y,B,-,N,,,,,,,,,,Y,3,0,2,2,A,-,09,21802,A,N,D,C,A,A,H,-,A,A,0,,,,,Y,,A,01,0,2,0,0,0,0,0,0,0,"- ","- ",38.648891448974609,-121.85819244384766,YOLO,UNINCORPORATED,-121.85816192626953,38.648845672607422
91567365,2021,2022-01-20,9280,2021-06-01,1305,015128,,2,1,9,5700,0,3,5,,2,002,CR-108,SR-45,2112.00,S,N,A,-,N,,,,,,,,,,Y,1,1,0,1,A,-,01,23152,F,N,F,A,A,A,H,-,A,D,0,,,,,Y,,D,22,0,0,0,0,0,0,0,0,0,"- ","- ",38.797988891601562,-121.72712707519531,YOLO,UNINCORPORATED,-121.72690582275391,38.798076629638672
91658090,2021,2021-12-21,9280,2021-12-09,1640,018316,,4,2,9,5700,0,1,3,,2,032,SR-128,"YOLO-SOLANO COUNTY LINE",5280.00,E,N,A,-,Y,,,128,,,,,,,Y,3,0,1,1,A,-,03,22350,,N,E,8,A,D,H,-,B,D,0,,,,,Y,,A,01,0,1,0,0,0,0,0,0,0,"- ","- ",38.515430450439453,-122.08033752441406,YOLO,UNINCORPORATED,-122.08035278320312,38.515384674072266
91513703,2021,2021-07-06,9280,2021-06-26,1444,017874,,6,2,9,5700,0,3,5,,2,003,"RUSSELL BLVD. (COUNTY ROAD 32)","COUNTY ROAD 91A",2290.00,W,N,A,-,N,,,,,,,,,,Y,2,0,4,3,A,-,03,22350,,F,C,C,A,A,H,-,A,D,0,,,,,Y,,D,22,2,2,0,0,0,0,0,0,0,"- ","- ",38.537330627441406,-121.93669128417969,YOLO,UNINCORPORATED,-121.93659973144531,38.537311553955078
91653847,2021,2021-12-16,9280,2021-12-08,0142,021277,,3,3,4,5703,0,1,3,,2,022,"SR-113 N/B","EAST GUM AVENUE",1.00,S,N,E,-,Y,,,113,,,,,,N,Y,3,0,1,1,C,-,18,,,N,H,J,A,B,H,-,C,D,0,,,,,Y,,-,"- ",0,1,0,0,0,0,0,0,0,"- ","- ",38.668159484863281,-121.75108337402344,YOLO,WOODLAND,-121.75109100341797,38.668159484863281
91670129,2021,2022-01-04,9280,2021-12-28,0025,021276,,2,3,9,5700,0,1,1,,2,020,"I-5 S/B","OLD RIVER RD",1056.00,N,N,A,-,Y,,,5,,,,,,S,Y,3,0,1,3,C,-,18,,,N,A,C,A,A,H,-,D,D,0,,,,,Y,,-,"- ",0,1,0,0,0,0,0,0,0,"- ","- ",38.673210144042969,-121.63292694091797,YOLO,UNINCORPORATED,-121.63292694091797,38.673179626464844
9250211,2021,2021-04-23,5701,2021-04-13,1609,121,7,2,5,5,5701,0,0,0,,0,003,"2ND ST","PENA DR",0.00,,Y,A,-,N,,,,,,,,,,Y,3,0,2,3,A,-,09,21801,A,N,D,C,A,A,H,-,A,A,0,,,,,Y,,A,01,0,1,1,0,0,0,0,0,0,"- ","- ",38.548969268798828,-121.71563720703125,YOLO,DAVIS,-121.71559143066406,38.548969268798828
9298705,2021,2021-08-16,5704,2021-07-19,1515,00165,,1,5,4,5704,0,0,0,,0,002,"JEFFERSON BL","RT 50",0.00,,Y,A,-,N,,,,,,,,,,N,4,0,1,3,A,-,03,22350,,F,C,C,A,A,H,-,A,A,0,,,,,Y,,A,01,0,0,1,0,0,0,0,0,0,"- ",EO,38.576229095458984,-121.52481079101562,YOLO,"WEST SACRAMENTO",,
9342044,2021,2021-10-22,5704,2021-09-26,1837,06195,,7,5,4,5704,0,0,0,,0,001,"REED AV","IKEA CT",0.00,,Y,A,-,N,,,,,,,,,,N,4,0,1,3,A,-,01,23152,A,N,C,C,A,A,H,-,A,A,0,,,,,Y,Y,A,08,0,0,1,0,0,0,0,0,0,"- ","- ",38.591701507568359,-121.54859924316406,YOLO,"WEST SACRAMENTO",-121.54865264892578,38.591720581054688
91617413,2021,2021-11-05,9280,2021-10-29,1550,018352,,5,2,9,5700,0,1,1,,2,031,"I-505 N/B","COUNTY ROAD 12A",7370.00,N,N,A,-,Y,,,505,,,,,,N,Y,3,0,1,1,A,-,08,22107,,N,F,A,A,A,H,-,A,D,0,,,,,Y,,E,22,0,1,0,0,0,0,0,0,0,"- ","- ",38.835781097412109,-121.93927764892578,YOLO,UNINCORPORATED,-121.93932342529297,38.835777282714844
91654588,2021,2021-12-21,9280,2021-12-08,1842,016144,,3,2,9,5700,0,3,5,,2,002,SR-16,"COUNTY ROAD 96",528.00,W,N,B,-,Y,,,16,,,,,,,Y,3,0,1,3,A,-,08,22107,,N,B,C,A,B,H,-,D,D,0,,,,,Y,,A,01,0,1,0,0,0,0,0,0,0,"- ","- ",38.677909851074219,-121.84139251708984,YOLO,UNINCORPORATED,-121.84139251708984,38.677883148193359
9365031,2021,2021-12-29,5704,2021-11-24,0258,06197,,3,5,4,5704,0,0,0,,0,001,"4TH ST","G ST",120.00,S,N,A,-,N,,,,,,,,,,Y,2,0,1,2,A,-,01,23152,A,N,E,I,A,A,H,-,C,D,0,,,Y,,Y,Y,C,02,1,0,0,0,0,0,0,0,1,"- ","- ",38.58380126953125,-121.51232147216797,YOLO,"WEST SACRAMENTO",-121.51242828369141,38.583423614501953
9388788,2021,2022-01-18,5701,2021-12-17,0245,221,6,5,5,5,5701,0,0,0,,0,003,"POLE LINE RD","5TH ST",30.00,S,N,A,-,N,,,,,,,,,,Y,4,0,1,1,A,-,03,22350,,N,E,I,A,A,H,-,C,A,0,,,,,Y,,A,01,0,0,1,0,0,0,0,0,0,SO,"- ",38.548789978027344,-121.72647857666016,YOLO,DAVIS,-121.72660064697266,38.548755645751953
9208884,2021,2021-03-19,5704,2021-01-16,1217,06579,,6,5,4,5704,0,0,0,,0,001,"REED AV","RT 80",80.00,W,N,A,-,Y,YOL,3,80,-,R,11.219,R,4,E,Y,4,0,3,2,A,-,03,22350,,N,C,C,A,A,H,-,A,A,0,,,,,Y,,A,01,0,0,3,0,0,0,0,0,0,"- ",EF,38.591838836669922,-121.55071258544922,YOLO,"WEST SACRAMENTO",-121.55208587646484,38.591846466064453
9250233,2021,2021-04-23,5701,2021-04-05,1800,106,7,1,5,5,5701,0,0,0,,0,003,"COVELL BL","ALHAMBRA DR",12.00,E,N,A,-,N,,,,,,,,,,N,3,0,2,2,A,-,03,22350,,N,C,C,A,A,H,-,A,A,0,,,,,Y,,A,01,0,2,0,0,0,0,0,0,0,"- ","- ",38.564189910888672,-121.70948791503906,YOLO,DAVIS,-121.70951080322266,38.564125061035156
9273726,2021,2021-06-25,5704,2021-05-12,0103,06017,,3,5,4,5704,0,0,0,,0,002,"JEFFERSON BL","LAKE WASHINGTON BL",0.00,,Y,A,-,N,,,,,,,,,,Y,4,0,1,2,A,-,09,21453,C,N,A,C,A,A,H,-,C,A,0,,,,,Y,,A,01,0,0,1,0,0,0,0,0,0,"- ","- ",38.552661895751953,-121.53723907470703,YOLO,"WEST SACRAMENTO",-121.537353515625,38.552722930908203
9369735,2021,2022-01-05,5701,2021-12-03,0835,229,3,5,5,5,5701,0,0,0,,0,001,"SYCAMORE LN","ALVARADO AV",6.00,N,N,B,-,N,,,,,,,,,,N,2,0,1,2,A,-,10,21950,A,N,G,B,B,B,H,-,A,D,0,Y,,,,Y,,A,01,1,0,0,0,1,0,0,0,0,"- ","- ",38.561729431152344,-121.76393127441406,YOLO,DAVIS,-121.76393127441406,38.561763763427734
91446363,2021,2021-04-08,9280,2021-04-04,1540,017351,,7,2,9,5700,0,1,1,,2,020,"I-5 N/B","COUNTY ROAD 103",9768.00,S,N,A,-,Y,,,5,,,,,,N,Y,4,0,2,2,A,-,04,21703,,N,C,C,A,A,H,-,A,D,0,,,,,Y,,A,01,0,0,2,0,0,0,0,0,0,"- ","- ",38.673671722412109,-121.675048828125,YOLO,UNINCORPORATED,-121.675048828125,38.673656463623047
91520186,2021,2021-07-14,9280,2021-07-06,0450,019094,,2,3,9,5700,0,1,1,,2,020,"I-5 S/B","COUNTY RD 17 O/C",1478.00,S,N,A,-,Y,,,5,,,,,,S,Y,3,0,1,2,A,-,01,23152,A,N,C,C,A,A,H,-,D,D,0,,,,Y,Y,Y,A,01,0,1,0,0,0,0,0,0,0,"- ","- ",38.732269287109375,-121.81535339355469,YOLO,UNINCORPORATED,-121.81535339355469,38.732265472412109
91655422,2021,2021-12-17,9280,2021-12-13,1030,017964,,1,1,4,5704,0,1,2,,2,011,"US-50 W/B","5TH ST",800.00,W,N,C,G,Y,,,50,,,,,,W,Y,4,0,1,2,A,-,03,22350,,N,E,8,A,B,H,-,A,A,0,,,,Y,Y,,A,01,0,0,1,0,0,0,0,0,0,"- ","- ",38.575771331787109,-121.52066802978516,YOLO,"WEST SACRAMENTO",-121.52069854736328,38.575733184814453
9271505,2021,2021-06-18,5703,2021-05-12,1631,2891,31,3,5,4,5703,0,0,0,,0,001,"EAST MAIN ST","RT 113",85.00,W,N,A,-,Y,YOL,3,113,-,R,9.891,R,4,S,Y,3,0,3,3,A,-,03,22350,,N,C,C,A,A,H,-,A,A,0,,,,,Y,,A,01,0,1,2,0,0,0,0,0,0,"- ",SO,38.677330017089844,-121.7529296875,YOLO,WOODLAND,-121.75128936767578,38.6722412109375
91428607,2021,2021-05-27,9280,2021-03-04,1255,018316,,4,1,9,5700,0,2,4,,1,021,"COUNTY ROAD 29","COUNTY ROAD 100A",0.00,,Y,A,-,N,,,,,,,,,,Y,3,0,2,3,A,-,09,21801,A,N,D,C,A,A,H,-,A,A,0,,,,,Y,,A,01,0,2,0,0,0,0,0,0,0,"- ","- ",38.589958190917969,-121.76348876953125,YOLO,UNINCORPORATED,-121.763427734375,38.590198516845703
9283451,2021,2021-07-20,5704,2021-06-25,0045,06604,,5,5,4,5704,0,0,0,,0,003,"VILLAGE PKWY","LOCKS DR",735.00,S,N,A,-,N,,,,,,,,,,Y,2,0,1,1,A,-,05,21651,A,N,E,I,A,A,H,-,C,D,0,,,,,Y,,A,01,1,0,0,0,0,0,0,0,0,"- ","- ",38.5601806640625,-121.52333831787109,YOLO,"WEST SACRAMENTO",-121.52340698242188,38.558330535888672
9324813,2021,2021-09-29,5703,2021-08-07,1158,2157,,6,5,4,5703,0,0,0,,0,002,"COTTONWOOD ST","BUCKEYE ST",0.00,,Y,B,-,N,,,,,,,,,,,3,0,1,2,A,-,09,21804,B,N,D,G,A,A,H,-,A,D,0,,Y,,,Y,,L,04,0,1,0,0,0,0,1,0,0,"- ","- ",38.683429718017578,-121.793212890625,YOLO,WOODLAND,-121.79316711425781,38.683403015136719
9378316,2021,2022-01-19,5704,2021-12-29,0349,06197,,3,5,4,5704,0,0,0,,0,002,"JEFFERSON BL","JACKSON ST",0.00,,Y,C,-,N,,,,,,,,,,Y,4,0,1,2,A,-,08,22107,,N,C,E,A,B,H,-,C,D,0,,,,,Y,,A,01,0,0,1,0,0,0,0,0,0,"- ","- ",,,YOLO,"WEST SACRAMENTO",-121.52419281005859,38.574268341064453
9386507,2021,2022-01-07,5704,2021-12-18,2032,06153,,6,5,4,5704,0,0,0,,0,001,"I ST BRIDGE","3RD ST",1056.00,E,N,C,-,N,,,,,,,,,,Y,4,0,2,2,A,-,01,23152,A,F,B,C,A,B,H,-,C,D,0,,,,,Y,Y,D,22,0,0,2,0,0,0,0,0,0,"- ","- ",38.586948394775391,-121.50865173339844,YOLO,"WEST SACRAMENTO",-121.49877166748047,38.582935333251953
91389298,2021,2021-05-27,9280,2021-01-14,1515,019377,,4,2,5,5701,0,1,1,,2,010,"I-80 E/B","MACE BLVD",1800.00,W,N,A,-,Y,,,80,,,,,,E,Y,3,0,1,3,A,-,03,22350,,N,C,C,A,A,H,-,A,D,0,,,,Y,Y,,A,01,0,1,0,0,0,0,0,0,0,"- ","- ",38.551410675048828,-121.70085906982422,YOLO,DAVIS,-121.70085906982422,38.551403045654297
91401178,2021,2021-05-27,9280,2021-01-28,1710,019720,,4,2,5,5701,0,1,1,,2,010,"I-80 WESTBOUND","PELZ BICYCLE PED O/C",1584.00,E,N,B,-,Y,,,80,,,,,,W,Y,4,0,1,2,A,-,08,22107,,N,-,C,A,B,H,-,B,D,0,,,,,Y,,A,01,0,0,1,0,0,0,0,0,0,"- ","- ",38.550300598144531,-121.70626831054688,YOLO,DAVIS,-121.70629119873047,38.550369262695312
91549299,2021,2021-08-19,9280,2021-07-28,0320,019094,,3,3,5,5701,0,1,1,,2,010,"I-80 E/B","MACE BLVD O/C",1584.00,W,N,A,-,Y,,,80,,,,,,E,N,4,0,1,2,A,-,07,21658,A,M,C,C,A,A,H,-,C,D,0,,,,,Y,,A,01,0,0,1,0,0,0,0,0,0,"- ","- ",38.551601409912109,-121.699951171875,YOLO,DAVIS,-121.699951171875,38.551612854003906
91554364,2021,2021-08-25,9280,2021-08-21,0945,018352,,6,1,4,5704,0,1,2,,2,011,"US-50 W/B","HARBOR BLVD",1696.00,W,N,A,-,Y,,,50,,,,,,W,Y,2,0,1,2,A,-,03,22350,,N,C,C,A,A,H,-,A,D,0,,,,,Y,,A,07,1,0,0,0,0,0,0,0,0,"- ","- ",38.575099945068359,-121.55474090576172,YOLO,"WEST SACRAMENTO",-121.55474090576172,38.575149536132812
91649082,2021,2021-12-10,9280,2021-12-03,1205,018941,,5,1,9,5700,0,3,5,,2,002,"OLD RIVER ROAD","COUNTY ROAD 118",1437.00,S,N,A,-,N,,,,,,,,,,N,4,0,1,2,A,-,08,22107,,N,D,C,A,A,H,-,A,D,0,,,,,Y,,A,01,0,0,1,0,0,0,0,0,0,"- ","- ",38.670108795166016,-121.62447357177734,YOLO,UNINCORPORATED,-121.62477111816406,38.670326232910156
91444267,2021,2021-05-27,9280,2021-01-16,1245,015492,,6,1,9,5700,0,2,4,,1,021,"COUNTY ROAD 102","COUNTY ROAD 29",2112.00,S,N,A,-,N,,,,,,,,,,Y,2,0,2,1,A,-,01,23152,G,N,E,I,A,A,H,-,A,D,0,,,,,Y,Y,A,01,2,0,0,0,0,0,0,0,0,"- ","- ",38.58245849609375,-121.73043823242188,YOLO,UNINCORPORATED,-121.73041534423828,38.583221435546875
91526466,2021,2021-07-22,9280,2021-07-14,1656,018157,,3,2,5,5701,0,1,1,,2,010,"I-80 E/B","POLE LINE RD O/C",150.00,E,N,A,-,Y,,,80,,,,,,E,Y,4,0,2,3,A,-,03,22350,,N,C,C,A,A,H,-,A,D,0,,,,,Y,,A,01,0,0,2,0,0,0,0,0,0,"- ","- ",38.545921325683594,-121.72528839111328,YOLO,DAVIS,-121.72527313232422,38.545845031738281
91539168,2021,2021-08-06,9280,2021-07-30,2000,019377,,5,2,9,5700,0,3,5,,2,001,"OLD RIVER RD","ELKHORN REGIONAL PARK DRIVEWAY",15.00,N,N,A,-,N,,,,,,,,,,Y,3,0,1,2,A,-,03,22350,,N,C,C,A,A,H,-,B,D,0,,,,,Y,,A,01,0,1,0,0,0,0,0,0,0,"- ","- ",38.659679412841797,-121.61087036132812,YOLO,UNINCORPORATED,,
91625815,2021,2021-11-16,9280,2021-11-07,0900,017963,,7,1,9,5700,0,1,3,,1,024,SR-16,"COUNTY ROAD 97",1003.00,W,N,A,G,Y,,,16,,,,,,,Y,4,0,1,1,A,-,08,22107,,N,E,I,A,A,H,-,A,D,0,,,,,Y,,A,01,0,0,1,0,0,0,0,0,0,"- ","- ",38.677749633789062,-121.82460021972656,YOLO,UNINCORPORATED,-121.82460021972656,38.677818298339844
91648177,2021,2021-12-09,9280,2021-11-30,1725,016144,,2,2,4,5704,0,1,2,,2,011,"US-50 E/B","YOLO/SACRAMENTO COUNTY LINE",100.00,E,N,A,-,Y,,,50,,,,,,E,N,4,0,1,2,A,-,03,22350,,N,C,C,A,A,H,-,C,D,0,,,,,Y,,A,01,0,0,1,0,0,0,0,0,0,"- ","- ",38.572059631347656,-121.51698303222656,YOLO,"WEST SACRAMENTO",-121.51692962646484,38.572116851806641
91478298,2021,2021-05-20,9280,2021-05-14,0315,021265,,5,3,9,5700,0,1,3,,2,022,"SR-113 N/B","COUNTY ROAD 29",1056.00,N,N,A,-,Y,,,113,,,,,,N,Y,4,0,1,1,A,-,08,22107,,N,F,A,A,A,H,-,D,D,0,,,,,Y,,D,22,0,0,1,0,0,0,0,0,0,"- ","- ",38.600208282470703,-121.76699829101562,YOLO,UNINCORPORATED,-121.76694488525391,38.600208282470703
91424199,2021,2021-05-27,9280,2021-01-03,1413,018157,,7,2,9,5700,0,1,1,,2,030,"INTERSTATE 5 S/B","COUNTY ROAD 13 OVERCROSSING",4975.00,N,N,B,-,Y,,,5,,,,,,S,Y,1,1,1,2,A,-,01,23152,F,N,F,0,A,A,H,-,A,D,0,,,,,Y,,A,07,0,1,0,0,0,0,0,0,0,"- ","- ",38.801998138427734,-121.88700866699219,YOLO,UNINCORPORATED,-121.88692474365234,38.802089691162109
91675720,2021,2022-01-11,9280,2021-12-25,2150,019986,,6,2,9,5700,0,1,3,,2,034,SR-16,CR-82B,15.00,W,N,B,-,Y,,,16,,,,,,,N,3,0,1,1,A,-,08,22107,,N,E,I,A,A,H,-,D,D,0,,,,,Y,,D,22,0,1,0,0,0,0,0,0,0,"- ","- ",38.704570770263672,-122.08677673339844,YOLO,UNINCORPORATED,-122.0867919921875,38.704608917236328
9323367,2021,2021-10-04,5704,2021-08-28,0426,06664,,6,5,4,5704,0,0,0,,0,003,"SOUTHPORT PKWY","RAMCO ST",1000.00,E,N,A,-,N,,,,,,,,,,Y,4,0,1,2,A,-,07,21658,A,N,C,E,A,A,H,-,C,D,0,,,,,Y,,A,01,0,0,1,0,0,0,0,0,0,"- ","- ",38.555309295654297,-121.56334686279297,YOLO,"WEST SACRAMENTO",-121.55998229980469,38.555721282958984
91633211,2021,2021-11-23,9280,2021-11-15,0049,021276,,1,3,9,5700,0,3,5,,2,003,"RUSSELL BLVD","COUNTY ROAD 92F",680.00,W,N,E,-,N,,,,,,,,,,N,4,0,2,1,A,-,01,23152,A,N,E,I,A,B,H,-,D,D,0,,,,,Y,Y,A,01,0,0,2,0,0,0,0,0,0,"- ","- ",38.548828125,-121.90477752685547,YOLO,UNINCORPORATED,-121.9046630859375,38.548797607421875
91392687,2021,2021-05-27,9280,2021-01-18,1410,018316,,1,2,4,5704,0,1,2,,2,011,"US-50 E/B","I-80 W/B TO US-50 E/B",550.00,E,N,A,-,Y,,,50,,,,,,E,Y,4,0,1,3,A,-,07,21658,A,F,B,C,A,A,H,-,A,D,0,,,,Y,Y,,G,25,0,0,1,0,0,0,0,0,0,"- ","- ",38.575141906738281,-121.56037902832031,YOLO,"WEST SACRAMENTO",-121.56037139892578,38.575222015380859