CASE_ID,ACCIDENT_YEAR,PROC_DATE,JURIS,COLLISION_DATE,COLLISION_TIME,OFFICER_ID,REPORTING_DISTRICT,DAY_OF_WEEK,CHP_SHIFT,POPULATION,CNTY_CITY_LOC,SPECIAL_COND,BEAT_TYPE,CHP_BEAT_TYPE,CITY_DIVISION_LAPD,CHP_BEAT_CLASS,BEAT_NUMBER,PRIMARY_RD,SECONDARY_RD,DISTANCE,DIRECTION,INTERSECTION,WEATHER_1,WEATHER_2,STATE_HWY_IND,CALTRANS_COUNTY,CALTRANS_DISTRICT,STATE_ROUTE,ROUTE_SUFFIX,POSTMILE_PREFIX,POSTMILE,LOCATION_TYPE,RAMP_INTERSECTION,SIDE_OF_HWY,TOW_AWAY,COLLISION_SEVERITY,NUMBER_KILLED,NUMBER_INJURED,PARTY_COUNT,PRIMARY_COLL_FACTOR,PCF_CODE_OF_VIOL,PCF_VIOL_CATEGORY,PCF_VIOLATION,PCF_VIOL_SUBSECTION,HIT_AND_RUN,TYPE_OF_COLLISION,MVIW,PED_ACTION,ROAD_SURFACE,ROAD_COND_1,ROAD_COND_2,LIGHTING,CONTROL_DEVICE,CHP_ROAD_TYPE,PEDESTRIAN_ACCIDENT,BICYCLE_ACCIDENT,MOTORCYCLE_ACCIDENT,TRUCK_ACCIDENT,NOT_PRIVATE_PROPERTY,ALCOHOL_INVOLVED,STWD_VEHTYPE_AT_FAULT,CHP_VEHTYPE_AT_FAULT,COUNT_SEVERE_INJ,COUNT_VISIBLE_INJ,COUNT_COMPLAINT_PAIN,COUNT_PED_KILLED,COUNT_PED_INJURED,COUNT_BICYCLIST_KILLED,COUNT_BICYCLIST_INJURED,COUNT_MC_KILLED,COUNT_MC_INJURED,PRIMARY_RAMP,SECONDARY_RAMP,LATITUDE,LONGITUDE,COUNTY,CITY,POINT_X,POINT_Y
91485200,2021,2021-05-28,9280,2021-05-23,1304,019094,,7,1,9,5700,0,1,1,,2,010,"I-80 W/B","WEBSTER RD. U/C",3485.00,E,N,A,-,Y,,,80,,,,,,W,N,4,0,1,2,A,-,03,22350,,N,C,2,A,A,H,-,A,D,0,,,,,Y,,A,01,0,0,1,0,0,0,0,0,0,"- ","- ",38.565750122070312,-121.62638854980469,YOLO,UNINCORPORATED,-121.62638092041016,38.565711975097656
9372697,2021,2021-12-30,5703,2021-09-22,1536,2865,31,3,5,4,5703,0,0,0,,0,004,"EAST MAIN ST","RT 113",256.00,W,N,A,-,Y,YOL,3,113,-,R,9.851,R,4,N,Y,4,0,2,2,A,-,09,21804,A,N,D,C,A,A,H,-,A,D,0,,,,,Y,,D,22,0,0,2,0,0,0,0,0,0,"- ",NF,,,YOLO,WOODLAND,-121.75103759765625,38.671669006347656
9375466,2021,2022-01-12,5704,2021-11-18,0829,06698,,4,5,4,5704,0,0,0,,0,002,"JEFFERSON BL","JACKSON ST",0.00,,Y,B,-,N,,,,,,,,,,N,4,0,2,2,A,-,06,21755,A,N,D,C,A,A,H,-,A,D,0,,,,,Y,,D,22,0,0,2,0,0,0,0,0,0,"- ","- ",38.574390411376953,-121.52420806884766,YOLO,"WEST SACRAMENTO",-121.52419281005859,38.574268341064453
91563996,2021,2021-09-07,9280,2021-08-30,0733,017964,,1,1,4,5704,0,1,2,,2,011,"US-50 W/B","HARBOR BOULEVARD",1584.00,E,N,A,-,Y,,,50,,,,,,W,Y,3,0,1,2,A,-,07,21658,A,N,B,2,A,A,H,-,A,A,0,,,,Y,Y,,A,07,0,1,0,0,0,0,0,0,0,"- ","- ",38.575050354003906,-121.54044342041016,YOLO,"WEST SACRAMENTO",-121.54044342041016,38.575111389160156
9224658,2021,2021-03-10,5702,2021-01-23,1600,544,5702,6,5,2,5702,0,0,0,,0,00A,"GRANT AV","RAILROAD AV",0.00,,Y,A,-,N,,,,,,,,,,Y,2,0,1,2,A,-,06,21755,A,N,D,C,A,A,H,-,A,A,0,,,Y,,Y,,C,02,1,0,0,0,0,0,0,0,1,"- ","- ",,,YOLO,WINTERS,-121.97074890136719,38.525012969970703
9239466,2021,2021-05-03,5704,2021-04-11,1938,06194,,7,5,4,5704,0,0,0,,0,002,"WEST CAPITOL AV","JEFFERSON BL",0.00,,Y,A,-,N,,,,,,,,,,N,4,0,1,2,A,-,21,22106,,N,C,C,A,A,H,-,C,A,0,,,,Y,Y,,G,25,0,0,1,0,0,0,0,0,0,"- ","- ",38.580661773681641,-121.52651977539062,YOLO,"WEST SACRAMENTO",-121.52664947509766,38.580722808837891
9325146,2021,2021-10-28,5704,2021-09-09,2128,06604,,4,5,4,5704,0,0,0,,0,003,"SOUTHPORT PKWY","CARLIN DR",1042.00,N,N,B,-,N,,,,,,,,,,Y,4,0,1,2,A,-,03,22350,,N,C,C,A,B,H,-,C,D,0,,,,Y,Y,,A,01,0,0,1,0,0,0,0,0,0,"- ","- ",38.550991058349609,-121.56675720214844,YOLO,"WEST SACRAMENTO",-121.56600952148438,38.553787231445312
91445170,2021,2021-04-07,9280,2021-03-30,0410,017351,,2,3,9,5700,0,1,3,,2,034,"STATE ROUTE 16","COUNTY ROAD 96",1674.00,W,N,A,-,Y,,,16,,,,,,,N,4,0,2,2,A,-,08,22107,,N,D,C,A,A,H,-,D,D,0,,,,,Y,,A,01,0,0,2,0,0,0,0,0,0,"- ","- ",38.677951812744141,-121.84546661376953,YOLO,UNINCORPORATED,-121.84546661376953,38.677894592285156
91481919,2021,2021-05-27,9280,2021-05-21,1435,017874,,5,2,4,5703,0,1,1,,2,020,"I-5 N/B TO E. MAIN STREET","MAIN STREET",50.00,S,N,A,-,Y,,,5,,,,R,,N,Y,4,0,1,2,A,-,03,22350,,N,C,C,A,A,H,-,A,D,0,,,,,Y,,D,22,0,0,1,0,0,0,0,0,0,"- ","- ",38.6768798828125,-121.74436950683594,YOLO,WOODLAND,-121.74436950683594,38.6768798828125
91506883,2021,2021-06-25,9280,2021-06-17,1005,015534,,4,1,4,5704,0,1,2,,2,011,"US-50 W/B","HARBOR BLVD",2112.00,W,N,A,-,Y,,,50,,,,,,W,Y,3,0,3,2,A,-,03,22350,,N,C,C,A,A,H,-,A,D,0,,,,,Y,,A,01,0,1,2,0,0,0,0,0,0,"- ","- ",38.575180053710938,-121.55682373046875,YOLO,"WEST SACRAMENTO",-121.55681610107422,38.575229644775391
91544519,2021,2021-08-13,9280,2021-08-06,0100,019986,,5,3,9,5700,0,1,1,,2,020,"I-5 N/B",CR-124,633.00,N,N,A,-,Y,,,5,,,,,,N,Y,2,0,2,2,A,-,08,22107,,N,B,C,A,A,H,-,D,D,0,,,,Y,Y,,A,01,2,0,0,0,0,0,0,0,0,"- ","- ",38.673450469970703,-121.64466094970703,YOLO,UNINCORPORATED,-121.64466094970703,38.673496246337891
9245577,2021,2021-04-07,5704,2021-03-12,1029,06616,,5,5,4,5704,0,0,0,,0,002,"RT 80","HARBOR BL",0.00,,Y,A,-,Y,YOL,3,50,-,-,1.379,R,1,W,Y,4,0,1,2,A,-,08,22107,,F,E,I,A,A,H,-,A,A,0,,,,,Y,,A,01,0,0,1,0,0,0,0,0,0,WF,"- ",,,YOLO,"WEST SACRAMENTO",-121.54544067382812,38.575141906738281
91458730,2021,2021-05-27,9280,2021-04-14,0810,015128,,3,1,9,5700,0,3,5,,2,003,CR-24,"EAST OF I-505",8448.00,E,N,A,-,N,,,,,,,,,,N,4,0,1,1,A,-,01,23152,F,N,E,I,A,A,H,-,A,D,0,,,,,Y,,A,07,0,0,1,0,0,0,0,0,0,"- ","- ",38.663871765136719,-121.92198944091797,YOLO,UNINCORPORATED,-121.95166015625,38.663658142089844
9289032,2021,2021-07-23,5701,2021-06-10,0659,227,1,4,5,5,5701,0,0,0,,0,001,"RUSSELL BL","ARTHUR ST",225.00,W,N,A,-,N,,,,,,,,,,Y,2,0,1,1,A,-,05,21650,,N,A,I,A,A,H,-,A,D,0,,,,,Y,,-,,1,0,0,0,0,0,0,0,0,"- ","- ",38.546501159667969,-121.77057647705078,YOLO,DAVIS,-121.77135467529297,38.546470642089844
9292393,2021,2021-07-26,5701,2021-06-30,1915,121,6,3,5,5,5701,0,0,0,,0,003,"POLE LINE RD","CHESTNUT PL",123.00,S,N,A,-,N,,,,,,,,,,Y,3,0,3,3,A,-,03,22350,,N,C,C,A,A,H,-,A,D,0,,,,,Y,,A,01,0,3,0,0,0,0,0,0,0,"- ","- ",38.5595703125,-121.73027038574219,YOLO,DAVIS,-121.72996520996094,38.559356689453125
9323423,2021,2021-10-20,5704,2021-09-06,1933,06210,,1,5,4,5704,0,0,0,,0,002,"5TH ST","F ST",0.00,,Y,A,-,N,,,,,,,,,,Y,3,0,1,2,A,-,09,21802,B,N,D,C,A,A,D,-,B,A,0,,,,,Y,,A,01,0,1,0,0,0,0,0,0,0,"- ","- ",38.584918975830078,-121.51351928710938,YOLO,"WEST SACRAMENTO",-121.5135498046875,38.584880828857422
9373320,2021,2021-12-20,5701,2021-11-22,1844,235,4,1,5,5,5701,0,0,0,,0,002,"E ST","3RD ST",192.00,S,N,A,-,N,,,,,,,,,,N,3,0,1,2,A,-,10,21950,A,N,G,B,C,A,H,-,C,A,0,Y,,,,Y,,A,01,0,1,0,0,1,0,0,0,0,"- ","- ",38.544029235839844,-121.74160766601562,YOLO,DAVIS,-121.74130249023438,38.544013977050781
9379183,2021,2022-01-07,5704,2021-12-09,1128,06017,,4,5,4,5704,0,0,0,,0,003,"SOUTHPORT PKWY","RAMCO ST",335.00,,N,A,-,N,,,,,,,,,,Y,2,0,1,1,A,-,05,21650,,N,A,I,A,A,H,-,A,A,0,,,,,Y,,A,01,1,0,0,0,0,0,0,0,0,"- ","- ",38.555419921875,-121.56349182128906,YOLO,"WEST SACRAMENTO",-121.56343078613281,38.555450439453125
91417041,2021,2021-02-26,9280,2021-02-20,2208,021276,,6,3,4,5704,0,1,1,,2,010,"I-80 W/B","W. CAPITOL AVENUE",1056.00,W,N,A,-,Y,,,80,,,,,,W,N,4,0,2,2,A,-,07,21658,A,F,B,C,A,A,H,-,C,D,0,,,,,Y,,-,99,0,0,2,0,0,0,0,0,0,"- ","- ",38.573871612548828,-121.58085632324219,YOLO,"WEST SACRAMENTO",-121.58086395263672,38.573890686035156
91476628,2021,2021-05-27,9280,2021-05-11,1915,017351,,2,2,9,5700,0,3,5,,2,003,"RUSSELL BOULEVARD","COUNTY ROAD 95",1584.00,W,N,A,-,N,,,,,,,,,,Y,3,0,1,1,A,-,08,22107,,N,E,I,A,A,H,-,B,D,0,,,,,Y,,A,08,0,1,0,0,0,0,0,0,0,"- ","- ",38.547119140625,-121.86463928222656,YOLO,UNINCORPORATED,-121.86398315429688,38.547306060791016
9250185,2021,2021-05-12,5703,2021-04-08,1624,2816,42,4,5,4,5703,0,0,0,,0,002,"COURT ST","WALNUT ST",205.00,W,N,A,-,N,,,,,,,,,,Y,4,0,1,2,A,-,03,22350,,N,C,C,A,A,H,-,A,D,0,,,,,Y,,A,01,0,0,1,0,0,0,0,0,0,"- ","- ",38.678859710693359,-121.77813720703125,YOLO,WOODLAND,-121.77887725830078,38.678810119628906
9299758,2021,2021-09-03,5703,2021-07-26,0633,2145,64,1,5,4,5703,0,0,0,,0,002,"WEST WOODLAND AV","NEVADA AV",0.00,,Y,A,-,N,,,,,,,,,,N,2,0,1,2,A,-,10,21950,C,N,G,B,B,A,H,-,A,D,0,Y,,,,Y,,A,01,1,0,0,0,1,0,0,0,0,"- ","- ",38.688461303710938,-121.78801727294922,YOLO,WOODLAND,-121.78800964355469,38.68841552734375
9357121,2021,2021-12-07,5701,2021-10-12,0801,232,5,2,5,5,5701,0,0,0,,0,002,"EAST COVELL BL","L ST",200.00,E,N,A,-,N,,,,,,,,,,Y,3,0,1,2,A,-,09,21804,A,N,D,C,A,A,H,-,A,D,0,,,,,Y,,-,,0,1,0,0,0,0,0,0,0,"- ","- ",38.561111450195312,-121.73532867431641,YOLO,DAVIS,-121.73471832275391,38.561382293701172
91427518,2021,2021-03-15,9280,2021-03-06,1140,018316,,6,1,9,5700,0,1,3,,2,034,SR-16,"COUNTY ROAD 78A",320.00,E,N,A,-,Y,,,,,,,,,,Y,2,0,2,2,A,-,01,23152,A,N,A,C,A,A,H,-,A,D,0,,,,,Y,Y,A,01,2,0,0,0,0,0,0,0,0,"- ","- ",38.720920562744141,-121.13820648193359,YOLO,UNINCORPORATED,-122.13774871826172,38.720462799072266
91594334,2021,2021-10-12,9280,2021-10-04,1535,016144,,1,2,9,5700,0,2,4,,1,021,"COUNTY ROAD 27","COUNTY ROAD 102",0.00,,Y,A,-,N,,,,,,,,,,Y,4,0,1,2,A,-,09,21802,A,N,D,C,A,A,H,-,A,D,0,,,,,Y,,A,01,0,0,1,0,0,0,0,0,0,"- ","- ",38.618881225585938,-121.72969055175781,YOLO,UNINCORPORATED,-121.72969818115234,38.618854522705078
9342997,2021,2021-10-21,5701,2021-09-20,1450,239,5,1,5,5,5701,0,0,0,,0,002,"COVELL BL","L ST",545.00,E,N,A,-,N,,,,,,,,,,N,4,0,1,2,A,-,09,21804,A,N,D,C,A,A,H,-,A,A,0,,,,,Y,,A,01,0,0,1,0,0,0,0,0,0,"- ","- ",38.560951232910156,-121.73310089111328,YOLO,DAVIS,-121.733642578125,38.561809539794922
91389328,2021,2021-05-27,9280,2021-01-14,1645,019377,,4,2,9,5700,0,1,1,,2,010,"I-80 E/B","POLE LINE RD",525.00,W,N,B,-,Y,,,,,,,,,,N,3,0,3,2,A,-,03,22350,,N,C,C,A,A,H,-,A,D,0,,,,,Y,,A,07,0,3,0,0,0,0,0,0,0,"- ","- ",38.545021057128906,-121.72795104980469,YOLO,UNINCORPORATED,-121.72781372070312,38.545097351074219
91667621,2021,2021-12-31,9280,2021-12-25,1230,017963,,6,1,4,5703,0,1,1,,2,020,"I-5 N/B","EAST ST",898.00,S,N,C,-,Y,,,5,,,,,,N,Y,4,0,1,1,A,-,03,22350,,N,E,I,A,B,F,-,A,D,0,,,,,Y,,A,01,0,0,1,0,0,0,0,0,0,"- ","- ",38.696090698242188,-121.76187133789062,YOLO,WOODLAND,-121.76206207275391,38.695655822753906
9259992,2021,2021-05-20,5704,2021-05-07,1600,06682,,5,5,4,5704,0,0,0,,0,002,"HARBOR BL","WEST CAPITOL AV",200.00,S,N,A,-,N,,,,,,,,,,N,4,0,1,2,A,-,08,22107,,N,D,C,A,A,H,-,A,D,0,,,Y,,Y,,A,01,0,0,1,0,0,0,0,0,1,"- ","- ",38.579261779785156,-121.54868316650391,YOLO,"WEST SACRAMENTO",-121.54904174804688,38.579250335693359
9396207,2021,2022-02-04,5701,2021-12-24,1020,239,6,5,5,5,5701,0,0,0,,0,003,"EAST COVELL BL","MANZANITA LN",0.00,,Y,A,-,N,,,,,,,,,,Y,3,0,1,2,A,-,09,21802,A,N,D,C,A,A,H,-,A,D,0,,,,,Y,,A,01,0,1,0,0,0,0,0,0,0,"- ","- ",38.561569213867188,-121.72071838378906,YOLO,DAVIS,-121.72087097167969,38.563217163085938
91456462,2021,2021-04-22,9280,2021-04-17,1100,016289,,6,1,4,5704,0,1,1,,2,010,"I-80 W/B","REED AVENUE",20.00,W,N,A,-,Y,,,80,,,,,,W,Y,2,0,3,3,A,-,03,22350,,N,C,C,A,A,H,-,A,D,0,,,Y,,Y,,C,02,1,0,2,0,0,0,0,0,1,"- ","- ",38.591831207275391,-121.55243682861328,YOLO,"WEST SACRAMENTO",-121.55245971679688,38.591842651367188
91536944,2021,2021-08-04,9280,2021-07-23,0600,017983,,5,1,4,5703,0,3,5,,2,002,"SR-113 N/B","COUNTY ROAD 27",50.00,N,N,A,-,Y,,,,,,,,,,Y,2,0,1,1,A,-,08,22107,,M,E,I,A,A,H,-,A,D,0,,,,,Y,Y,A,01,1,0,0,0,0,0,0,0,0,"- ","- ",38.619571685791016,-121.76444244384766,YOLO,WOODLAND,-121.76631927490234,38.622810363769531
91587041,2021,2021-10-04,9280,2021-09-25,2500,019720,,6,4,9,5700,0,3,5,,2,001,"COUNTY ROAD 32A","COUNTY ROAD 105",200.00,S,N,A,-,N,,,80,,,,,,,Y,3,0,1,1,A,-,01,23152,A,N,E,I,A,A,H,-,C,D,0,,,,,Y,Y,A,01,0,1,0,0,0,0,0,0,0,"- ","- ",38.557590484619141,-121.67562866210938,YOLO,UNINCORPORATED,-121.67558288574219,38.557369232177734
91589486,2021,2021-10-06,9280,2021-10-01,1825,017351,,5,2,9,5700,0,1,1,,2,020,"I-5 S/B","COUNTY ROAD 103",2085.00,E,N,A,-,Y,,,5,,,,,,S,Y,4,0,3,3,A,-,03,22350,,N,C,C,A,A,H,-,A,A,0,,,,,Y,,D,22,0,0,3,0,0,0,0,0,0,"- ","- ",38.673549652099609,-121.70204162597656,YOLO,UNINCORPORATED,-121.70204162597656,38.673542022705078
9323364,2021,2021-10-04,5704,2021-08-27,0804,06195,,5,5,4,5704,0,0,0,,0,002,"WESTACRE RD","EVERGREEN AV",202.00,S,N,A,-,N,,,,,,,,,,N,3,0,1,2,A,-,08,22107,,N,B,G,A,A,H,-,A,D,0,,Y,,,Y,,L,04,0,1,0,0,0,0,1,0,0,"- ","- ",38.576839447021484,-121.53069305419922,YOLO,"WEST SACRAMENTO",-121.5306396484375,38.576274871826172
91536144,2021,2021-08-03,9280,2021-07-23,1053,015534,,5,1,4,5704,0,1,1,,2,010,"I-80 W/B","REED AVE",2482.00,W,N,A,-,Y,,,80,,,,,,W,Y,2,0,2,2,A,-,03,22350,,N,C,C,A,A,H,-,A,D,0,,,,,Y,,A,07,1,1,0,0,0,0,0,0,0,"- ","- ",38.585918426513672,-121.55641174316406,YOLO,"WEST SACRAMENTO",-121.55645751953125,38.585952758789062
91579020,2021,2021-09-24,9280,2021-09-17,0815,018352,,5,1,5,5701,0,1,3,,2,022,"SR-113 N/B","HUTCHISON DRIVE",1935.00,S,N,A,-,Y,,,,,,,,,,N,3,0,1,2,A,-,07,21658,A,N,C,C,A,A,H,-,A,D,0,,,Y,,Y,,A,07,0,1,0,0,0,0,0,0,1,"- ","- ",38.531368255615234,-121.76840209960938,YOLO,DAVIS,-121.76845550537109,38.531425476074219
91633347,2021,2021-11-23,9280,2021-10-01,1650,018316,,5,2,9,5700,0,1,1,,2,030,"I-5 N/B","COUNTY ROAD 6",2112.00,S,N,A,-,Y,,,5,,,,,,N,Y,3,0,1,2,A,-,03,22350,,F,C,C,A,A,H,-,A,D,0,,,Y,,Y,,A,01,0,1,0,0,0,0,0,0,1,"- ","- ",38.877300262451172,-121.97035217285156,YOLO,UNINCORPORATED,-121.97022247314453,38.877437591552734
91638733,2021,2021-11-30,9280,2021-11-19,2315,021277,,5,3,9,5700,0,1,3,,2,034,SR-16,"RANCH ROAD",400.00,E,N,A,-,Y,,,16,,,,,,,Y,3,0,1,1,A,-,01,23152,A,N,E,I,A,A,H,-,C,D,0,,,,,Y,,A,07,0,1,0,0,0,0,0,0,0,"- ","- ",38.741691589355469,-122.14852142333984,YOLO,UNINCORPORATED,-122.14854431152344,38.741691589355469
9227258,2021,2021-03-24,5703,2021-02-17,0647,2110,23,3,5,4,5703,0,0,0,,0,002,"N EAST ST","COMMERCE AV",0.00,,Y,A,-,N,,,,,,,,,,Y,4,0,1,2,A,-,03,22350,,N,C,C,A,A,H,-,A,D,0,,,,,Y,,A,01,0,0,1,0,0,0,0,0,0,"- ","- ",38.687320709228516,-121.76531982421875,YOLO,WOODLAND,-121.76532745361328,38.687309265136719
9276461,2021,2021-09-23,5704,2021-08-30,2009,06092,,1,5,4,5704,0,0,0,,0,003,"SOUTHPORT PKWY","MARSHALL RD",0.00,,Y,A,-,N,,,,,,,,,,Y,4,0,1,2,A,-,00,23153,E,N,B,C,A,A,H,-,C,A,0,,,,,Y,Y,A,01,0,0,1,0,0,0,0,0,0,"- ","- ",38.535068511962891,-121.57613372802734,YOLO,"WEST SACRAMENTO",-121.57619476318359,38.535083770751953
91526820,2021,2021-07-22,9280,2021-07-10,1400,019377,,6,2,4,5704,0,1,2,,2,011,"US-50 W/B","JEFFERSON BLVD",680.00,W,N,A,-,Y,,,50,,,,,,W,Y,3,0,1,2,A,-,03,22350,,N,C,C,A,A,H,-,A,D,0,,,Y,,Y,,C,02,0,1,0,0,0,0,0,0,1,"- ","- ",38.577018737792969,-121.5277099609375,YOLO,"WEST SACRAMENTO",-121.52770233154297,38.576972961425781
9302215,2021,2021-08-27,5701,2021-07-15,1100,1036,YOLO,4,5,5,5701,0,0,0,,0,UMC,"HUTCHINSON DR","OLD DAVIS RD",0.00,,Y,A,-,N,,,,,,,,,,N,4,0,1,2,A,-,12,22450,,N,D,G,A,A,D,-,A,A,0,,Y,,,Y,,-,,0,0,1,0,0,0,1,0,0,"- ","- ",,,YOLO,DAVIS,,
91466076,2021,2021-05-05,9280,2021-04-23,1038,015534,,5,1,4,5704,0,1,2,,2,011,"US-50 W/B","JEFFERSON BLVD",1584.00,E,N,A,-,Y,,,50,,,,,,W,Y,4,0,1,1,A,-,08,22107,,N,E,I,A,A,H,-,A,D,0,,,,,Y,,A,07,0,0,1,0,0,0,0,0,0,"- ","- ",38.575000762939453,-121.51966857910156,YOLO,"WEST SACRAMENTO",-121.51974487304688,38.574913024902344
9337302,2021,2021-10-20,5701,2021-09-15,1315,127,8,3,5,5,5701,0,0,0,,0,004,"RICHARDS BL","OLIVE DR",812.00,S,N,A,-,N,,,,,,,,,,N,3,0,2,2,A,-,11,21956,A,N,H,J,E,A,H,-,A,D,0,Y,Y,,,Y,,N,60,0,1,1,0,1,0,1,0,0,"- ","- ",38.540130615234375,-121.73845672607422,YOLO,DAVIS,-121.73589324951172,38.540126800537109
9340649,2021,2021-11-02,5704,2021-09-23,1514,06221,,4,5,4,5704,0,0,0,,0,002,"WEST CAPITOL AV","HOUSTON ST",400.00,W,N,A,-,N,,,,,,,,,,Y,3,0,2,2,A,-,08,22107,,N,D,C,A,A,D,E,A,D,0,,,,,Y,,A,01,0,2,0,0,0,0,0,0,0,"- ","- ",38.579120635986328,-121.55113983154297,YOLO,"WEST SACRAMENTO",-121.55254364013672,38.579025268554688
9341900,2021,2021-11-30,5704,2021-10-07,1830,06012,,4,5,4,5704,0,0,0,,0,002,"SOUTH RIVER RD","RT 80",0.00,,Y,A,-,N,,,,,,,,,,Y,2,0,1,2,A,-,09,21801,A,N,A,C,A,A,H,-,B,D,0,,,Y,,Y,,A,07,1,0,0,0,0,0,0,0,1,"- ",EO,38.573619842529297,-121.51908874511719,YOLO,"WEST SACRAMENTO",-122.46490478515625,40.620704650878906
9373688,2021,2021-12-20,5701,2021-11-23,1859,232,9,2,5,5,5701,0,0,0,,0,004,"LILLARD DR",DRUMMOND,0.00,,Y,A,-,N,,,,,,,,,,N,3,0,1,2,A,-,12,22450,A,N,D,C,A,A,H,-,C,A,0,,,,,Y,,A,01,0,1,0,0,0,0,0,0,0,"- ","- ",38.543418884277344,-121.71347808837891,YOLO,DAVIS,-121.71340179443359,38.543426513671875
91404673,2021,2021-05-27,9280,2021-01-27,0120,018157,,3,3,9,5700,0,1,1,,2,020,"I-5 S/B","COUNTY ROAD 103",1584.00,S,N,C,G,Y,,,5,,,,,,S,Y,3,0,1,1,C,-,18,,,N,F,A,A,B,H,-,D,D,0,,,,Y,Y,,-,"- ",0,1,0,0,0,0,0,0,0,"- ","- ",38.673629760742188,-121.72238922119141,YOLO,UNINCORPORATED,-121.72238922119141,38.673641204833984
9388790,2021,2022-01-18,5701,2021-12-22,1955,234,5,3,5,5,5701,0,0,0,,0,002,"5TH ST","D ST",0.00,,Y,C,-,N,,,,,,,,,,N,3,0,1,2,D,-,00,,,N,G,B,E,B,H,-,C,D,0,Y,,,,Y,,-,"- ",0,1,0,0,1,0,0,0,0,"- ","- ",38.549209594726562,-121.73509216308594,YOLO,DAVIS,-121.74324035644531,38.546947479248047
91419867,2021,2021-05-27,9280,2021-02-22,1042,015128,,1,1,5,5701,0,1,1,,2,010,"I-80 W/B","RICHARDS BLVD",1584.00,W,N,A,-,Y,,,80,,,,,,W,Y,4,0,1,1,C,-,18,,,N,E,I,A,A,H,-,A,D,0,,,,,Y,,-,"- ",0,0,1,0,0,0,0,0,0,"- ","- ",38.537670135498047,-121.73872375488281,YOLO,DAVIS,-121.73868560791016,38.537631988525391
91563350,2021,2021-09-06,9280,2021-08-30,1410,018205,,1,2,4,5704,0,1,2,,2,011,"US-50 E/B","JEFFERSON BLVD",140.00,E,N,A,-,Y,,,50,,,,,,E,Y,4,0,2,2,A,-,07,21658,A,N,B,C,A,A,H,-,A,D,0,,,,,Y,,A,01,0,0,2,0,0,0,0,0,0,"- ","- ",38.576988220214844,-121.52446746826172,YOLO,"WEST SACRAMENTO",-121.52447509765625,38.576980590820312
91594437,2021,2021-10-12,9280,2021-10-05,0450,019094,,2,3,9,5700,0,1,3,,2,034,"STATE ROUTE 16 (YOLO AVENUE)","WOODLAND AVENUE",0.00,,Y,A,-,Y,,,16,,,,,,,Y,4,0,1,2,A,-,12,22450,A,N,D,C,A,A,H,-,C,A,0,,,,,Y,,A,07,0,0,1,0,0,0,0,0,0,"- ","- ",38.695449829101562,-122.01605224609375,YOLO,UNINCORPORATED,-122.01609802246094,38.695457458496094
9354449,2021,2021-12-27,5703,2021-11-05,0130,2812,57,5,5,4,5703,0,0,0,,0,004,"PIONEER AV","FARMERS CENTRAL RD",457.00,N,N,A,-,N,,,,,,,,,,Y,3,0,1,1,A,-,05,21650,,N,E,I,A,A,H,-,D,D,0,,,,,Y,,A,01,0,1,0,0,0,0,0,0,0,"- ","- ",38.655311584472656,-121.74231719970703,YOLO,WOODLAND,-121.74238586425781,38.656482696533203
9387718,2021,2022-01-10,5703,2021-12-07,1504,2339,53,2,5,4,5703,0,0,0,,0,004,"POWERS CIR","BAIRD CT",186.00,W,N,A,-,N,,,,,,,,,,,4,0,1,2,A,-,05,21650,,N,A,C,A,A,H,-,A,D,0,,,,,Y,,A,01,0,0,1,0,0,0,0,0,0,"- ","- ",38.663379669189453,-121.74526214599609,YOLO,WOODLAND,-121.74600219726562,38.663253784179688
91617559,2021,2021-11-05,9280,2021-10-30,1215,017983,,6,1,9,5700,0,3,5,,2,002,"COUNTY ROAD 32A","COUNTY ROAD 105",7181.00,E,N,A,-,Y,,,,,,,,,,N,2,0,1,1,A,-,08,22107,,N,F,A,A,A,H,-,A,D,0,,Y,,,Y,,L,04,1,0,0,0,0,0,1,0,0,"- ","- ",38.562751770019531,-121.65119934082031,YOLO,UNINCORPORATED,-121.67563629150391,38.557960510253906
9257727,2021,2021-05-04,5704,2021-04-10,1337,06579,,6,5,4,5704,0,0,0,,0,001,"LIGHTHOUSE DR","FOUNTAIN DR",0.00,,Y,A,-,N,,,,,,,,,,Y,3,0,1,1,A,-,05,21650,,N,E,I,A,A,H,-,A,D,0,,,,,Y,,A,01,0,1,0,0,0,0,0,0,0,"- ","- ",38.595348358154297,-121.51483917236328,YOLO,"WEST SACRAMENTO",-121.51486206054688,38.595401763916016