CASE_ID,ACCIDENT_YEAR,PROC_DATE,JURIS,COLLISION_DATE,COLLISION_TIME,OFFICER_ID,REPORTING_DISTRICT,DAY_OF_WEEK,CHP_SHIFT,POPULATION,CNTY_CITY_LOC,SPECIAL_COND,BEAT_TYPE,CHP_BEAT_TYPE,CITY_DIVISION_LAPD,CHP_BEAT_CLASS,BEAT_NUMBER,PRIMARY_RD,SECONDARY_RD,DISTANCE,DIRECTION,INTERSECTION,WEATHER_1,WEATHER_2,STATE_HWY_IND,CALTRANS_COUNTY,CALTRANS_DISTRICT,STATE_ROUTE,ROUTE_SUFFIX,POSTMILE_PREFIX,POSTMILE,LOCATION_TYPE,RAMP_INTERSECTION,SIDE_OF_HWY,TOW_AWAY,COLLISION_SEVERITY,NUMBER_KILLED,NUMBER_INJURED,PARTY_COUNT,PRIMARY_COLL_FACTOR,PCF_CODE_OF_VIOL,PCF_VIOL_CATEGORY,PCF_VIOLATION,PCF_VIOL_SUBSECTION,HIT_AND_RUN,TYPE_OF_COLLISION,MVIW,PED_ACTION,ROAD_SURFACE,ROAD_COND_1,ROAD_COND_2,LIGHTING,CONTROL_DEVICE,CHP_ROAD_TYPE,PEDESTRIAN_ACCIDENT,BICYCLE_ACCIDENT,MOTORCYCLE_ACCIDENT,TRUCK_ACCIDENT,NOT_PRIVATE_PROPERTY,ALCOHOL_INVOLVED,STWD_VEHTYPE_AT_FAULT,CHP_VEHTYPE_AT_FAULT,COUNT_SEVERE_INJ,COUNT_VISIBLE_INJ,COUNT_COMPLAINT_PAIN,COUNT_PED_KILLED,COUNT_PED_INJURED,COUNT_BICYCLIST_KILLED,COUNT_BICYCLIST_INJURED,COUNT_MC_KILLED,COUNT_MC_INJURED,PRIMARY_RAMP,SECONDARY_RAMP,LATITUDE,LONGITUDE,COUNTY,CITY,POINT_X,POINT_Y
9379071,2021,2022-01-04,5703,2021-12-17,1045,2806,33,5,5,4,5703,0,0,0,,0,004,"EAST GIBSON RD","RT 113",20.00,E,N,A,-,Y,YOL,3,113,-,R,8.991,R,4,N,N,4,0,1,2,A,-,03,22350,,N,C,C,A,A,H,-,A,A,0,,,,,Y,,A,01,0,0,1,0,0,0,0,0,0,"- ",NF,38.662628173828125,-121.74842834472656,YOLO,WOODLAND,-121.75211334228516,38.659252166748047
91513461,2021,2021-07-06,9280,2021-06-25,1818,018316,,5,2,9,5700,0,1,1,,2,020,"I-5 S/B","YOLO BYPASS (SOUTH END)",5280.00,N,N,A,-,Y,,,5,,,,,,S,N,4,0,1,2,A,-,03,22350,,N,C,C,A,A,H,-,A,D,0,,,,,Y,,A,01,0,0,1,0,0,0,0,0,0,"- ","- ",38.673210144042969,-121.64407348632812,YOLO,UNINCORPORATED,-121.64407348632812,38.673244476318359
91587287,2021,2021-10-04,9280,2021-09-25,2308,019720,,6,3,9,5700,0,1,1,,2,010,"I-80 E/B","WEBSTER U/C",7920.00,E,N,A,-,Y,,,80,,,,,,E,Y,2,0,3,2,A,-,07,21658,A,N,C,C,A,A,H,-,D,D,0,,,,,Y,,A,01,1,1,1,0,0,0,0,0,0,"- ","- ",38.567630767822266,-121.61434936523438,YOLO,UNINCORPORATED,-121.61436462402344,38.567695617675781
91634799,2021,2021-11-24,9280,2021-11-16,0552,015534,,2,3,9,5700,0,1,3,,2,013,"JEFFERSON BLVD (SR-84)","BABEL SLOUGH RD",995.00,S,N,B,-,Y,,,84,,,,,,,Y,2,0,1,1,A,-,08,22107,,N,E,I,A,A,H,-,D,D,0,,,,,Y,,A,01,1,0,0,0,0,0,0,0,0,"- ","- ",38.44464111328125,-121.58242034912109,YOLO,UNINCORPORATED,-121.5828857421875,38.44464111328125
9356349,2021,2021-11-04,5703,2021-10-15,1443,2070,51,5,5,4,5703,0,0,0,,0,001,"PIONEER AV","EAST MAIN ST",245.00,N,N,A,-,N,,,,,,,,,,N,4,0,1,2,A,-,03,22350,,N,C,C,A,A,H,-,A,A,0,,,,,Y,,A,07,0,0,1,0,0,0,0,0,0,"- ","- ",38.677158355712891,-121.74691772460938,YOLO,WOODLAND,-121.74690246582031,38.677932739257812
9245216,2021,2021-04-14,5701,2021-03-17,0640,127,7,3,5,5,5701,0,0,0,,0,003,"MACE BL","2ND ST",144.00,N,N,A,-,N,,,,,,,,,,Y,3,0,2,4,A,-,03,22350,,N,C,C,A,A,H,-,B,A,0,,,,,Y,,A,01,0,2,0,0,0,0,0,0,0,"- ","- ",38.556568145751953,-121.69419860839844,YOLO,DAVIS,-121.69423675537109,38.556896209716797
9273816,2021,2021-06-29,5704,2021-06-02,0642,06543,,3,5,4,5704,0,0,0,,0,002,"JEFFERSON BL","RT 50",0.00,,Y,A,-,Y,YOL,3,275,-,-,11.920,R,4,W,Y,4,0,1,2,A,-,09,21801,A,N,D,C,A,A,H,-,A,A,0,,,,,Y,,A,01,0,0,1,0,0,0,0,0,0,"- ",WO,38.578330993652344,-121.52568054199219,YOLO,"WEST SACRAMENTO",-121.52695465087891,38.577384948730469
91399712,2021,2021-05-27,9280,2021-01-24,0400,018205,,7,3,9,5700,0,1,3,,2,022,"STATE ROUTE 113 S/B","COUNTY ROAD 29",5808.00,S,N,B,-,Y,,,113,,,,,,S,Y,3,0,1,1,A,-,01,23152,A,N,E,I,A,A,H,-,D,D,0,,,,,Y,Y,D,22,0,1,0,0,0,0,0,0,0,"- ","- ",38.574291229248047,-121.76779937744141,YOLO,UNINCORPORATED,-121.76781463623047,38.574291229248047
91454063,2021,2021-05-27,9280,2021-04-13,1450,017963,,2,2,9,5700,0,1,1,,2,010,"I-80 E/B","WEBSTER ST",7920.00,W,N,A,-,Y,,,80,,,,,,E,Y,4,0,1,2,A,-,03,22350,,N,C,C,A,A,H,-,A,D,0,,,,,Y,,A,07,0,0,1,0,0,0,0,0,0,"- ","- ",38.558979034423828,-121.66587829589844,YOLO,UNINCORPORATED,-121.66587829589844,38.558979034423828
91482042,2021,2021-05-26,9280,2021-02-26,2240,021265,,5,3,4,5703,0,1,1,,2,020,"I-5 N/B","E. KENTUCKY AVENUE",1234.00,S,N,A,-,Y,,,5,,,,,,N,Y,1,1,3,1,A,-,08,22107,,N,F,A,A,A,H,-,D,D,0,,,,,Y,,A,07,1,1,1,0,0,0,0,0,0,"- ","- ",38.688999176025391,-121.75370025634766,YOLO,WOODLAND,-121.75399017333984,38.68878173828125
91504645,2021,2021-06-23,9280,2021-06-18,1700,018316,,5,2,9,5700,0,3,5,,2,001,"SOUTH RIVER RD.","BURROWS AVE.",4752.00,S,N,A,-,N,,,,,,,,,,Y,4,0,1,1,A,-,08,22107,,N,F,A,A,A,H,-,A,D,0,,,,,Y,,D,22,0,0,1,0,0,0,0,0,0,"- ","- ",38.497920989990234,-121.56033325195312,YOLO,UNINCORPORATED,-121.56005859375,38.496894836425781
91569976,2021,2021-09-14,9280,2021-09-06,1420,016144,,1,2,9,5700,0,1,3,,2,034,SR-16,"COUNTY ROAD 19A",210.00,E,N,A,-,Y,,,16,,,,,,,Y,3,0,5,3,A,-,08,22107,,N,B,C,A,A,H,-,A,D,0,,,,,Y,,A,01,0,4,1,0,0,0,0,0,0,"- ","- ",38.701728820800781,-121.80245208740234,YOLO,UNINCORPORATED,-121.80244445800781,38.701728820800781
91603784,2021,2021-10-22,9280,2021-10-15,1710,018352,,5,2,4,5704,0,1,2,,2,011,"US-50 W/B","HARBOR BLVD",1125.00,W,N,A,-,Y,,,50,,,,,,W,Y,4,0,1,2,A,-,03,22350,,N,C,C,A,A,H,-,A,D,0,,,,,Y,,A,01,0,0,1,0,0,0,0,0,0,"- ","- ",38.575088500976562,-121.55274963378906,YOLO,"WEST SACRAMENTO",-121.55274963378906,38.575130462646484
91648006,2021,2021-12-09,9280,2021-11-30,1705,018352,,2,2,5,5701,0,1,1,,2,010,"I-80 E/B","MACE BLVD",5000.00,W,N,A,-,Y,,,80,,,,,,E,Y,4,0,2,2,A,-,03,22350,,N,C,C,A,A,H,-,B,D,0,,,,,Y,,A,01,0,0,2,0,0,0,0,0,0,"- ","- ",38.549030303955078,-121.71145629882812,YOLO,DAVIS,-121.71144866943359,38.548973083496094
9226532,2021,2021-03-11,5704,2021-01-27,0945,06214,,3,5,4,5704,0,0,0,,0,002,"JEFFERSON BL","PARK BL",0.00,,Y,C,-,N,,,,,,,,,,Y,3,0,1,2,A,-,09,21800,D,N,D,C,A,B,H,-,A,B,0,,,,,Y,,A,01,0,1,0,0,0,0,0,0,0,"- ","- ",38.576229095458984,-121.52481079101562,YOLO,"WEST SACRAMENTO",-121.52484130859375,38.576240539550781
91481261,2021,2021-05-27,9280,2021-03-13,2500,017964,,6,4,9,5700,0,3,5,,2,001,"WILLOW AVE","WILLOW POINT RD",0.00,,Y,A,-,N,,,,,,,,,,Y,1,1,0,1,A,-,01,23152,A,N,F,A,A,A,H,-,D,A,0,,,Y,,Y,Y,C,02,0,0,0,0,0,0,0,1,0,"- ","- ",38.4256591796875,-121.53572082519531,YOLO,UNINCORPORATED,-121.53592681884766,38.425987243652344
9226199,2021,2021-03-24,5704,2021-02-11,1219,00166,,4,5,4,5704,0,0,0,,0,002,"JEFFERSON BL","ALAMEDA BL",130.00,N,N,B,-,N,,,,,,,,,,Y,4,0,1,2,A,-,03,22350,,N,C,C,A,A,H,-,A,D,0,,,,,Y,,A,01,0,0,1,0,0,0,0,0,0,"- ","- ",38.568088531494141,-121.52522277832031,YOLO,"WEST SACRAMENTO",-121.52500915527344,38.568389892578125
9249989,2021,2021-04-27,5703,2021-03-30,1427,2875,31,2,5,4,5703,0,0,0,,0,004,"EAST MAIN ST","INDUSTRIAL WY",30.00,W,N,A,-,N,,,,,,,,,,N,4,0,1,3,A,-,03,22350,,N,C,C,A,A,H,-,A,A,0,,,,,Y,,A,01,0,0,1,0,0,0,0,0,0,"- ","- ",,,YOLO,WOODLAND,-121.75302886962891,38.677291870117188
9250087,2021,2021-04-27,5703,2021-03-21,1429,2070,11,7,5,4,5703,0,0,0,,0,001,"DOODS DR","MATMOR RD",104.00,W,N,A,-,N,,,,,,,,,,Y,3,0,1,2,A,-,01,23152,A,N,C,E,A,A,H,-,A,D,0,,,,,Y,Y,A,01,0,1,0,0,0,0,0,0,0,"- ","- ",38.673000335693359,-121.75621795654297,YOLO,WOODLAND,-121.75666809082031,38.672981262207031
9270935,2021,2021-06-09,5701,2021-05-04,1145,112,2,2,5,5,5701,0,0,0,,0,001,"ANDERSON RD","VILLANOVA DR",0.00,,Y,A,-,N,,,,,,,,,,N,2,0,3,3,A,-,12,21453,A,N,D,C,A,A,H,-,A,A,0,,,,,Y,,D,22,1,2,0,0,0,0,0,0,0,"- ","- ",38.556159973144531,-121.75858306884766,YOLO,DAVIS,-121.75859069824219,38.556190490722656
9293220,2021,2021-08-21,5704,2021-07-14,0645,06213,,3,5,4,5704,0,0,0,,0,002,"SOUTH RIVER RD","15TH ST",1050.00,S,N,A,-,N,,,,,,,,,,Y,3,0,1,2,A,-,05,21650,,N,D,E,A,A,H,-,A,D,0,,,,,Y,,A,01,0,1,0,0,0,0,0,0,0,"- ","- ",38.571651458740234,-121.52037811279297,YOLO,"WEST SACRAMENTO",-121.52257537841797,38.569206237792969
9339288,2021,2021-11-02,5704,2021-10-15,0550,06216,,5,5,4,5704,0,0,0,,0,002,"JEFFERSON BL","WEST CAPITOL AV",0.00,,Y,A,-,N,,,,,,,,,,Y,4,0,2,2,A,-,09,21453,C,N,A,C,A,A,H,-,C,A,0,,,,,Y,,A,07,0,0,2,0,0,0,0,0,0,"- ","- ",38.580661773681641,-121.52651977539062,YOLO,"WEST SACRAMENTO",-121.52664947509766,38.580722808837891
9351741,2021,2021-11-17,5701,2021-10-15,1715,231,5,5,5,5,5701,0,0,0,,0,002,"E 8TH ST","L ST",0.00,,Y,A,-,N,,,,,,,,,,N,3,0,1,2,A,-,09,21801,A,N,H,G,A,A,H,-,B,A,0,,Y,,,Y,,A,01,0,1,0,0,0,0,1,0,0,"- ","- ",38.552799224853516,-121.73480224609375,YOLO,DAVIS,-121.73480224609375,38.552776336669922
9376345,2021,2021-12-24,5701,2021-11-29,1453,232,9,1,5,5,5701,0,0,0,,0,004,"EL CEMONTE","SWINGLE DR",0.00,,Y,A,-,N,,,,,,,,,,Y,3,0,1,2,D,-,00,,,N,A,C,A,A,H,-,A,D,0,,,,,Y,,-,"- ",0,1,0,0,0,0,0,0,0,"- ","- ",38.549968719482422,-121.69004058837891,YOLO,DAVIS,-121.6900634765625,38.549968719482422
9384249,2021,2021-12-28,5704,2021-11-25,1450,06062,,4,5,4,5704,0,0,0,,0,002,"HARBOR BL","RICE AV",0.00,,Y,A,-,N,,,,,,,,,,Y,3,0,1,2,A,-,12,21453,A,N,D,C,A,A,H,-,A,A,0,,,,,Y,,A,07,0,1,0,0,0,0,0,0,0,"- ","- ",38.586101531982422,-121.54685211181641,YOLO,"WEST SACRAMENTO",-121.54679870605469,38.586124420166016
91530851,2021,2021-07-28,9280,2021-07-18,1200,017963,,7,1,9,5700,0,3,5,,2,003,"CASHE CREEK",I-505,10560.00,E,N,A,-,N,,,,,,,,,,N,2,0,1,1,A,-,03,22350,,N,F,A,A,A,H,-,A,D,0,,,Y,,Y,,C,06,1,0,0,0,0,0,0,0,1,"- ","- ",38.689620971679688,-121.91789245605469,YOLO,UNINCORPORATED,,
91569159,2021,2021-09-13,9280,2021-08-31,1050,015128,,2,1,9,5700,0,1,1,,2,020,"I-5 S/B",CR-103,9504.00,S,N,A,-,Y,,,5,,,,,,S,Y,3,0,1,2,A,-,01,23152,A,N,C,C,A,A,H,-,A,D,0,,,,Y,Y,Y,A,07,0,1,0,0,0,0,0,0,0,"- ","- ",38.673381805419922,-121.67678070068359,YOLO,UNINCORPORATED,-121.67678070068359,38.673397064208984
9226624,2021,2021-03-08,5704,2021-01-31,0720,00174,,7,5,4,5704,0,0,0,,0,003,"SOUTHPORT PKWY","CARLIN DR",776.00,E,N,A,-,N,,,,,,,,,,Y,2,0,1,1,A,-,03,22350,,N,E,I,A,A,H,-,A,D,0,,,,,Y,,A,01,1,0,0,0,0,0,0,0,0,"- ","- ",38.550979614257812,-121.56675720214844,YOLO,"WEST SACRAMENTO",-121.56685638427734,38.551059722900391
9250347,2021,2021-06-08,5703,2021-04-06,1506,2831,11,2,5,4,5703,0,0,0,,0,003,"GIBSON RD","WEST ST",0.00,,Y,A,-,N,,,,,,,,,,Y,4,0,3,4,A,-,12,21453,A,N,D,C,A,A,H,-,A,A,0,,,,,Y,,A,01,0,0,3,0,0,0,0,0,0,"- ","- ",38.662971496582031,-121.7841796875,YOLO,WOODLAND,-121.78416442871094,38.662975311279297
9374584,2021,2021-12-16,5701,2021-11-09,1056,225,6,2,5,5,5701,0,0,0,,0,003,"POLE LINE RD","COWELL BL",967.00,N,N,B,C,N,,,,,,,,,,Y,3,0,1,1,A,-,03,22350,,N,E,J,A,B,H,-,A,D,0,,,,,Y,,A,01,0,1,0,0,0,0,0,0,0,"- ","- ",38.548671722412109,-121.72644805908203,YOLO,DAVIS,-121.72545623779297,38.543071746826172
91420886,2021,2021-05-27,9280,2021-02-26,2010,017874,,5,2,9,5700,0,1,3,,2,034,"STATE ROUTE 16","WOODLAND AVE",924.00,N,N,A,-,Y,,,16,,,,,,,Y,4,0,3,2,A,-,08,22107,,N,A,C,A,A,H,-,D,D,0,,,,,Y,,A,01,0,0,3,0,0,0,0,0,0,"- ","- ",38.698711395263672,-122.02069854736328,YOLO,UNINCORPORATED,-122.02072143554688,38.698696136474609
91611807,2021,2021-11-01,9280,2021-10-22,1940,019478,,5,2,9,5700,0,1,1,,2,020,"I-5 N/B","OLD RIVER RD",9504.00,N,N,A,-,Y,,,5,,,,,,N,Y,2,0,1,1,A,-,01,23152,A,N,E,I,A,A,H,-,D,A,0,,,,,Y,Y,A,01,1,0,0,0,0,0,0,0,0,"- ","- ",38.673648834228516,-121.66220092773438,YOLO,UNINCORPORATED,-121.66220092773438,38.673591613769531
91491155,2021,2021-06-07,9280,2021-05-26,1350,017963,,3,1,9,5700,0,3,5,,2,003,"COUNTY ROAD 13","COUNTY ROAD 99W",2376.00,E,N,A,-,N,,,,,,,,,,Y,3,0,1,1,A,-,08,22107,,N,E,I,A,A,H,-,A,D,0,,,,,Y,,A,01,0,1,0,0,0,0,0,0,0,"- ","- ",38.794151306152344,-121.86917114257812,YOLO,UNINCORPORATED,-121.86884307861328,38.794155120849609
9272297,2021,2021-06-15,5701,2021-05-03,1122,112,YSO,1,5,5,5701,0,0,0,,0,YSO,"WEST COVELL BL","LAKE BL",0.00,,Y,A,-,N,,,,,,,,,,N,3,0,1,2,A,-,09,21800,A,N,D,C,A,A,H,-,A,A,0,,,,,Y,,A,01,0,1,0,0,0,0,0,0,0,"- ","- ",38.560958862304688,-121.77393341064453,YOLO,DAVIS,-121.78614807128906,38.561130523681641
9287023,2021,2021-08-10,5703,2021-06-21,0710,2157,,1,5,4,5703,0,0,0,,0,002,"N WEST ST","WEST WOODLAND AV",14.00,N,N,A,-,N,,,,,,,,,,N,3,0,1,2,A,-,09,21801,A,N,D,G,A,A,H,-,A,A,0,,Y,,,Y,,A,07,0,1,0,0,0,0,1,0,0,"- ","- ",,,YOLO,WOODLAND,-121.78391265869141,38.688426971435547
9313830,2021,2021-09-30,5703,2021-08-12,1427,2891,62,4,5,4,5703,0,0,0,,0,002,"WEST ST","W COURT ST",25.00,N,N,A,-,N,,,,,,,,,,,4,0,1,2,A,-,03,22350,,N,C,C,A,A,H,-,A,A,0,,,,,Y,,I,11,0,0,1,0,0,0,0,0,0,"- ","- ",,,YOLO,WOODLAND,-121.78403472900391,38.678928375244141
91399980,2021,2021-05-27,9280,2021-01-26,2215,018205,,2,3,9,5700,0,1,1,,2,010,"INTERSTATE 80 E/B","COUNTY ROAD 32A",2850.00,E,N,C,G,Y,,,80,,,,,,E,Y,2,0,1,1,C,-,18,,,N,F,I,A,B,H,-,D,D,0,,,,Y,Y,,-,"- ",1,0,0,0,0,0,0,0,0,"- ","- ",38.565090179443359,-121.62880706787109,YOLO,UNINCORPORATED,-121.62881469726562,38.565109252929688
91489857,2021,2021-06-04,9280,2021-05-30,1100,017983,,7,1,4,5704,0,1,2,,2,011,"US-50 W/B","HARBOR BLVD.",2640.00,W,N,A,-,Y,,,50,,,,,,W,N,4,0,1,2,A,-,03,22350,,N,C,C,A,A,H,-,A,D,0,,,,,Y,,A,07,0,0,1,0,0,0,0,0,0,"- ","- ",38.575359344482422,-121.56008148193359,YOLO,"WEST SACRAMENTO",-121.56008148193359,38.575401306152344
91516174,2021,2021-07-08,9280,2021-06-29,1640,018157,,2,2,9,5700,0,1,1,,2,010,"COUNTY ROAD 32B","I-80 E/B TO CR-32B",528.00,W,N,A,-,N,,,,,,,,,,N,4,0,2,2,A,-,03,22350,,N,C,C,A,A,H,-,A,D,0,,,,,Y,,A,01,0,0,2,0,0,0,0,0,0,"- ","- ",38.561248779296875,-121.64328002929688,YOLO,UNINCORPORATED,-121.63861083984375,38.563339233398438
9230480,2021,2021-04-06,5704,2021-01-25,1545,00165,,1,5,4,5704,0,0,0,,0,001,"3RD ST","C ST",0.00,,Y,A,-,N,,,,,,,,,,Y,3,0,1,1,A,-,05,21651,A,N,E,I,A,A,H,-,A,D,0,,,,,Y,,A,01,0,1,0,0,0,0,0,0,0,"- ","- ",38.588550567626953,-121.50997924804688,YOLO,"WEST SACRAMENTO",-121.51003265380859,38.588455200195312
8872301,2021,2021-10-04,5704,2021-09-08,1226,06698,,3,5,4,5704,0,0,0,,0,001,"REED AV","RT 80",300.00,W,N,A,-,Y,YOL,3,80,-,R,11.219,R,4,E,Y,4,0,1,3,A,-,03,22350,,N,C,C,A,A,H,-,A,D,0,,,,,Y,,A,07,0,0,1,0,0,0,0,0,0,"- ",EF,38.591838836669922,-121.55071258544922,YOLO,"WEST SACRAMENTO",-121.55208587646484,38.591846466064453
8872305,2021,2021-10-04,5704,2021-09-14,1438,06017,,2,5,4,5704,0,0,0,,0,001,"SACRAMENTO AV","JEFFERSON BL",470.00,W,N,A,-,N,,,,,,,,,,Y,3,0,1,3,A,-,03,22350,,N,C,C,A,A,H,-,A,D,0,,,,,Y,,A,07,0,1,0,0,0,0,0,0,0,"- ","- ",38.589550018310547,-121.52681732177734,YOLO,"WEST SACRAMENTO",-121.52842712402344,38.589717864990234
91383599,2021,2021-05-27,9280,2021-01-03,1340,017963,,7,1,5,5701,0,1,3,,2,022,"SR-113 N/B","RUSSELL BLVD",2112.00,N,N,A,B,Y,,,113,,,,,,N,N,3,0,1,1,C,-,18,,,N,H,H,A,A,H,-,A,D,0,,,,,Y,,-,"- ",0,1,0,0,0,0,0,0,0,"- ","- ",38.552101135253906,-121.76763153076172,YOLO,DAVIS,-121.76776123046875,38.552101135253906
91385215,2021,2021-05-27,9280,2021-01-04,0935,015128,,1,1,4,5703,0,1,3,,2,022,"SR-113 S/B","MAIN STREET",20.00,N,N,A,-,Y,,,113,,,,,,S,N,4,0,1,1,C,-,18,,,N,E,I,A,A,H,-,A,D,0,,,,,Y,,-,"- ",0,0,1,0,0,0,0,0,0,"- ","- ",38.677200317382812,-121.751220703125,YOLO,WOODLAND,-121.75118255615234,38.677200317382812
91386329,2021,2021-05-27,9280,2021-01-03,0635,018316,,7,1,9,5700,0,2,4,,2,025,"COUNTY ROAD 98","COUNTY ROAD 28",2005.00,N,N,E,-,N,,,,,,,,,,Y,3,0,1,1,A,-,01,23152,A,N,E,I,A,B,H,-,D,D,0,,,,,Y,Y,A,07,0,1,0,0,0,0,0,0,0,"- ","- ",38.61077880859375,-121.80290985107422,YOLO,UNINCORPORATED,-121.80300140380859,38.610546112060547
91386344,2021,2021-05-27,9280,2021-01-04,1150,015128,,1,1,9,5700,0,3,5,,2,003,CR-95,CR-29,4224.00,S,N,B,-,N,,,,,,,,,,Y,3,0,1,1,A,-,08,22107,,N,E,I,A,A,H,-,A,D,0,,,,,Y,,A,07,0,1,0,0,0,0,0,0,0,"- ","- ",38.57965087890625,-121.85867309570312,YOLO,UNINCORPORATED,-121.85870361328125,38.579067230224609
91387778,2021,2021-05-27,9280,2021-01-03,1220,018316,,7,1,5,5701,0,1,1,,2,010,"I-80 E/B","MACE BLVD. (WEST EDGE)",6.00,E,N,A,B,Y,,,80,,,,,,E,Y,3,0,2,2,A,-,08,22107,,N,C,C,A,A,H,-,A,D,0,,,,,Y,,A,01,0,1,1,0,0,0,0,0,0,"- ","- ",38.552360534667969,-121.69457244873047,YOLO,DAVIS,-121.694580078125,38.552417755126953
91389775,2021,2021-05-27,9280,2021-01-08,0710,018316,,5,1,9,5700,0,3,5,,2,003,"COUNTY ROAD 13","MAIN ST. / COUNTY ROAD 94",12.00,E,N,E,-,N,,,,,,,,,,Y,3,0,1,2,A,-,03,22350,,N,C,C,A,B,H,-,A,D,0,,,,,Y,,D,22,0,1,0,0,0,0,0,0,0,"- ","- ",38.794281005859375,-121.88210296630859,YOLO,UNINCORPORATED,-121.88215637207031,38.794281005859375
91390431,2021,2021-05-27,9280,2021-01-10,1435,019377,,7,2,4,5704,0,1,2,,2,011,"US-50 E/B","JEFFERSON BOULEVARD",500.00,E,N,B,-,Y,,,50,,,,,,E,Y,3,0,2,2,A,-,08,22107,,N,B,C,A,A,H,-,A,D,0,,,,,Y,,A,01,0,2,0,0,0,0,0,0,0,"- ","- ",38.57257080078125,-121.51746368408203,YOLO,"WEST SACRAMENTO",-121.5174560546875,38.572574615478516
91391750,2021,2021-05-27,9280,2021-01-08,1228,015534,,5,1,9,5700,0,1,1,,2,010,"I-80 E/B","ENTERPRISE BLVD",8818.00,W,N,B,-,Y,,,80,,,,,,E,Y,2,0,1,3,A,-,08,22107,,N,B,E,E,A,H,-,A,D,0,Y,,,,Y,,D,22,1,0,0,0,1,0,0,0,0,"- ","- ",38.568790435791016,-121.60781097412109,YOLO,UNINCORPORATED,-121.60782623291016,38.568878173828125
91392270,2021,2021-05-27,9280,2021-01-19,1022,017963,,2,1,4,5703,0,1,1,,2,020,"I-5 S/B TO EAST STREET","I-5 S/B",116.00,W,N,A,G,Y,,,5,,,,R,,S,Y,3,0,1,1,A,-,08,22107,,N,F,A,A,A,H,-,A,A,0,,,,Y,Y,,G,25,0,1,0,0,0,0,0,0,0,"- ","- ",38.695209503173828,-121.76261901855469,YOLO,WOODLAND,-121.76261901855469,38.695209503173828
91392335,2021,2021-05-27,9280,2021-01-18,0020,017351,,1,3,9,5700,0,1,3,,2,034,"COUNTY ROAD 87","COUNTY ROAD 19",400.00,N,N,A,-,N,,,,,,,,,,Y,3,0,1,1,A,-,01,23152,A,N,E,I,A,A,H,-,D,D,0,,,,,Y,Y,A,01,0,1,0,0,0,0,0,0,0,"- ","- ",38.734638214111328,-122.00591278076172,YOLO,UNINCORPORATED,-122.00591278076172,38.734718322753906
91392917,2021,2021-01-22,9280,2021-01-20,1515,016144,,3,2,9,5700,0,2,4,,1,021,"COUNTY ROAD 102","COUNTY ROAD 29",0.00,,Y,A,-,N,,,,,,,,,,Y,4,0,1,2,A,-,09,21801,A,N,D,C,A,A,H,-,A,D,0,,,,,Y,,A,01,0,0,1,0,0,0,0,0,0,"- ","- ",38.589088439941406,-121.73040008544922,YOLO,UNINCORPORATED,-121.73033905029297,38.589019775390625
91393578,2021,2021-05-27,9280,2021-01-17,1255,019094,,7,1,4,5704,0,1,2,,2,011,"US-50 W/B","WESTACRE RD U/C",211.00,W,N,A,-,Y,,,50,,,,,,W,Y,4,0,1,2,A,-,07,21658,A,N,B,C,A,A,H,-,A,D,0,,,,,Y,,A,01,0,0,1,0,0,0,0,0,0,"- ","- ",38.575969696044922,-121.53164672851562,YOLO,"WEST SACRAMENTO",-121.53163909912109,38.575935363769531
91394325,2021,2021-05-27,9280,2021-01-20,1200,017964,,3,1,9,5700,0,3,5,,2,003,"COUNTY ROAD 85","COUNTY ROAD 8",3168.00,S,N,A,-,N,,,,,,,,,,Y,3,0,1,1,A,-,08,22107,,N,E,I,A,A,H,-,A,A,0,,,,,Y,,A,01,0,1,0,0,0,0,0,0,0,"- ","- ",38.852729797363281,-122.04386138916016,YOLO,UNINCORPORATED,-122.04462432861328,38.853527069091797
91399829,2021,2021-05-27,9280,2021-01-26,0350,019986,,2,3,4,5704,0,1,2,,2,011,"US-50 WESTBOUND","JEFFERSON BLVD.",200.00,E,N,B,-,Y,,,50,,,,,,W,Y,3,0,1,1,A,-,08,22107,,N,E,I,A,A,H,-,C,D,0,,,,,Y,Y,A,01,0,1,0,0,0,0,0,0,0,"- ","- ",38.575588226318359,-121.52039337158203,YOLO,"WEST SACRAMENTO",-121.52044677734375,38.575523376464844
91400768,2021,2021-05-27,9280,2021-01-27,0105,021265,,3,3,9,5700,0,1,1,,2,020,"I-5 SOUTHBOUND","COUNTY ROAD 22",5808.00,N,N,C,G,Y,,,5,,,,,,S,N,4,0,1,1,C,-,18,,,N,F,A,A,B,G,-,B,D,0,,,,Y,Y,,-,"- ",0,0,1,0,0,0,0,0,0,"- ","- ",38.673500061035156,-121.66130065917969,YOLO,UNINCORPORATED,-121.66130065917969,38.673336029052734