CASE_ID,ACCIDENT_YEAR,PROC_DATE,JURIS,COLLISION_DATE,COLLISION_TIME,OFFICER_ID,REPORTING_DISTRICT,DAY_OF_WEEK,CHP_SHIFT,POPULATION,CNTY_CITY_LOC,SPECIAL_COND,BEAT_TYPE,CHP_BEAT_TYPE,CITY_DIVISION_LAPD,CHP_BEAT_CLASS,BEAT_NUMBER,PRIMARY_RD,SECONDARY_RD,DISTANCE,DIRECTION,INTERSECTION,WEATHER_1,WEATHER_2,STATE_HWY_IND,CALTRANS_COUNTY,CALTRANS_DISTRICT,STATE_ROUTE,ROUTE_SUFFIX,POSTMILE_PREFIX,POSTMILE,LOCATION_TYPE,RAMP_INTERSECTION,SIDE_OF_HWY,TOW_AWAY,COLLISION_SEVERITY,NUMBER_KILLED,NUMBER_INJURED,PARTY_COUNT,PRIMARY_COLL_FACTOR,PCF_CODE_OF_VIOL,PCF_VIOL_CATEGORY,PCF_VIOLATION,PCF_VIOL_SUBSECTION,HIT_AND_RUN,TYPE_OF_COLLISION,MVIW,PED_ACTION,ROAD_SURFACE,ROAD_COND_1,ROAD_COND_2,LIGHTING,CONTROL_DEVICE,CHP_ROAD_TYPE,PEDESTRIAN_ACCIDENT,BICYCLE_ACCIDENT,MOTORCYCLE_ACCIDENT,TRUCK_ACCIDENT,NOT_PRIVATE_PROPERTY,ALCOHOL_INVOLVED,STWD_VEHTYPE_AT_FAULT,CHP_VEHTYPE_AT_FAULT,COUNT_SEVERE_INJ,COUNT_VISIBLE_INJ,COUNT_COMPLAINT_PAIN,COUNT_PED_KILLED,COUNT_PED_INJURED,COUNT_BICYCLIST_KILLED,COUNT_BICYCLIST_INJURED,COUNT_MC_KILLED,COUNT_MC_INJURED,PRIMARY_RAMP,SECONDARY_RAMP,LATITUDE,LONGITUDE,COUNTY,CITY,POINT_X,POINT_Y
91401821,2021,2021-05-27,9280,2021-01-29,1647,019720,,5,2,9,5700,0,3,5,,2,003,"COUNTY ROAD 21A",SR-16,100.00,W,N,F,-,N,,,,,,,,,,Y,3,0,1,1,A,-,08,22107,,N,E,I,A,B,H,-,B,D,0,,,,,Y,,A,01,0,1,0,0,0,0,0,0,0,"- ","- ",38.689109802246094,-122.01833343505859,YOLO,UNINCORPORATED,-122.01793670654297,38.689102172851562
91403402,2021,2021-05-27,9280,2021-01-29,2315,021276,,5,3,9,5700,0,3,5,,2,003,"COUNTY ROAD 85","ROAD 15B",3168.00,N,N,A,-,N,,,,,,,,,,Y,2,0,6,2,A,-,05,21650,,N,A,C,A,B,H,-,D,D,0,,,,,Y,,A,07,1,5,0,0,0,0,0,0,0,"- ","- ",38.768421173095703,-122.04402923583984,YOLO,UNINCORPORATED,-122.04407501220703,38.768039703369141
91404577,2021,2021-05-27,9280,2021-01-31,1700,019720,,7,2,4,5704,0,1,1,,2,010,"I-80 WB","REED AVE",600.00,W,N,B,-,Y,,,80,,,,,,W,Y,3,0,1,2,A,-,03,22350,,N,C,C,A,A,H,-,B,D,0,,,,,Y,,A,07,0,1,0,0,0,0,0,0,0,"- ","- ",38.590259552001953,-121.55351257324219,YOLO,"WEST SACRAMENTO",-121.55353546142578,38.590274810791016
91405245,2021,2021-05-27,9280,2021-02-02,0520,019094,,2,3,9,5700,0,3,5,,2,002,"BEAMER RD.","COUNTY RD. 102",50.00,E,N,B,C,N,,,,,,,,,,Y,4,0,1,1,A,-,03,22350,,N,E,I,A,B,H,-,D,D,0,,,,,Y,,A,01,0,0,1,0,0,0,0,0,0,"- ","- ",38.691730499267578,-121.72792816162109,YOLO,UNINCORPORATED,-121.72821807861328,38.684467315673828
91410374,2021,2021-05-27,9280,2021-02-07,0345,019720,,7,3,9,5700,0,3,5,,2,003,"COUNTY ROAD 93A","COUNTY ROAD 31",1089.00,S,N,A,-,N,,,,,,,,,,Y,2,0,2,1,A,-,01,23152,A,N,F,A,A,A,H,-,D,D,0,,,,,Y,Y,A,01,2,0,0,0,0,0,0,0,0,"- ","- ",38.559558868408203,-121.90061950683594,YOLO,UNINCORPORATED,-121.89967346191406,38.560394287109375
91411668,2021,2021-05-27,9280,2021-02-11,1435,015128,,4,2,9,5700,0,1,3,,2,034,SR-16,CR-80,25.00,E,N,B,C,Y,,,16,,,,,,,Y,4,0,1,2,A,-,03,22350,,N,C,C,A,B,H,-,A,D,0,,,,,Y,,D,22,0,0,1,0,0,0,0,0,0,"- ","- ",38.709381103515625,-122.12204742431641,YOLO,UNINCORPORATED,-122.12201690673828,38.709415435791016
91411966,2021,2021-02-19,9280,2021-02-09,1315,016289,,2,1,4,5704,0,3,5,,2,001,"OLD RIVER ROAD","COUNTRY ROAD 128A",4224.00,N,N,B,-,N,,,,,,,,,,Y,4,0,1,1,C,-,18,,,N,E,J,A,A,H,-,A,D,0,,,,,Y,,-,"- ",0,0,1,0,0,0,0,0,0,"- ","- ",38.632240295410156,-121.56443786621094,YOLO,"WEST SACRAMENTO",-121.56447601318359,38.633316040039062
91412827,2021,2021-05-27,9280,2021-02-11,1720,016520,,4,2,4,5704,0,1,2,,2,011,"US-50 W/B","JEFFERSON BLVD",1056.00,E,N,C,-,Y,,,50,,,,,,W,Y,4,0,1,2,A,-,03,22350,,N,C,C,A,B,H,-,A,D,0,,,,,Y,,A,01,0,0,1,0,0,0,0,0,0,"- ","- ",38.573719024658203,-121.51840972900391,YOLO,"WEST SACRAMENTO",-121.51839447021484,38.573734283447266
91412974,2021,2021-05-27,9280,2021-02-13,1703,019644,,6,2,5,5701,0,1,1,,2,010,"I-80 E/B","MACE BLVD",2112.00,W,N,A,-,Y,,,80,,,,,,E,Y,2,0,1,2,A,-,03,22350,,N,C,C,A,A,H,-,A,D,0,,,Y,,Y,,A,01,1,0,0,0,0,0,0,0,1,"- ","- ",38.551460266113281,-121.70073699951172,YOLO,DAVIS,-121.70073699951172,38.551433563232422
91413442,2021,2021-05-27,9280,2021-02-13,1949,018874,,6,2,9,5700,0,1,3,,1,024,SR-16,"COUNTY ROAD 22",1855.00,E,N,A,-,Y,,,16,,,,,,,Y,4,0,1,1,A,-,01,23152,A,N,F,I,A,A,H,-,D,D,0,,,,,Y,Y,D,22,0,0,1,0,0,0,0,0,0,"- ","- ",38.678020477294922,-121.84796142578125,YOLO,UNINCORPORATED,-121.84796142578125,38.677902221679688
91415376,2021,2021-02-25,9280,2021-02-20,0452,019621,,6,3,9,5700,0,3,5,,2,001,"OLD RIVER RD","COUNTY ROAD 124",4752.00,S,N,A,-,N,,,,,,,,,,Y,4,0,1,2,A,-,05,21460,A,N,A,C,A,A,H,-,D,A,0,,,,,Y,,A,01,0,0,1,0,0,0,0,0,0,"- ","- ",38.651260375976562,-121.60337066650391,YOLO,UNINCORPORATED,-121.60343170166016,38.651100158691406
91418870,2021,2021-05-27,9280,2021-02-20,1635,019377,,6,2,4,5704,0,1,1,,2,010,"I-80 E/B","ENTERPRISE BLVD",1680.00,E,N,A,-,Y,,,80,,,,,,E,Y,3,0,1,2,A,-,07,21658,A,N,C,C,A,A,H,-,A,D,0,,,Y,,Y,,A,01,0,1,0,0,0,0,0,0,1,"- ","- ",38.575260162353516,-121.57142639160156,YOLO,"WEST SACRAMENTO",-121.57140350341797,38.575004577636719
91419073,2021,2021-03-02,9280,2021-02-19,2320,019986,,5,3,4,5703,0,1,1,,2,020,"I-5 N/B","N. EAST STREET",1795.00,S,N,B,-,Y,,,5,,,,,,N,N,1,1,0,2,A,-,11,21954,A,N,G,B,E,A,H,-,D,D,0,Y,,,,Y,,N,60,0,0,0,1,0,0,0,0,0,"- ","- ",38.694721221923828,-121.76006317138672,YOLO,WOODLAND,-121.76008605957031,38.694675445556641
91419167,2021,2021-05-27,9280,2021-02-22,1040,019094,,1,1,4,5704,0,1,2,,2,011,"US-50 W/B TO JEFFERSON BLVD","YOLO / SACRAMENTO COUNTY LINE",1267.00,W,N,A,-,Y,,,50,,,,R,,W,Y,3,0,1,1,A,-,08,22107,,N,E,I,A,A,H,-,A,D,0,,,,,Y,,A,01,0,1,0,0,0,0,0,0,0,"- ","- ",38.574100494384766,-121.51863861083984,YOLO,"WEST SACRAMENTO",-121.51863861083984,38.574100494384766
91419201,2021,2021-05-27,9280,2021-02-18,2250,021265,,4,3,9,5700,0,1,1,,2,030,"COUNTY ROAD 29","COUNTY ROAD 92E",120.00,W,N,A,B,N,,,,,,,,,,Y,4,0,1,1,A,-,01,23152,A,N,E,J,A,A,H,-,D,A,0,,,,,Y,Y,A,01,0,0,1,0,0,0,0,0,0,"- ","- ",38.590599060058594,-121.90460205078125,YOLO,UNINCORPORATED,-121.90463256835938,38.590499877929688
91421786,2021,2021-05-27,9280,2021-02-27,1830,017874,,6,2,9,5700,0,1,1,,2,020,"INTERSTATE 5 SOUTHBOUND","CITY OF WOODLAND",26400.00,N,N,A,-,Y,,,,,,,,,,Y,4,0,1,1,D,-,00,,,N,H,C,A,A,H,-,A,D,0,,,,,Y,,-,"- ",0,0,1,0,0,0,0,0,0,"- ","- ",38.750308990478516,-122.83174133300781,YOLO,UNINCORPORATED,,
91422477,2021,2021-05-27,9280,2021-02-27,1345,019377,,6,1,9,5700,0,1,1,,2,010,"I-80 E/B","WEBSTER UNDERCROSSING",2640.00,W,N,A,-,Y,,,80,,,,,,E,Y,3,0,1,4,A,-,03,22350,,N,C,C,A,A,H,-,A,D,0,,,,,Y,,A,07,0,1,0,0,0,0,0,0,0,"- ","- ",38.561668395996094,-121.64772033691406,YOLO,UNINCORPORATED,-121.64772033691406,38.561687469482422
91422868,2021,2021-05-27,9280,2021-03-05,1530,019478,,5,2,9,5700,0,1,1,,2,031,"COUNTY ROAD 27","I-505 N/B TO/FROM COUNTY ROAD 27",0.00,,Y,A,-,Y,,,,,,,,,,Y,3,0,1,2,A,-,09,21802,A,N,D,C,A,A,H,-,A,A,0,,,,,Y,,A,07,0,1,0,0,0,0,0,0,0,"- ","- ",38.620391845703125,-121.952392578125,YOLO,UNINCORPORATED,-121.95323181152344,38.620376586914062
91423176,2021,2021-05-27,9280,2021-02-25,1932,019644,,4,2,4,5704,0,1,1,,2,010,"I-80 E/B","REED AVE UNDERCROSSING",2112.00,W,N,A,-,Y,,,80,,,,,,E,N,4,0,2,2,A,-,03,22350,,F,C,C,A,A,D,-,C,D,0,,,,,Y,,A,01,0,0,2,0,0,0,0,0,0,"- ","- ",38.587680816650391,-121.55494689941406,YOLO,"WEST SACRAMENTO",-121.554931640625,38.587665557861328
91423563,2021,2021-03-09,9280,2021-03-07,1826,019986,,7,2,9,5700,0,1,3,,2,034,SR-16,"LOAN OAK LANE",21.00,W,N,A,-,Y,,,16,,,,,,,Y,3,0,2,2,A,-,01,23152,A,N,A,C,A,A,H,-,D,D,0,,,,,Y,Y,A,01,0,1,1,0,0,0,0,0,0,"- ","- ",38.669498443603516,-121.88140106201172,YOLO,UNINCORPORATED,-121.88140106201172,38.669490814208984
91425359,2021,2021-03-11,9280,2021-03-03,1845,017963,,3,2,4,5704,0,1,2,,2,011,"US-50 E/B","HARBOR BLVD",130.00,E,N,A,-,Y,,,50,,,,,,E,N,4,0,1,1,A,-,03,22350,,N,E,J,A,A,H,-,D,D,0,,,,,Y,,A,08,0,0,1,0,0,0,0,0,0,"- ","- ",38.575019836425781,-121.5479736328125,YOLO,"WEST SACRAMENTO",-121.54796600341797,38.574962615966797
91425572,2021,2021-05-27,9280,2021-03-10,1335,017874,,3,1,9,5700,0,1,1,,2,020,"INTERSTATE 5 S/B","COUNTY ROAD 103",7550.00,S,N,F,-,Y,,,5,,,,,,S,Y,4,0,1,1,A,-,08,22107,,N,E,I,A,C,H,-,A,D,0,,,,,Y,,A,01,0,0,1,0,0,0,0,0,0,"- ","- ",38.673248291015625,-121.68285369873047,YOLO,UNINCORPORATED,-121.68284606933594,38.673416137695312
91427383,2021,2021-05-27,9280,2021-03-04,1735,019644,,4,2,9,5700,0,3,5,,2,002,"COUNTY RD 29","COUNTY ROAD 95",0.00,,Y,A,-,N,,,,,,,,,,Y,3,0,2,2,A,-,12,22450,A,N,D,C,A,A,H,-,A,A,0,,,,,Y,,A,01,0,1,1,0,0,0,0,0,0,"- ","- ",38.590648651123047,-121.85854339599609,YOLO,UNINCORPORATED,-121.85865020751953,38.590667724609375
91430168,2021,2021-05-27,9280,2021-03-14,0320,019720,,7,3,9,5700,0,3,5,,2,003,"COUNTY ROAD 14","COUNTY ROAD 90A",5808.00,E,N,A,-,N,,,,,,,,,,Y,2,0,1,1,A,-,01,23152,A,N,E,I,A,A,H,-,D,D,0,,,,,Y,Y,D,22,1,0,0,0,0,0,0,0,0,"- ","- ",38.784259796142578,-121.92436981201172,YOLO,UNINCORPORATED,-121.92533111572266,38.784023284912109
91433213,2021,2021-05-27,9280,2021-02-18,0721,018352,,4,1,9,5700,0,1,1,,2,020,"I-5 S/B S OF CR103","COUNTY ROAD 103",191.00,S,N,A,-,Y,,,5,,,,R,,S,Y,1,1,0,1,A,-,08,22107,,N,E,I,A,A,H,-,A,D,0,,,,,Y,,A,01,0,0,0,0,0,0,0,0,0,"- ","- ",38.673698425292969,-121.70867919921875,YOLO,UNINCORPORATED,-121.70867919921875,38.673698425292969
91438433,2021,2021-05-27,9280,2021-01-31,0330,019621,,7,3,9,5700,0,3,5,,2,003,"COUNTY ROAD 90A","COUNTY ROAD 19",0.00,,Y,B,-,N,,,,,,,,,,Y,1,1,0,1,A,-,01,23152,G,N,F,A,A,A,H,-,D,A,0,,,,,Y,Y,A,01,0,0,0,0,0,0,0,0,0,"- ","- ",38.719398498535156,-121.95645904541016,YOLO,UNINCORPORATED,-121.95637512207031,38.719402313232422
91440889,2021,2021-05-27,9280,2021-03-26,1405,019377,,5,2,4,5704,0,1,1,,2,010,"I-80 W/B","REED AVE",2305.00,W,N,A,-,Y,,,80,,,,,,W,Y,3,0,3,2,A,-,03,22350,,N,C,C,A,A,H,-,A,D,0,,,,,Y,,A,07,0,3,0,0,0,0,0,0,0,"- ","- ",38.586318969726562,-121.55628204345703,YOLO,"WEST SACRAMENTO",-121.55623626708984,38.586288452148438
91441615,2021,2021-05-27,9280,2021-03-24,1455,016520,,3,2,9,5700,0,3,5,,2,001,"SR-84 (JEFFERSON BLVD)","CLARKSBURG RD",0.00,,Y,A,-,Y,,,84,,,,,,,Y,3,0,1,2,A,-,09,21802,A,N,D,C,A,A,H,-,A,A,0,,,Y,,Y,,A,01,0,1,0,0,0,0,0,0,1,"- ","- ",38.414371490478516,-121.58281707763672,YOLO,UNINCORPORATED,-121.58282470703125,38.414371490478516
91441634,2021,2021-05-27,9280,2021-03-26,1445,019478,,5,2,9,5700,0,1,1,,2,020,"I-5 S/B","OLD RIVER RD",3168.00,S,N,A,-,Y,,,5,,,,,,S,Y,3,0,1,2,A,-,03,22350,,N,C,C,A,A,H,-,A,A,0,,,,Y,Y,,D,22,0,1,0,0,0,0,0,0,0,"- ","- ",38.673149108886719,-121.62663269042969,YOLO,UNINCORPORATED,-121.62663269042969,38.673141479492188
91441663,2021,2021-05-27,9280,2021-03-26,1630,019478,,5,2,9,5700,0,1,1,,2,020,"I-5 S/B","OLD RIVER RD",1584.00,N,N,A,-,Y,,,5,,,,,,S,N,3,0,1,2,A,-,03,22350,,N,C,C,A,A,H,-,A,A,0,,,,Y,Y,,G,27,0,1,0,0,0,0,0,0,0,"- ","- ",38.673248291015625,-121.64247131347656,YOLO,UNINCORPORATED,-121.64247131347656,38.673236846923828
91441993,2021,2021-07-16,9280,2021-03-28,1415,017874,,7,2,9,5700,0,1,3,,2,032,"STATE ROUTE 128","COUNTY ROAD 87",0.00,,Y,A,-,Y,,,128,,,,,,,Y,3,0,2,2,A,-,05,21460,A,N,D,C,A,A,H,-,A,D,0,,,,,Y,,D,22,0,1,1,0,0,0,0,0,0,"- ","- ",38.511600494384766,-122.00785827636719,YOLO,UNINCORPORATED,-122.00785064697266,38.511566162109375
91443475,2021,2021-05-27,9280,2021-02-01,1548,018157,,1,2,9,5700,0,3,5,,2,003,"COUNTY ROAD 29","COUNTY ROAD 95",0.00,,Y,B,-,N,,,,,,,,,,Y,1,1,1,2,A,-,09,21802,A,N,D,C,A,A,H,-,A,A,0,,,,,Y,,A,07,0,0,1,0,0,0,0,0,0,"- ","- ",38.590671539306641,-121.85859680175781,YOLO,UNINCORPORATED,-121.85865020751953,38.590667724609375
91445218,2021,2021-05-27,9280,2021-03-26,0705,015437,,5,1,9,5700,0,3,5,,2,003,"COUNTY ROAD 89","COUNTY ROAD 29",0.00,,Y,A,-,N,,,,,,,,,,Y,2,0,1,2,A,-,06,21750,A,N,B,C,A,A,H,-,A,A,0,,,,,Y,,D,22,1,0,0,0,0,0,0,0,0,"- ","- ",38.591388702392578,-121.97147369384766,YOLO,UNINCORPORATED,-121.97141265869141,38.591388702392578
91446316,2021,2021-04-08,9280,2021-04-02,1230,016289,,5,1,4,5704,0,1,1,,2,010,"I-80 W/B","REED AVENUE",528.00,W,N,A,-,Y,,,80,,,,,,W,Y,4,0,2,2,A,-,03,22350,,N,C,C,A,A,H,-,A,D,0,,,,,Y,,A,01,0,0,2,0,0,0,0,0,0,"- ","- ",38.5906982421875,-121.55319976806641,YOLO,"WEST SACRAMENTO",-121.55323028564453,38.590721130371094
91446490,2021,2021-05-27,9280,2021-04-02,1500,018352,,5,2,9,5700,0,1,1,,2,020,"I-5 SOUTHBOUND","OLD RIVER ROAD",8080.00,N,N,A,-,Y,,,5,,,,,,S,Y,3,0,1,4,A,-,03,22350,,F,C,C,A,A,H,-,A,D,0,,,,,Y,,-,99,0,1,0,0,0,0,0,0,0,"- ","- ",38.673351287841797,-121.65724945068359,YOLO,UNINCORPORATED,-121.65724945068359,38.673313140869141
91446518,2021,2021-04-08,9280,2021-03-30,1320,015534,,2,1,4,5704,0,1,2,,2,011,"US-50 W/B","JEFFERSON BLVD",1426.00,E,N,A,-,Y,,,50,,,,,,W,Y,4,0,2,1,A,-,08,22107,,N,E,I,A,A,H,-,A,D,0,,,,,Y,,A,01,0,0,2,0,0,0,0,0,0,"- ","- ",38.574100494384766,-121.51863098144531,YOLO,"WEST SACRAMENTO",-121.51870727539062,38.574005126953125
91447993,2021,2021-04-12,9280,2021-04-02,0435,015353,,5,3,9,5700,0,1,1,,2,020,"I-5 N/B","COUNTY ROAD18",2112.00,N,N,A,-,Y,,,5,,,,,,N,Y,3,0,1,1,A,-,01,23152,F,N,E,I,A,A,H,-,D,D,0,,,,,Y,,A,01,0,1,0,0,0,0,0,0,0,"- ","- ",38.726001739501953,-121.80510711669922,YOLO,UNINCORPORATED,-121.80548095703125,38.725627899169922
91448239,2021,2021-05-27,9280,2021-04-02,1825,016144,,5,2,9,5700,0,3,5,,2,002,"OLD RIVER ROAD","COUNTY ROAD 118",0.00,,Y,A,-,N,,,,,,,,,,N,3,0,1,2,A,-,03,22350,,N,C,C,A,A,H,-,A,D,0,,,Y,,Y,,C,02,0,1,0,0,0,0,0,0,1,"- ","- ",38.673000335693359,-121.62843322753906,YOLO,UNINCORPORATED,-121.62847137451172,38.672992706298828
91448460,2021,2021-05-27,9280,2021-04-03,1215,019986,,6,1,9,5700,0,2,4,,1,021,"COUNTY ROAD 102","COUNTY ROAD 26A",100.00,N,N,A,-,N,,,,,,,,,,N,4,0,1,2,A,-,03,22350,,N,C,C,A,A,H,-,A,D,0,,,,,Y,,A,08,0,0,1,0,0,0,0,0,0,"- ","- ",38.626590728759766,-121.72953033447266,YOLO,UNINCORPORATED,-121.72949981689453,38.626354217529297
91448633,2021,2021-05-27,9280,2021-04-05,1445,017963,,1,2,9,5700,0,3,5,,2,002,"COUNTY ROAD 22","COUNTY ROAD 103",2112.00,E,N,A,-,N,,,,,,,,,,Y,4,0,1,2,A,-,03,22350,,N,C,C,A,A,H,-,A,D,0,,,,,Y,,A,01,0,0,1,0,0,0,0,0,0,"- ","- ",38.676921844482422,-121.70211029052734,YOLO,UNINCORPORATED,,
91451178,2021,2021-05-27,9280,2021-04-03,0600,015437,,6,1,9,5700,0,3,5,,2,003,"COUNTY ROAD 93","COUNTY ROAD 26",48.00,N,N,A,-,N,,,,,,,,,,Y,3,0,1,1,C,-,18,,,N,H,H,A,A,H,-,D,D,0,,,,,Y,,-,"- ",0,1,0,0,0,0,0,0,0,"- ","- ",38.634521484375,-121.89539337158203,YOLO,UNINCORPORATED,-121.89539337158203,38.634452819824219
91451211,2021,2021-05-27,9280,2021-04-04,0831,015437,,7,1,9,5700,0,3,5,,2,003,"COUNTY ROAD 13","COUNTY ROAD 97",29.00,W,N,A,-,N,,,,,,,,,,Y,3,0,1,1,A,-,08,22107,,N,E,I,A,A,H,-,A,D,0,,,,,Y,,A,08,0,1,0,0,0,0,0,0,0,"- ","- ",38.793701171875,-121.82180023193359,YOLO,UNINCORPORATED,-121.82167816162109,38.793632507324219
91451466,2021,2021-05-27,9280,2021-04-09,0845,019986,,5,1,4,5703,0,1,1,,2,020,"I-5 SOUTHBOUND",CR-102,20.00,E,N,A,-,Y,,,,,,,,,,N,4,0,1,2,A,-,08,22107,,N,B,C,A,A,H,-,A,A,0,,,,,Y,,A,01,0,0,1,0,0,0,0,0,0,"- ","- ",38.672401428222656,-121.72824859619141,YOLO,WOODLAND,-121.72850799560547,38.673660278320312
91452036,2021,2021-05-27,9280,2021-04-10,0420,019621,,6,3,5,5701,0,1,1,,2,010,"I-80 W/B","MACE BOULEVARD",250.00,W,N,A,-,Y,,,80,,,,,,W,Y,3,0,1,1,A,-,03,22350,,N,E,I,A,A,H,-,D,A,0,,,Y,,Y,,C,02,0,1,0,0,0,0,0,0,1,"- ","- ",38.552261352539062,-121.69534301757812,YOLO,DAVIS,-121.69538879394531,38.552520751953125
91452102,2021,2021-05-27,9280,2021-04-12,1830,017351,,1,2,9,5700,0,1,3,,1,024,"COUNTY ROAD 97","COUNTY ROAD 15",4752.00,S,N,A,-,N,,,,,,,,,,Y,4,0,1,2,A,-,08,22107,,N,B,C,A,A,H,-,A,D,0,,,,,Y,,M,46,0,0,1,0,0,0,0,0,0,"- ","- ",38.750080108642578,-121.82186889648438,YOLO,UNINCORPORATED,-121.82200622558594,38.751491546630859
91453035,2021,2021-05-27,9280,2021-04-10,1755,018874,,6,2,5,5701,0,1,1,,2,010,"I-80 EASTBOUND, E/OF MACE BLVD.","MACE BLVD.",6336.00,E,N,A,-,Y,,,,,,,,,,Y,2,0,1,2,A,-,01,23152,A,N,C,C,A,A,H,-,A,D,0,,,Y,,Y,Y,C,02,1,0,0,0,0,0,0,0,1,"- ","- ",38.557868957519531,-121.67218017578125,YOLO,DAVIS,-121.67345428466797,38.557582855224609
91456279,2021,2021-05-27,9280,2021-04-17,1015,017983,,6,1,9,5700,0,1,3,,2,032,SR-128,"I-505 N/B TO SR-128",0.00,,Y,A,-,Y,,,,,,,,,,Y,3,0,2,2,A,-,03,22350,,N,D,C,A,A,H,-,A,A,0,,,,,Y,,A,01,0,1,1,0,0,0,0,0,0,"- ","- ",38.532150268554688,-121.95089721679688,YOLO,UNINCORPORATED,-121.95280456542969,38.531467437744141
91458062,2021,2021-05-27,9280,2021-04-18,1305,017964,,7,1,9,5700,0,1,1,,2,020,"I-5 N/B","CONAWAY SLOUGH",1056.00,S,N,A,-,Y,,,5,,,,,,N,Y,4,0,3,1,A,-,08,22107,,N,E,8,A,A,H,-,A,A,0,,,,,Y,,A,01,0,0,3,0,0,0,0,0,0,"- ","- ",38.673618316650391,-121.66771697998047,YOLO,UNINCORPORATED,-121.66771697998047,38.673622131347656
91459393,2021,2021-05-27,9280,2021-04-21,1640,017874,,3,2,9,5700,0,1,1,,2,020,"INTERSTATE 5 SOUTHBOUND","COUNTY ROAD 22",1584.00,N,N,A,-,Y,,,5,,,,,,S,Y,3,0,1,1,A,-,08,22107,,N,E,I,A,A,H,-,A,D,0,,,,,Y,,A,07,0,1,0,0,0,0,0,0,0,"- ","- ",38.673210144042969,-121.65099334716797,YOLO,UNINCORPORATED,-121.65099334716797,38.673282623291016
91459514,2021,2021-04-27,9280,2021-02-27,0840,015534,,6,1,9,5700,0,1,3,,2,013,"SR-84 (JEFFERSON BOULEVARD)","BABEL SLOUGH",12672.00,N,N,B,-,Y,,,84,,,,,,,N,4,0,1,2,A,-,06,21751,,M,F,A,A,A,H,-,A,D,0,,Y,,,Y,,D,22,0,0,1,0,0,0,1,0,0,"- ","- ",38.482231140136719,-121.58099365234375,YOLO,UNINCORPORATED,-121.58094787597656,38.482231140136719
91460670,2021,2021-05-27,9280,2021-04-18,1615,017963,,7,2,9,5700,0,3,5,,2,003,"COUNTY ROAD 95","COUNTY ROAD 24",279.00,S,N,A,-,N,,,,,,,,,,Y,2,0,1,1,A,-,01,23152,A,N,H,A,A,A,H,-,A,A,0,,,,,Y,Y,D,22,1,0,0,0,0,0,0,0,0,"- ","- ",38.663379669189453,-121.85807037353516,YOLO,UNINCORPORATED,-121.85813903808594,38.662662506103516
91461736,2021,2021-05-27,9280,2021-04-19,1300,015128,,1,1,9,5700,0,1,3,,1,024,SR-16,"MAIN ST",300.00,N,N,A,-,Y,,,16,,,,,,,N,3,0,1,2,A,-,03,22350,,N,C,C,A,A,H,-,A,D,0,,,,Y,Y,,A,01,0,1,0,0,0,0,0,0,0,"- ","- ",38.678600311279297,-121.80255889892578,YOLO,UNINCORPORATED,-121.80252075195312,38.678600311279297
91463575,2021,2021-08-19,9280,2021-04-25,1507,019377,,7,2,9,5700,0,3,5,,2,001,CR-32A,HOWAT,326.00,S,N,B,-,N,,,,,,,,,,Y,3,0,1,1,A,-,01,23152,A,M,E,I,A,A,H,-,A,A,0,,,,,Y,Y,A,01,0,1,0,0,0,0,0,0,0,"- ","- ",38.557651519775391,-121.67561340332031,YOLO,UNINCORPORATED,-121.67271423339844,38.558433532714844
91466298,2021,2021-05-27,9280,2021-04-26,0705,017983,,1,1,4,5704,0,1,1,,2,010,"I-80 W/B","REED AVENUE",100.00,W,N,A,-,Y,,,80,,,,,,W,N,4,0,1,2,A,-,03,22350,,N,B,C,A,A,D,-,A,D,0,,,,,Y,,D,22,0,0,1,0,0,0,0,0,0,"- ","- ",38.593849182128906,-121.55111694335938,YOLO,"WEST SACRAMENTO",-121.55115509033203,38.593875885009766
91467235,2021,2021-05-27,9280,2021-04-26,1345,017963,,1,1,9,5700,0,3,5,,2,002,"COUNTY ROAD 101","COUNTY ROAD 15",1265.00,S,N,A,B,N,,,,,,,,,,Y,2,0,1,2,A,-,01,23152,A,N,F,A,A,A,H,-,A,D,0,,,,,Y,Y,A,01,1,0,0,0,0,0,0,0,0,"- ","- ",38.760120391845703,-121.74739074707031,YOLO,UNINCORPORATED,-121.74738311767578,38.760097503662109