CASE_ID,ACCIDENT_YEAR,PROC_DATE,JURIS,COLLISION_DATE,COLLISION_TIME,OFFICER_ID,REPORTING_DISTRICT,DAY_OF_WEEK,CHP_SHIFT,POPULATION,CNTY_CITY_LOC,SPECIAL_COND,BEAT_TYPE,CHP_BEAT_TYPE,CITY_DIVISION_LAPD,CHP_BEAT_CLASS,BEAT_NUMBER,PRIMARY_RD,SECONDARY_RD,DISTANCE,DIRECTION,INTERSECTION,WEATHER_1,WEATHER_2,STATE_HWY_IND,CALTRANS_COUNTY,CALTRANS_DISTRICT,STATE_ROUTE,ROUTE_SUFFIX,POSTMILE_PREFIX,POSTMILE,LOCATION_TYPE,RAMP_INTERSECTION,SIDE_OF_HWY,TOW_AWAY,COLLISION_SEVERITY,NUMBER_KILLED,NUMBER_INJURED,PARTY_COUNT,PRIMARY_COLL_FACTOR,PCF_CODE_OF_VIOL,PCF_VIOL_CATEGORY,PCF_VIOLATION,PCF_VIOL_SUBSECTION,HIT_AND_RUN,TYPE_OF_COLLISION,MVIW,PED_ACTION,ROAD_SURFACE,ROAD_COND_1,ROAD_COND_2,LIGHTING,CONTROL_DEVICE,CHP_ROAD_TYPE,PEDESTRIAN_ACCIDENT,BICYCLE_ACCIDENT,MOTORCYCLE_ACCIDENT,TRUCK_ACCIDENT,NOT_PRIVATE_PROPERTY,ALCOHOL_INVOLVED,STWD_VEHTYPE_AT_FAULT,CHP_VEHTYPE_AT_FAULT,COUNT_SEVERE_INJ,COUNT_VISIBLE_INJ,COUNT_COMPLAINT_PAIN,COUNT_PED_KILLED,COUNT_PED_INJURED,COUNT_BICYCLIST_KILLED,COUNT_BICYCLIST_INJURED,COUNT_MC_KILLED,COUNT_MC_INJURED,PRIMARY_RAMP,SECONDARY_RAMP,LATITUDE,LONGITUDE,COUNTY,CITY,POINT_X,POINT_Y
91467294,2021,2021-05-27,9280,2021-04-24,1940,018874,,6,2,9,5700,0,3,5,,2,002,"COUNTY ROAD 116B","FRONT ST",528.00,S,N,A,-,N,,,,,,,,,,Y,3,0,1,1,A,-,01,23152,A,N,F,J,A,A,H,-,C,D,0,,,,,Y,Y,A,01,0,1,0,0,0,0,0,0,0,"- ","- ",38.790771484375,-121.70008087158203,YOLO,UNINCORPORATED,,
91468045,2021,2021-06-03,9280,2021-02-06,1020,015437,,6,1,9,5700,0,3,5,,2,003,SR-128,"YOLO / SOLANO COUNTY LINE",7022.00,E,N,A,-,Y,,,128,,,,,,,N,3,0,2,1,A,-,08,22107,,N,E,I,A,A,H,-,A,A,0,,,,,Y,,A,01,0,2,0,0,0,0,0,0,0,"- ","- ",38.514518737792969,-122.07290649414062,YOLO,UNINCORPORATED,-122.07291412353516,38.514568328857422
91468054,2021,2021-06-03,9280,2021-02-14,0230,018316,,7,3,9,5700,0,3,5,,2,003,"COUNTY ROAD 29A","COUNTY ROAD 92E",1200.00,W,N,B,-,N,,,,,,,,,,Y,4,0,1,1,A,-,08,22107,,N,F,A,A,A,H,-,D,D,0,,,,,Y,,D,22,0,0,1,0,0,0,0,0,0,"- ","- ",38.583660125732422,-121.91208648681641,YOLO,UNINCORPORATED,-121.91011810302734,38.583663940429688
91468285,2021,2021-05-27,9280,2021-04-28,1250,015128,,3,1,9,5700,0,3,5,,2,001,CR-106,CR-36,5.00,S,N,A,-,N,,,,,,,,,,Y,3,0,1,1,A,-,03,22350,,M,E,I,A,A,H,-,A,A,0,,,,,Y,,A,07,0,1,0,0,0,0,0,0,0,"- ","- ",38.487148284912109,-121.65866088867188,YOLO,UNINCORPORATED,-121.65871429443359,38.487174987792969
91468293,2021,2021-05-07,9280,2021-04-29,0759,016289,,4,1,5,5701,0,3,5,,2,001,CR-32A,"INTERSTATE 80",9.00,N,N,A,-,N,,,,,,,,,,Y,4,0,1,1,A,-,03,22350,,N,E,I,A,A,H,-,A,D,0,,,,,Y,,A,01,0,0,1,0,0,0,0,0,0,"- ","- ",38.563850402832031,-121.63870239257812,YOLO,DAVIS,-121.63861083984375,38.563533782958984
91469033,2021,2021-05-27,9280,2021-04-29,1720,019377,,4,2,9,5700,0,1,1,,2,020,"I-5 S/B",CR-124,200.00,S,N,A,-,Y,,,5,,,,,,S,Y,4,0,1,2,A,-,03,22350,,N,C,C,A,A,H,-,A,D,0,,,,,Y,,D,22,0,0,1,0,0,0,0,0,0,"- ","- ",38.673271179199219,-121.63951873779297,YOLO,UNINCORPORATED,-121.63951873779297,38.673221588134766
91469178,2021,2021-05-27,9280,2021-05-01,0745,019094,,6,1,9,5700,0,3,5,,2,002,"COUNTY RD. 102","L ST.",2798.00,N,N,A,-,N,,,,,,,,,,Y,4,0,1,1,A,-,08,22107,,N,E,I,A,A,H,-,A,D,0,,,,,Y,,A,01,0,0,1,0,0,0,0,0,0,"- ","- ",38.579139709472656,-121.73055267333984,YOLO,UNINCORPORATED,,
91469441,2021,2021-05-27,9280,2021-05-01,1100,019478,,6,1,5,5701,0,1,1,,2,010,"I-80 W/B","MACE BLVD",8976.00,E,N,A,-,Y,,,,,,,,,,Y,4,0,4,4,A,-,03,22350,,N,C,C,A,A,H,-,A,A,0,,,,Y,Y,,A,01,0,0,4,0,0,0,0,0,0,"- ","- ",38.559600830078125,-121.66323089599609,YOLO,DAVIS,-121.66442108154297,38.559352874755859
91469471,2021,2021-05-27,9280,2021-05-01,1110,017964,,6,1,9,5700,0,3,5,,2,003,"COUNTY ROAD 14",I-505,4224.00,E,N,A,-,N,,,,,,,,,,Y,3,0,1,1,A,-,08,22107,,N,E,I,A,A,H,-,A,A,0,,,,,Y,Y,A,01,0,1,0,0,0,0,0,0,0,"- ","- ",38.782669067382812,-121.93168640136719,YOLO,UNINCORPORATED,-121.93389129638672,38.781978607177734
91469549,2021,2021-05-27,9280,2021-05-01,1640,018874,,6,2,4,5704,0,1,1,,2,010,"I-80 EASTBOUND","REED AVE.",410.00,E,N,A,-,Y,,,80,,,,,,E,Y,4,0,1,2,A,-,01,23152,A,N,C,C,A,A,H,-,A,D,0,,,,,Y,Y,A,01,0,0,1,0,0,0,0,0,0,"- ","- ",38.593021392822266,-121.55129241943359,YOLO,"WEST SACRAMENTO",-121.55130004882812,38.593025207519531
91470922,2021,2021-05-27,9280,2021-05-06,1839,017874,,4,2,9,5700,0,3,5,,2,003,"WOODLAND AVE.","WINTERS ST.",50.00,W,N,A,-,N,,,,,,,,,,N,4,0,1,2,A,-,08,22107,,N,D,C,A,A,H,-,A,D,0,,,,,Y,,A,01,0,0,1,0,0,0,0,0,0,"- ","- ",38.695041656494141,-122.0130615234375,YOLO,UNINCORPORATED,-122.01300048828125,38.695014953613281
91475548,2021,2021-05-18,9280,2021-05-06,0135,015353,,4,3,9,5700,0,1,3,,2,022,"COUNTY ROAD 27","SR-113 TO COUNTY ROAD 27",42.00,E,N,A,-,Y,,,,,,,,,,Y,2,0,1,1,A,-,01,23152,A,N,F,A,A,A,H,-,C,A,0,,,Y,,Y,Y,C,02,1,0,0,0,0,0,0,0,1,"- ","- ",38.619369506835938,-121.76438903808594,YOLO,UNINCORPORATED,-121.76671600341797,38.619300842285156
91475758,2021,2021-06-03,9280,2021-05-08,1050,019478,,6,1,9,5700,0,1,3,,2,022,"SR-113 N/B","COUNTY ROAD 29",4224.00,N,N,A,G,Y,,,113,,,,,,N,Y,3,0,1,2,A,-,07,21658,A,N,B,C,A,A,H,-,A,A,0,,,,,Y,,A,08,0,1,0,0,0,0,0,0,0,"- ","- ",38.602291107177734,-121.7669677734375,YOLO,UNINCORPORATED,-121.76689147949219,38.602287292480469
91476604,2021,2021-05-27,9280,2021-05-10,0414,019644,,1,3,4,5703,0,1,1,,2,020,"I-5 N/B TO COUNTY RD 102","COUNTY RD 102",1000.00,S,N,A,-,Y,,,5,,,,R,,N,Y,3,0,1,2,A,-,08,22107,,N,C,E,A,A,H,-,C,D,0,,,,Y,Y,,D,22,0,1,0,0,0,0,0,0,0,"- ","- ",38.674110412597656,-121.72521209716797,YOLO,WOODLAND,-121.72521209716797,38.674110412597656
91476686,2021,2021-05-19,9280,2021-05-12,0420,018205,,3,3,9,5700,0,1,1,,2,010,"INTERSTATE 80 W/B","ENTERPRISE BLVD",2640.00,W,N,A,-,Y,,,,,,,,,,Y,4,0,1,1,A,-,08,22107,,N,E,I,A,A,H,-,D,D,0,,,,,Y,,A,01,0,0,1,0,0,0,0,0,0,"- ","- ",38.573951721191406,-121.57993316650391,YOLO,UNINCORPORATED,-121.57749938964844,38.574420928955078
91476730,2021,2021-05-27,9280,2021-05-13,0550,019478,,4,3,9,5700,0,3,5,,2,001,"SOUTH RIVER ROAD","COUNTY ROAD 143",4752.00,N,N,A,-,N,,,,,,,,,,Y,3,0,1,2,A,-,05,21650,,N,A,C,A,A,H,-,A,A,0,,,,,Y,,A,07,0,1,0,0,0,0,0,0,0,"- ","- ",38.347358703613281,-121.54399871826172,YOLO,UNINCORPORATED,-121.54512023925781,38.347251892089844
91478308,2021,2021-05-20,9280,2021-05-14,1325,016289,,5,1,9,5700,0,3,5,,2,001,"COUNTY ROAD 32A","COUNTY ROAD 105",67.00,S,N,A,-,N,,,80,,,,,,,Y,3,0,1,1,A,-,03,22350,,N,E,I,A,A,H,-,A,D,0,,,,,Y,,A,01,0,1,0,0,0,0,0,0,0,"- ","- ",38.557651519775391,-121.67559051513672,YOLO,UNINCORPORATED,-121.67552947998047,38.557380676269531
91479027,2021,2021-05-27,9280,2021-05-15,1545,018352,,6,2,4,5704,0,1,1,,2,010,"I-80 E/B","REED AVENUE",354.00,E,N,A,-,Y,,,80,,,,,,E,Y,4,0,2,1,A,-,08,22107,,N,E,I,A,A,D,-,A,D,0,,,,,Y,,E,22,0,0,2,0,0,0,0,0,0,"- ","- ",38.592971801757812,-121.55142211914062,YOLO,"WEST SACRAMENTO",-121.55136108398438,38.592933654785156
91479112,2021,2021-05-27,9280,2021-05-17,0420,021277,,1,3,9,5700,0,1,1,,2,010,"I-80 W/B","ENTERPRISE BLVD",8026.00,W,N,A,-,Y,,,80,,,,,,W,Y,4,0,1,2,A,-,07,21658,A,N,B,C,A,A,H,-,C,D,0,,,,,Y,,D,22,0,0,1,0,0,0,0,0,0,"- ","- ",38.569561004638672,-121.60491943359375,YOLO,UNINCORPORATED,-121.60491943359375,38.569553375244141
91479150,2021,2021-05-27,9280,2021-05-14,1645,019377,,5,2,9,5700,0,1,1,,2,010,"I-80 W/B","ENTERPRISE BLVD",2640.00,W,N,A,-,Y,,,80,,,,,,W,N,4,0,1,2,A,-,03,22350,,N,C,C,A,A,H,-,A,D,0,,,,,Y,,A,01,0,0,1,0,0,0,0,0,0,"- ","- ",38.572799682617188,-121.58657073974609,YOLO,UNINCORPORATED,-121.58657836914062,38.572834014892578
91479951,2021,2021-05-27,9280,2021-05-13,0940,019478,,4,1,9,5700,0,3,5,,2,001,"RT 84","Z LINE RD",580.00,S,N,A,-,Y,,,84,,,,,,,Y,4,0,1,1,A,-,08,22107,,N,E,I,A,A,H,-,A,A,0,,,,,Y,,A,01,0,0,1,0,0,0,0,0,0,"- ","- ",38.333648681640625,-121.63030242919922,YOLO,UNINCORPORATED,-121.63034820556641,38.333652496337891
91480074,2021,2021-05-27,9280,2021-05-14,2350,019621,,5,3,9,5700,0,3,5,,2,001,"COUNTY ROAD 32A","COUNTY ROAD 105",5808.00,E,N,A,-,N,,,,,,,,,,Y,3,0,1,2,A,-,21,22106,,N,C,C,A,A,H,-,D,D,0,,,,,Y,,D,22,0,1,0,0,0,0,0,0,0,"- ","- ",38.561328887939453,-121.65763854980469,YOLO,UNINCORPORATED,-121.67563629150391,38.557960510253906
91480222,2021,2021-05-27,9280,2021-05-17,1558,018874,,1,2,4,5704,0,1,1,,2,010,"I-80 WESTBOUND","ENTERPRISE BLVD",792.00,E,N,A,-,Y,,,80,,,,,,W,Y,4,0,1,3,A,-,08,22107,,N,E,I,A,A,H,-,A,D,0,,,,,Y,Y,A,07,0,0,1,0,0,0,0,0,0,"- ","- ",38.574790954589844,-121.57415008544922,YOLO,"WEST SACRAMENTO",-121.57416534423828,38.574893951416016
91483154,2021,2021-05-27,9280,2021-05-17,1200,013927,,1,1,9,5700,0,1,3,,2,034,SR-16,"SECOND STREET (CAPAY)",3168.00,W,N,A,-,Y,,,16,,,,,,,Y,3,0,1,1,A,-,08,22107,,N,E,I,A,A,A,-,A,D,0,,,,,Y,,A,07,0,1,0,0,0,0,0,0,0,"- ","- ",38.705699920654297,-122.06410217285156,YOLO,UNINCORPORATED,-122.0640869140625,38.705753326416016
91484901,2021,2021-05-28,9280,2021-05-24,0810,017964,,1,1,4,5704,0,1,2,,2,011,"US-50 W/B","HARBOR BLVD",400.00,W,N,A,-,Y,,,50,,,,,,W,Y,4,0,1,3,A,-,03,22350,,N,C,2,A,A,H,-,A,A,0,,,,,Y,,A,01,0,0,1,0,0,0,0,0,0,"- ","- ",38.575088500976562,-121.55007934570312,YOLO,"WEST SACRAMENTO",-121.55007934570312,38.575149536132812
91485218,2021,2021-05-28,9280,2021-05-25,1540,019377,,2,2,9,5700,0,1,1,,2,010,"I-80 E/B","ROAD 105",260.00,W,N,A,-,Y,,,80,,,,,,E,Y,4,0,1,3,A,-,03,22350,,N,C,C,A,A,H,-,A,D,0,,,,,Y,,D,22,0,0,1,0,0,0,0,0,0,"- ","- ",38.556819915771484,-121.67656707763672,YOLO,UNINCORPORATED,-121.67658996582031,38.556907653808594
91485263,2021,2021-05-28,9280,2021-05-22,1700,017874,,6,2,4,5703,0,3,5,,2,003,"COUNTY ROAD 99W","COUNTY LINE ROAD",0.00,,Y,A,-,N,,,,,,,,,,Y,3,0,1,2,A,-,09,21802,A,N,D,C,A,A,H,-,A,A,0,,,,,Y,,A,01,0,1,0,0,0,0,0,0,0,"- ","- ",38.925491333007812,-121.99677276611328,YOLO,WOODLAND,-121.99663543701172,38.925487518310547
91486830,2021,2021-06-01,9280,2021-05-23,1350,017963,,7,1,4,5704,0,1,2,,2,011,"US-50 W/B","HARBOR BLVD",528.00,W,N,A,-,Y,,,50,,,,,,W,Y,3,0,1,3,A,-,03,22350,,N,C,C,A,A,H,-,A,D,0,,,,,Y,,A,01,0,1,0,0,0,0,0,0,0,"- ","- ",38.575038909912109,-121.55095672607422,YOLO,"WEST SACRAMENTO",-121.55096435546875,38.575141906738281
91487724,2021,2021-06-02,9280,2021-05-24,0845,019094,,1,1,4,5704,0,1,1,,2,010,"I-80 W/B","ENTERPRISE BLVD. U/C",528.00,E,N,A,-,Y,,,80,,,,,,W,N,4,0,1,2,A,-,07,21658,A,N,B,C,A,A,H,-,A,D,0,,,,,Y,,A,07,0,0,1,0,0,0,0,0,0,"- ","- ",38.574748992919922,-121.57518005371094,YOLO,"WEST SACRAMENTO",-121.57518005371094,38.574737548828125
91487894,2021,2021-06-02,9280,2021-05-24,1430,017963,,1,2,9,5700,0,3,5,,2,002,"COUNTY ROAD 99","ASPEN STREET",0.00,,Y,A,-,N,,,,,,,,,,Y,4,0,3,4,A,-,03,22350,,N,C,C,A,A,H,-,A,A,0,,,,,Y,,A,01,0,0,3,0,0,0,0,0,0,"- ","- ",38.692878723144531,-121.78388977050781,YOLO,UNINCORPORATED,-121.78385925292969,38.692836761474609
91488741,2021,2021-06-03,9280,2021-05-25,2357,018205,,2,3,9,5700,0,1,1,,2,010,"INTERSTATE 80 W/B","WEBSTER UNDERCROSSING",1320.00,E,N,A,-,Y,,,80,,,,,,W,N,4,0,1,2,A,-,03,22350,,M,B,C,A,A,H,-,D,D,0,,,,,Y,,A,07,0,0,1,0,0,0,0,0,0,"- ","- ",38.564300537109375,-121.63404083251953,YOLO,UNINCORPORATED,-121.63404846191406,38.564338684082031
91489036,2021,2021-06-03,9280,2021-05-28,0640,019094,,5,1,4,5703,0,1,1,,2,020,"I-5 N/B","COUNTY RD 103 O/C",1742.00,S,N,A,-,Y,,,,,,,,,,Y,4,0,1,2,A,-,01,23152,A,M,E,I,A,A,H,-,A,D,0,,,,,Y,Y,A,01,0,0,1,0,0,0,0,0,0,"- ","- ",38.673709869384766,-121.70311737060547,YOLO,WOODLAND,,
91489091,2021,2021-06-03,9280,2021-05-24,0718,015128,,1,1,9,5700,0,1,3,,2,023,"SR-113 N/B",CR-17,180.00,S,N,A,-,Y,,,113,,,,,,N,Y,3,0,1,2,A,-,03,22350,,N,F,C,A,A,H,-,A,A,0,,,,Y,Y,,G,25,0,1,0,0,0,0,0,0,0,"- ","- ",38.734710693359375,-121.76512145996094,YOLO,UNINCORPORATED,-121.76517486572266,38.734683990478516
91489914,2021,2021-06-04,9280,2021-05-25,1435,018316,,2,2,9,5700,0,1,3,,2,034,SR-16,"COUNTY ROAD 95",0.00,,Y,A,-,Y,,,16,,,,,,,Y,3,0,3,2,A,-,12,22450,A,N,D,C,A,A,H,-,A,A,0,,,,,Y,,A,01,0,2,1,0,0,0,0,0,0,"- ","- ",38.676300048828125,-121.85790252685547,YOLO,UNINCORPORATED,-121.85784149169922,38.676185607910156
91491110,2021,2021-06-07,9280,2021-05-29,1100,019478,,6,1,9,5700,0,3,5,,2,003,"COUNTY ROAD 6","COUNTY ROAD 99W",0.00,,Y,A,-,N,,,,,,,,,,Y,3,0,2,2,A,-,09,21802,A,N,D,C,A,A,H,-,A,A,0,,,,,Y,,D,22,0,2,0,0,0,0,0,0,0,"- ","- ",38.881629943847656,-121.96851348876953,YOLO,UNINCORPORATED,-121.96849822998047,38.881637573242188
91492076,2021,2021-06-08,9280,2021-06-01,0640,017964,,2,1,9,5700,0,1,1,,2,010,"I-80 W/B","COUNTY ROAD 32A",5280.00,W,N,A,-,Y,,,80,,,,,,W,N,4,0,1,2,A,-,03,22350,,N,C,C,A,A,H,-,A,A,0,,,,,Y,,A,01,0,0,1,0,0,0,0,0,0,"- ","- ",38.560379028320312,-121.65667724609375,YOLO,UNINCORPORATED,-121.65669250488281,38.560455322265625
91492139,2021,2021-06-08,9280,2021-06-01,1715,017351,,2,2,9,5700,0,3,5,,2,002,"COUNTY ROAD 99","BARNARD ST",150.00,S,N,A,-,N,,,,,,,,,,Y,4,0,2,2,A,-,09,21804,A,N,D,C,A,A,H,-,A,D,0,,,,,Y,,A,01,0,0,2,0,0,0,0,0,0,"- ","- ",38.699909210205078,-121.78388977050781,YOLO,UNINCORPORATED,-121.78391265869141,38.699909210205078
91492782,2021,2021-06-09,9280,2021-05-29,2312,021277,,6,3,9,5700,0,1,3,,2,034,SR-16,"COUNTY ROAD 95",2534.00,W,N,A,-,Y,,,16,,,,,,,Y,2,0,6,2,A,-,01,23152,A,N,A,C,A,A,H,-,D,D,0,,,,,Y,Y,A,01,2,3,1,0,0,0,0,0,0,"- ","- ",38.672168731689453,-121.86576080322266,YOLO,UNINCORPORATED,-121.86576080322266,38.672168731689453
91492829,2021,2021-06-09,9280,2021-05-31,1220,019478,,1,1,5,5701,0,1,1,,2,010,"I-80 W/B","POLE LINE RD",2640.00,E,N,A,-,Y,,,80,,,,,,W,Y,3,0,1,2,A,-,07,21658,A,N,B,C,A,A,H,-,A,A,0,,,Y,,Y,,A,01,0,1,0,0,0,0,0,0,1,"- ","- ",38.547950744628906,-121.71685028076172,YOLO,DAVIS,-121.71685791015625,38.547981262207031
91492856,2021,2021-06-09,9280,2021-06-02,1110,017964,,3,1,4,5704,0,1,1,,2,010,"I-80 W/B","WEST CAPITOL AVE.",300.00,E,N,A,-,Y,,,80,,,,,,W,Y,3,0,2,2,A,-,03,22350,,N,C,2,A,A,H,-,A,A,0,,,,,Y,,A,01,0,1,1,0,0,0,0,0,0,"- ","- ",38.574668884277344,-121.57518768310547,YOLO,"WEST SACRAMENTO",-121.57520294189453,38.574733734130859
91493964,2021,2021-06-10,9280,2021-06-02,1625,018157,,3,2,9,5700,0,1,1,,2,010,"I-80 W/B","CHILES RD",2640.00,E,N,A,-,Y,,,80,,,,,,W,Y,4,0,1,2,A,-,08,22107,,N,B,C,A,A,H,-,A,D,0,,,,Y,Y,,D,22,0,0,1,0,0,0,0,0,0,"- ","- ",38.570789337158203,-121.59839630126953,YOLO,UNINCORPORATED,-121.598388671875,38.570720672607422
91495378,2021,2021-06-14,9280,2021-06-03,1035,015437,,4,1,9,5700,0,1,1,,2,030,"I-5 N/B","COUNTY ROAD 13",4752.00,S,N,A,-,Y,,,5,,,,,,N,Y,3,0,2,1,A,-,08,22107,,N,E,I,A,A,H,-,A,D,0,,,,,Y,,E,22,0,2,0,0,0,0,0,0,0,"- ","- ",38.783168792724609,-121.86580657958984,YOLO,UNINCORPORATED,-121.86585235595703,38.783123016357422
91496482,2021,2021-06-14,9280,2021-06-03,0156,015353,,4,3,9,5700,0,1,1,,2,010,"I-80 W/B","WEBSTER UNDERCROSSING",3696.00,E,N,A,-,Y,,,80,,,,,,W,Y,2,0,3,1,A,-,01,23152,A,N,E,I,A,A,H,-,D,D,0,,,,,Y,Y,A,01,1,1,1,0,0,0,0,0,0,"- ","- ",38.565959930419922,-121.62499237060547,YOLO,UNINCORPORATED,-121.62499237060547,38.565963745117188
91496562,2021,2021-06-14,9280,2021-06-03,1445,016144,,4,2,9,5700,0,3,5,,2,002,"COUNT ROAD 29","COUNTY ROAD 102",3300.00,W,N,A,-,N,,,,,,,,,,Y,2,0,2,2,A,-,01,23152,A,N,A,C,A,A,H,-,A,D,0,,,,Y,Y,Y,A,01,1,1,0,0,0,0,0,0,0,"- ","- ",38.589988708496094,-121.74166107177734,YOLO,UNINCORPORATED,-121.74167633056641,38.589992523193359
91496579,2021,2021-06-14,9280,2021-06-02,1530,018316,,3,2,9,5700,0,3,5,,2,003,"COUNTY ROAD 99W","COUNTY ROAD 89B",250.00,S,N,A,-,N,,,,,,,,,,Y,3,0,2,1,A,-,08,22107,,N,E,I,A,A,H,-,A,D,0,,,,,Y,,A,07,0,1,1,0,0,0,0,0,0,"- ","- ",38.868118286132812,-121.95179748535156,YOLO,UNINCORPORATED,-121.95603942871094,38.868892669677734
91497585,2021,2021-06-15,9280,2021-06-05,1130,017983,,6,1,4,5704,0,1,1,,2,010,"I-80 W/B W/O REED AVE","REED AVE",250.00,W,N,A,-,Y,,,80,,,,,,W,N,4,0,3,2,A,-,03,22350,,F,C,C,A,A,H,-,A,D,0,,,,,Y,,A,08,0,0,3,0,0,0,0,0,0,"- ","- ",38.590679168701172,-121.55325317382812,YOLO,"WEST SACRAMENTO",-121.55325317382812,38.590682983398438
91497760,2021,2021-10-29,9280,2021-06-05,1235,017964,,6,1,4,5704,0,1,2,,2,011,"US-50 W/B","HARBOR BLVD",0.00,W,N,A,-,Y,,,50,,,,,,W,Y,3,0,4,4,A,-,03,22350,,N,C,C,A,A,H,-,A,A,0,,,,,Y,,-,"- ",0,1,3,0,0,0,0,0,0,"- ","- ",38.575141906738281,-121.54868316650391,YOLO,"WEST SACRAMENTO",-121.54868316650391,38.575160980224609
91497827,2021,2021-06-15,9280,2021-06-06,0945,013927,,7,1,9,5700,0,1,3,,2,034,SR-16,"WINNERS WAY",0.00,,Y,A,-,Y,,,16,,,,,,,Y,2,0,2,2,A,-,12,21453,A,N,D,2,A,A,H,-,A,A,0,,,Y,,Y,,A,01,1,1,0,0,0,0,0,0,1,"- ","- ",38.735748291015625,-122.14473724365234,YOLO,UNINCORPORATED,-122.14476776123047,38.735736846923828
91498866,2021,2021-06-16,9280,2021-06-05,1905,016144,,6,2,9,5700,0,1,1,,2,010,"I-80 E/B","MACE BLVD.",7392.00,E,N,A,-,Y,,,80,,,,,,E,N,3,0,1,2,A,-,01,23152,A,N,B,C,A,A,H,-,A,D,0,,,,,Y,Y,A,01,0,1,0,0,0,0,0,0,0,"- ","- ",38.558528900146484,-121.66899871826172,YOLO,UNINCORPORATED,-121.66899871826172,38.558547973632812
91499387,2021,2021-06-17,9280,2021-06-11,2250,019621,,5,3,9,5700,0,2,4,,1,021,"COUNTY ROAD 102","COUNTY ROAD 26A",528.00,N,N,A,-,N,,,,,,,,,,Y,4,0,1,1,A,-,08,22107,,N,E,I,A,A,H,-,D,A,0,,,,,Y,,A,01,0,0,1,0,0,0,0,0,0,"- ","- ",38.6279296875,-121.72953796386719,YOLO,UNINCORPORATED,-121.72946166992188,38.627529144287109
91502031,2021,2021-06-21,9280,2021-06-09,1738,018316,,3,2,9,5700,0,3,5,,2,003,"COUNTY ROAD 89","COUNTY ROAD 25",0.00,,Y,A,-,N,,,,,,,,,,Y,4,0,1,2,A,-,12,22450,A,N,D,C,A,A,H,-,A,A,0,,,,,Y,,A,07,0,0,1,0,0,0,0,0,0,"- ","- ",38.649478912353516,-121.97142791748047,YOLO,UNINCORPORATED,-121.97132110595703,38.6495361328125
91503060,2021,2021-06-22,9280,2021-06-17,1050,016289,,4,1,4,5704,0,1,2,,2,011,"US-50 W/B","HARBOR BOULEVARD",100.00,E,N,A,-,Y,,,,,,,,,,Y,4,0,1,2,A,-,03,22350,,N,C,C,A,A,H,-,A,D,0,,,,,Y,,A,01,0,0,1,0,0,0,0,0,0,"- ","- ",38.57489013671875,-121.32541656494141,YOLO,"WEST SACRAMENTO",-121.54884338378906,38.575149536132812
91503166,2021,2021-06-22,9280,2021-06-10,0940,013927,,4,1,9,5700,0,3,5,,2,003,"COUNTY ROAD 27",I-505,1056.00,E,N,A,-,N,,,,,,,,,,Y,3,0,1,1,A,-,08,22107,,N,F,A,A,A,H,-,A,D,0,,,,,Y,,A,01,0,1,0,0,0,0,0,0,0,"- ","- ",38.620208740234375,-121.94837951660156,YOLO,UNINCORPORATED,-121.95075225830078,38.620357513427734
91503204,2021,2021-06-22,9280,2021-06-11,2210,019720,,5,3,9,5700,0,3,5,,2,003,"COUNTY ROAD 87","COUNTY ROAD 19",35.00,N,N,A,-,N,,,,,,,,,,Y,3,0,3,1,A,-,08,22107,,N,E,I,A,A,H,-,D,D,0,,,,,Y,,A,01,0,2,1,0,0,0,0,0,0,"- ","- ",38.733619689941406,-122.00562286376953,YOLO,UNINCORPORATED,-122.00591278076172,38.733715057373047
91503210,2021,2021-06-22,9280,2021-06-11,2320,019644,,5,3,9,5700,0,3,5,,2,003,"COUNTY ROAD 92C","COUNTY ROAD 19",110.00,S,N,A,-,N,,,,,,,,,,N,4,0,2,2,A,-,03,22350,,N,C,C,A,A,H,-,D,D,0,,,,,Y,,D,22,0,0,2,0,0,0,0,0,0,"- ","- ",38.710918426513672,-121.90016937255859,YOLO,UNINCORPORATED,-121.90010833740234,38.711021423339844
91505860,2021,2021-06-24,9280,2021-06-21,1430,019478,,1,2,9,5700,0,1,3,,2,023,SR-113,"COUNTY ROAD 102",30.00,W,N,A,-,Y,,,113,,,,,,,N,4,0,2,2,A,-,03,22350,,N,C,C,A,A,H,-,A,A,0,,,,,Y,,A,01,0,0,2,0,0,0,0,0,0,"- ","- ",38.792259216308594,-121.72759246826172,YOLO,UNINCORPORATED,-121.72757720947266,38.792278289794922