CASE_ID,ACCIDENT_YEAR,PROC_DATE,JURIS,COLLISION_DATE,COLLISION_TIME,OFFICER_ID,REPORTING_DISTRICT,DAY_OF_WEEK,CHP_SHIFT,POPULATION,CNTY_CITY_LOC,SPECIAL_COND,BEAT_TYPE,CHP_BEAT_TYPE,CITY_DIVISION_LAPD,CHP_BEAT_CLASS,BEAT_NUMBER,PRIMARY_RD,SECONDARY_RD,DISTANCE,DIRECTION,INTERSECTION,WEATHER_1,WEATHER_2,STATE_HWY_IND,CALTRANS_COUNTY,CALTRANS_DISTRICT,STATE_ROUTE,ROUTE_SUFFIX,POSTMILE_PREFIX,POSTMILE,LOCATION_TYPE,RAMP_INTERSECTION,SIDE_OF_HWY,TOW_AWAY,COLLISION_SEVERITY,NUMBER_KILLED,NUMBER_INJURED,PARTY_COUNT,PRIMARY_COLL_FACTOR,PCF_CODE_OF_VIOL,PCF_VIOL_CATEGORY,PCF_VIOLATION,PCF_VIOL_SUBSECTION,HIT_AND_RUN,TYPE_OF_COLLISION,MVIW,PED_ACTION,ROAD_SURFACE,ROAD_COND_1,ROAD_COND_2,LIGHTING,CONTROL_DEVICE,CHP_ROAD_TYPE,PEDESTRIAN_ACCIDENT,BICYCLE_ACCIDENT,MOTORCYCLE_ACCIDENT,TRUCK_ACCIDENT,NOT_PRIVATE_PROPERTY,ALCOHOL_INVOLVED,STWD_VEHTYPE_AT_FAULT,CHP_VEHTYPE_AT_FAULT,COUNT_SEVERE_INJ,COUNT_VISIBLE_INJ,COUNT_COMPLAINT_PAIN,COUNT_PED_KILLED,COUNT_PED_INJURED,COUNT_BICYCLIST_KILLED,COUNT_BICYCLIST_INJURED,COUNT_MC_KILLED,COUNT_MC_INJURED,PRIMARY_RAMP,SECONDARY_RAMP,LATITUDE,LONGITUDE,COUNTY,CITY,POINT_X,POINT_Y
91510182,2021,2021-06-30,9280,2021-06-20,1920,018352,,7,2,9,5700,0,3,5,,2,003,"COUNTY ROAD 24","I-505 N/B",5290.00,E,N,A,-,N,,,,,,,,,,Y,4,0,1,1,A,-,01,23152,A,N,E,I,A,A,H,-,A,D,0,,,,,Y,Y,D,22,0,0,1,0,0,0,0,0,0,"- ","- ",38.663658142089844,-121.94254302978516,YOLO,UNINCORPORATED,-121.93312835693359,38.663703918457031
91512140,2021,2021-07-02,9280,2021-06-24,1637,016144,,4,2,9,5700,0,1,1,,2,020,"I-5 S/B","COUNTY ROAD 22",528.00,N,N,A,-,Y,,,5,,,,,,S,Y,4,0,1,1,A,-,08,22107,,N,F,A,A,A,H,-,A,D,0,,,,,Y,,A,07,0,0,1,0,0,0,0,0,0,"- ","- ",38.673210144042969,-121.64156341552734,YOLO,UNINCORPORATED,-121.64156341552734,38.673229217529297
91512440,2021,2021-07-02,9280,2021-06-22,1740,018316,,2,2,9,5700,0,3,5,,2,003,"COUNTY ROAD 27","COUNTY ROAD 93",14.00,W,N,A,-,N,,,,,,,,,,Y,3,0,3,2,A,-,06,21750,A,N,B,C,A,A,H,-,A,D,0,,,,Y,Y,,F,26,0,3,0,0,0,0,0,0,0,"- ","- ",38.619869232177734,-121.89557647705078,YOLO,UNINCORPORATED,-121.89549255371094,38.619880676269531
91514780,2021,2021-07-07,9280,2021-06-26,1535,016144,,6,2,9,5700,0,1,1,,2,030,"I-5 N/B","COUNTY ROAD 12",4224.00,N,N,A,-,Y,,,5,,,,,,N,N,4,0,2,1,A,-,08,22107,,N,E,I,A,A,H,-,A,D,0,,,,,Y,,A,07,0,0,2,0,0,0,0,0,0,"- ","- ",38.822940826416016,-121.90770721435547,YOLO,UNINCORPORATED,-121.90779113769531,38.822856903076172
91515152,2021,2021-07-07,9280,2021-06-29,1700,016520,,2,2,5,5701,0,1,1,,2,010,"I-80 E/B","POLE LINE RD",1100.00,E,N,A,-,Y,,,80,,,,,,E,N,4,0,1,2,A,-,03,22350,,N,C,C,A,A,H,-,A,D,0,,,,,Y,,A,01,0,0,1,0,0,0,0,0,0,"- ","- ",38.546131134033203,-121.72425079345703,YOLO,DAVIS,-121.72423553466797,38.54608154296875
91516732,2021,2021-07-09,9280,2021-06-28,1030,017983,,1,1,4,5704,0,1,1,,2,010,"I-80 W/B","W. CAPITOL AVENUE",1200.00,E,N,A,-,Y,,,80,,,,,,W,Y,3,0,2,3,A,-,03,22350,,N,C,C,A,A,H,-,A,D,0,,,,,Y,,A,07,0,1,1,0,0,0,0,0,0,"- ","- ",38.582801818847656,-121.55850982666016,YOLO,"WEST SACRAMENTO",-121.55856323242188,38.582836151123047
91516867,2021,2021-07-09,9280,2021-07-01,0735,015534,,4,1,4,5704,0,1,2,,2,011,"US-50 W/B","HARBOR BLVD",3960.00,W,N,A,-,Y,,,50,,,,,,W,Y,2,0,2,3,A,-,03,22350,,N,C,C,A,A,H,-,A,D,0,,,,,Y,,A,01,1,0,1,0,0,0,0,0,0,"- ","- ",38.575508117675781,-121.56269073486328,YOLO,"WEST SACRAMENTO",-121.56269073486328,38.575550079345703
91517798,2021,2021-07-12,9280,2021-07-02,2254,021276,,5,3,9,5700,0,1,3,,2,013,"SR-84 (JEFFERSON BLVD)","RD 146",445.00,S,N,A,-,Y,,,84,,,,,,,Y,2,0,1,1,A,-,08,22107,,N,E,I,A,A,H,-,D,D,0,,,,,Y,,A,01,1,0,0,0,0,0,0,0,0,"- ","- ",38.373260498046875,-121.58336639404297,YOLO,UNINCORPORATED,-121.58336639404297,38.373260498046875
91518408,2021,2021-07-12,9280,2021-06-29,1713,017351,,2,2,9,5700,0,2,4,,1,021,"COUNTY ROAD 102","COUNTY ROAD 14",27.50,N,N,A,-,N,,,,,,,,,,Y,4,0,1,2,B,-,22,,,N,D,C,A,A,H,-,A,D,0,,,,,Y,,J,48,0,0,1,0,0,0,0,0,0,"- ","- ",38.778049468994141,-121.72862243652344,YOLO,UNINCORPORATED,-121.72860717773438,38.777946472167969
91521150,2021,2021-07-15,9280,2021-07-05,0150,015353,,1,3,9,5700,0,3,5,,2,002,"COUNTY ROAD 29","COUNTY ROAD 102",1742.00,E,N,A,-,N,,,,,,,,,,Y,2,0,4,1,A,-,03,22350,,N,E,I,A,A,H,-,D,D,0,,,,,Y,,D,22,4,0,0,0,0,0,0,0,0,"- ","- ",38.590011596679688,-121.72415161132812,YOLO,UNINCORPORATED,-121.73033905029297,38.589019775390625
91521283,2021,2021-07-15,9280,2021-07-06,0825,015534,,2,1,4,5704,0,1,2,,2,011,"US-50 W/B","HARBOR BLVD",1584.00,E,N,A,-,Y,,,50,,,,,,W,Y,3,0,1,3,A,-,03,22350,,N,C,C,A,A,H,-,A,D,0,,,,,Y,,D,22,0,1,0,0,0,0,0,0,0,"- ","- ",38.575080871582031,-121.54251861572266,YOLO,"WEST SACRAMENTO",-121.54251861572266,38.575122833251953
91522058,2021,2021-07-16,9280,2021-07-05,0500,017964,,1,3,9,5700,0,3,5,,2,003,"COUNTY ROAD 19","COUNTY ROAD 94B",10.00,W,N,A,-,N,,,,,,,,,,Y,3,0,1,1,A,-,01,23152,A,N,E,I,A,A,H,-,D,A,0,,,,,Y,Y,A,01,0,1,0,0,0,0,0,0,0,"- ","- ",38.705539703369141,-121.86215209960938,YOLO,UNINCORPORATED,-121.86200714111328,38.705585479736328
91522185,2021,2021-07-16,9280,2021-07-05,0720,019986,,1,1,9,5700,0,3,5,,2,003,CR-93,CR-24,0.00,,Y,A,-,N,,,,,,,,,,Y,4,0,2,2,A,-,12,22450,A,N,D,C,A,A,H,-,A,A,0,,,,Y,Y,,F,26,0,0,2,0,0,0,0,0,0,"- ","- ",38.663539886474609,-121.89511108398438,YOLO,UNINCORPORATED,-121.89511108398438,38.663539886474609
91524311,2021,2021-07-20,9280,2021-07-10,2020,017874,,6,2,9,5700,0,1,1,,2,031,"INTERSTATE 505 NORTHBOUND","COUNTY ROAD 14",3115.00,S,N,A,-,Y,,,505,,,,,,N,Y,2,0,3,2,A,-,05,21651,B,N,A,C,A,A,H,-,B,D,0,,,,,Y,,A,07,2,1,0,0,0,0,0,0,0,"- ","- ",38.768768310546875,-121.94779968261719,YOLO,UNINCORPORATED,-121.94777679443359,38.768764495849609
91524828,2021,2021-07-20,9280,2021-04-18,2345,018205,,7,3,9,5700,0,1,3,,2,023,"STATE ROUTE 113","COUNTY ROAD 14",3168.00,N,N,A,-,Y,,,113,,,,,,,Y,1,1,0,1,A,-,01,23152,A,N,E,I,A,A,H,-,D,D,0,,,,,Y,Y,A,01,0,0,0,0,0,0,0,0,0,"- ","- ",38.786979675292969,-121.774658203125,YOLO,UNINCORPORATED,-121.77471923828125,38.786979675292969
91524939,2021,2021-10-01,9280,2021-07-08,1228,015534,,4,1,4,5703,0,1,1,,2,010,"I-80 W/B","WEST CAPITOL AVE",550.00,E,N,A,-,Y,,,,,,,,,,Y,3,0,2,5,A,-,03,22350,,F,F,A,A,A,H,-,A,D,0,,,,,Y,,A,01,0,2,0,0,0,0,0,0,0,"- ","- ",38.581920623779297,-121.55911254882812,YOLO,WOODLAND,-121.56014251708984,38.579883575439453
91525709,2021,2021-07-21,9280,2021-07-09,1635,018316,,5,2,9,5700,0,2,4,,1,021,"COUNTY ROAD 29","SR-113 N/B TO CR-29/SR-113 N/B FROM CR-29",0.00,,Y,A,-,Y,,,,,,,,,,Y,4,0,2,2,A,-,09,21802,A,N,D,C,A,A,H,-,A,A,0,,,,,Y,,A,01,0,0,2,0,0,0,0,0,0,"- ","- ",38.59027099609375,-121.76371765136719,YOLO,UNINCORPORATED,-121.76699066162109,38.590217590332031
91525830,2021,2021-07-21,9280,2021-07-13,1418,018157,,2,2,4,5704,0,1,2,,2,011,"US-50 E/B TO HARBOR BLVD","HARBOR BLVD OVERCROSSING",228.00,W,N,A,-,Y,,,50,,,,R,,E,Y,4,0,1,1,A,-,08,22107,,N,E,I,A,A,H,-,A,D,0,,,,,Y,,A,01,0,0,1,0,0,0,0,0,0,"- ","- ",38.5748291015625,-121.54976654052734,YOLO,"WEST SACRAMENTO",-121.54976654052734,38.5748291015625
91526228,2021,2021-07-22,9280,2021-07-14,0355,021276,,3,3,9,5700,0,1,1,,2,020,"I-5 S/B","ROAD 17",2112.00,N,N,A,-,Y,,,5,,,,,,S,Y,4,0,1,1,A,-,08,22107,,N,F,A,A,A,H,-,D,D,0,,,,,Y,,A,01,0,0,1,0,0,0,0,0,0,"- ","- ",38.740688323974609,-121.82192993164062,YOLO,UNINCORPORATED,-121.82188415527344,38.74072265625
91526613,2021,2021-07-22,9280,2021-07-15,2058,016144,,4,2,9,5700,0,3,5,,2,002,"COUNTY ROAD 27","COUNTY ROAD 98",1584.00,S,N,A,-,N,,,,,,,,,,Y,4,0,1,1,A,-,08,22107,,N,E,I,A,A,H,-,D,D,0,,,,,Y,,A,01,0,0,1,0,0,0,0,0,0,"- ","- ",38.619621276855469,-121.80873107910156,YOLO,UNINCORPORATED,-121.80288696289062,38.619621276855469
91526923,2021,2021-07-22,9280,2021-07-14,0652,015534,,3,1,4,5704,0,1,1,,2,010,"I-80 E/B","ENTERPRISE BLVD",200.00,E,N,A,-,Y,,,80,,,,,,E,Y,4,0,3,2,A,-,03,22350,,N,C,C,A,A,H,-,A,D,0,,,,,Y,,A,01,0,0,3,0,0,0,0,0,0,"- ","- ",38.5743408203125,-121.57628631591797,YOLO,"WEST SACRAMENTO",-121.5762939453125,38.574367523193359
91527264,2021,2021-07-23,9280,2021-07-16,1420,019478,,5,2,5,5701,0,1,1,,2,010,"I-80 E/B","MACE BLVD",3696.00,W,N,A,-,Y,,,80,,,,,,E,Y,4,0,2,3,A,-,03,22350,,N,C,C,A,A,H,-,A,A,0,,,,,Y,,A,07,0,0,2,0,0,0,0,0,0,"- ","- ",38.549751281738281,-121.70809936523438,YOLO,DAVIS,-121.70809936523438,38.549736022949219
91530153,2021,2021-07-28,9280,2021-07-15,1802,018157,,4,2,9,5700,0,1,1,,2,010,"I-80 EASTBOUND","CHILES RD.",5808.00,W,N,A,-,Y,,,80,,,,,,E,Y,2,0,2,2,A,-,08,22107,,N,C,C,A,A,H,-,A,D,0,,,Y,,Y,,C,02,1,0,1,0,0,0,0,0,1,"- ","- ",38.559791564941406,-121.65978240966797,YOLO,UNINCORPORATED,-121.65978240966797,38.559825897216797
91530840,2021,2021-07-28,9280,2021-07-17,0752,017964,,6,1,9,5700,0,1,3,,1,024,"STATE ROUTE 16","COUNTY ROAD 95",0.00,,Y,A,-,Y,,,16,,,,,,,Y,2,0,3,2,A,-,01,23152,A,N,D,C,A,A,H,-,A,A,0,,,,,Y,Y,A,01,1,1,1,0,0,0,0,0,0,"- ","- ",38.676101684570312,-121.85803985595703,YOLO,UNINCORPORATED,-121.8580322265625,38.676090240478516
91532034,2021,2021-07-29,9280,2021-07-18,1515,017351,,7,2,9,5700,0,3,5,,2,002,"COUNTY ROAD 98","RUSSELL BLVD.",590.00,S,N,A,-,N,,,,,,,,,,Y,4,0,2,1,A,-,01,23152,A,N,E,I,A,A,H,-,A,D,0,,,,,Y,Y,A,01,0,0,2,0,0,0,0,0,0,"- ","- ",38.548591613769531,-121.80323028564453,YOLO,UNINCORPORATED,-121.80325317382812,38.545318603515625
91532117,2021,2021-07-29,9280,2021-07-19,1730,019478,,1,2,5,5701,0,1,1,,2,010,"I-80 EB","MACE BLVD",4224.00,W,N,A,-,Y,,,80,,,,,,E,Y,3,0,1,2,A,-,07,21658,A,N,C,C,A,A,H,-,A,A,0,,,Y,,Y,,A,07,0,1,0,0,0,0,0,0,1,"- ","- ",38.549728393554688,-121.70838928222656,YOLO,DAVIS,-121.7083740234375,38.549671173095703
91532133,2021,2021-07-29,9280,2021-07-13,1830,018205,,2,2,9,5700,0,1,1,,2,010,"INTERSTATE 80 E/B","WEBSTER ST",909.00,E,N,A,-,Y,,,80,,,,,,E,N,3,0,1,3,A,-,07,21658,A,N,B,C,A,A,H,-,A,D,0,,,Y,,Y,,A,01,0,1,0,0,0,0,0,0,1,"- ","- ",38.564380645751953,-121.63327789306641,YOLO,UNINCORPORATED,-121.63327026367188,38.564315795898438
91532157,2021,2021-07-29,9280,2021-07-13,0325,019720,,2,3,9,5700,0,3,5,,2,002,"COUNTY ROAD 99","ASPIN STREET",570.00,N,N,A,-,N,,,,,,,,,,Y,3,0,2,1,A,-,08,22107,,F,E,I,A,A,H,-,D,D,0,,,,,Y,,A,07,0,2,0,0,0,0,0,0,0,"- ","- ",38.694499969482422,-121.78397369384766,YOLO,UNINCORPORATED,-121.78387451171875,38.694404602050781
91533665,2021,2021-07-30,9280,2021-07-20,2200,015353,,2,3,9,5700,0,3,5,,2,003,"COUNTY ROAD 27","INTERSTATE 505",3696.00,E,N,A,-,N,,,,,,,,,,Y,2,0,1,1,A,-,01,23152,A,N,F,I,A,A,H,-,D,D,0,,,,,Y,Y,A,01,1,0,0,0,0,0,0,0,0,"- ","- ",38.620281219482422,-121.93602752685547,YOLO,UNINCORPORATED,-121.94151306152344,38.620296478271484
91533708,2021,2021-07-30,9280,2021-07-21,1912,018316,,3,2,5,5701,0,1,1,,2,010,"I-80 W/B TO MACE BLVD.","MACE BLVD.",15.00,E,N,A,-,Y,,,80,,,,R,,W,N,4,0,3,2,A,-,21,22106,,N,C,C,A,A,H,-,A,A,0,,,,,Y,,A,07,0,0,3,0,0,0,0,0,0,"- ","- ",38.553218841552734,-121.69397735595703,YOLO,DAVIS,-121.69397735595703,38.553218841552734
91535105,2021,2021-08-02,9280,2021-07-23,1940,019478,,5,2,9,5700,0,3,5,,2,001,"BABEL SLOUGH RD","PUMPHOUSE RD",4752.00,E,N,A,-,N,,,,,,,,,,Y,2,0,1,1,A,-,08,22107,,N,E,I,A,A,H,-,A,A,0,,,Y,,Y,,C,02,1,0,0,0,0,0,0,0,1,"- ","- ",38.461151123046875,-121.57005310058594,YOLO,UNINCORPORATED,-121.57007598876953,38.459724426269531
91536084,2021,2021-08-03,9280,2021-07-23,1250,015437,,5,1,9,5700,0,3,5,,2,003,"COUNTY ROAD 13","COUNTY ROAD 95",0.00,,Y,A,-,N,,,,,,,,,,Y,3,0,1,2,A,-,12,22450,A,F,D,C,A,A,H,-,A,A,0,,,,,Y,,-,99,0,1,0,0,0,0,0,0,0,"- ","- ",38.794048309326172,-121.85874176025391,YOLO,UNINCORPORATED,-121.85874176025391,38.794059753417969
91536088,2021,2021-08-03,9280,2021-07-23,1745,019377,,5,2,4,5704,0,1,2,,2,011,US-50,"S. RIVER ROAD",705.00,E,N,A,-,Y,,,50,,,,,,,Y,3,0,1,2,A,-,08,22107,,N,C,C,A,A,H,-,A,D,0,,,,Y,Y,,F,26,0,1,0,0,0,0,0,0,0,"- ","- ",38.572288513183594,-121.51719665527344,YOLO,"WEST SACRAMENTO",-121.51717376708984,38.57232666015625
91538167,2021,2021-08-05,9280,2021-07-26,0028,019094,,1,3,4,5704,0,1,1,,2,010,"I-80 E/B","ENTERPRISE BLVD U/C",1373.00,W,N,A,-,Y,,,80,,,,,,E,Y,3,0,1,2,A,-,01,23152,A,N,C,C,A,A,H,-,C,D,0,,,,,Y,Y,A,01,0,1,0,0,0,0,0,0,0,"- ","- ",38.573379516601562,-121.58248138427734,YOLO,"WEST SACRAMENTO",-121.58248901367188,38.573410034179688
91539019,2021,2021-08-06,9280,2021-07-29,1515,018157,,4,2,9,5700,0,1,3,,2,013,"JEFFERSON BLVD","AT WILLOW POINT ROAD",0.00,,Y,A,-,N,,,,,,,,,,Y,4,0,1,2,A,-,03,22350,,N,C,C,A,A,H,-,A,A,0,,,,,Y,,A,08,0,0,1,0,0,0,0,0,0,"- ","- ",38.429119110107422,-121.58277893066406,YOLO,UNINCORPORATED,-121.58292388916016,38.429027557373047
91540064,2021,2021-08-09,9280,2021-07-19,1255,017963,,1,1,9,5700,0,3,5,,2,002,"COUNTY ROAD 99","MOELLER LANE",0.00,,Y,A,-,N,,,,,,,,,,Y,3,0,1,2,A,-,08,22107,,N,D,C,A,A,H,-,A,D,0,,,Y,,Y,,A,07,0,1,0,0,0,0,0,0,1,"- ","- ",38.626621246337891,-121.78495788574219,YOLO,UNINCORPORATED,-121.78498077392578,38.626594543457031
91541703,2021,2021-08-10,9280,2021-07-12,1740,016144,,1,2,9,5700,0,1,1,,2,020,"I-5 N/B","E. KENTUCKY AVE O/C",63.00,S,N,A,-,Y,,,,,,,,,,Y,1,1,0,1,A,-,08,22107,,N,E,I,A,A,H,-,A,D,0,,,,,Y,,A,01,0,0,0,0,0,0,0,0,0,"- ","- ",38.691749572753906,-121.75669097900391,YOLO,UNINCORPORATED,-121.75643157958984,38.691883087158203
91542538,2021,2021-08-11,9280,2021-08-01,1210,017983,,7,1,4,5704,0,1,2,,2,011,"US-50 W/B","HARBOR BLVD",1584.00,W,N,A,-,Y,,,50,,,,,,W,N,3,0,1,2,A,-,03,22350,,N,C,C,A,A,H,-,A,D,0,,,,,Y,,A,01,0,1,0,0,0,0,0,0,0,"- ","- ",38.575111389160156,-121.55564117431641,YOLO,"WEST SACRAMENTO",-121.55563354492188,38.575180053710938
91543944,2021,2021-08-12,9280,2021-08-02,1750,016520,,1,2,4,5704,0,1,2,,2,011,"US-50 EASTBOUND","JEFFERSON BLVD",580.00,E,N,A,-,Y,,,50,,,,,,E,Y,4,0,1,3,A,-,07,21658,A,N,B,C,A,A,H,-,A,D,0,,,,,Y,,A,01,0,0,1,0,0,0,0,0,0,"- ","- ",38.57672119140625,-121.523193359375,YOLO,"WEST SACRAMENTO",-121.523193359375,38.576705932617188
91543953,2021,2021-08-12,9280,2021-08-05,0950,015437,,4,1,4,5704,0,1,2,,2,011,"US-50 W/B","HARBOR BLVD",3714.00,W,N,A,-,Y,,,50,,,,,,W,Y,3,0,2,2,A,-,03,22350,,N,C,C,A,A,H,-,A,D,0,,,,,Y,,A,01,0,2,0,0,0,0,0,0,0,"- ","- ",38.575469970703125,-121.5618896484375,YOLO,"WEST SACRAMENTO",-121.5618896484375,38.575504302978516
91543958,2021,2021-08-12,9280,2021-08-05,1750,016520,,4,2,4,5704,0,1,2,,2,011,"US-50 W/B","JEFFERSON BLVD",1352.00,W,N,A,-,Y,,,50,,,,,,W,N,4,0,1,2,A,-,07,21658,A,N,B,C,A,A,H,-,A,D,0,,,Y,,Y,,C,02,0,0,1,0,0,0,0,0,1,"- ","- ",38.576248168945312,-121.53066253662109,YOLO,"WEST SACRAMENTO",-121.53064727783203,38.576213836669922
91544379,2021,2021-08-13,9280,2021-08-04,1330,015128,,3,1,9,5700,0,1,1,,2,010,"I-80 E/B","WEBSTER RD",7392.00,W,N,A,-,Y,,,80,,,,,,E,Y,4,0,1,2,A,-,03,22350,,M,C,C,A,A,H,-,A,D,0,,,,,Y,,-,99,0,0,1,0,0,0,0,0,0,"- ","- ",38.559181213378906,-121.66449737548828,YOLO,UNINCORPORATED,-121.66449737548828,38.559173583984375
91547675,2021,2021-08-18,9280,2021-08-07,0030,019478,,6,3,5,5701,0,1,3,,2,022,"SR-113 S/B","HUTCHISON DR",200.00,S,N,A,-,Y,,,,,,,,,,Y,4,0,1,2,A,-,01,23152,A,N,C,C,A,A,H,-,D,A,0,,,,,Y,Y,A,01,0,0,1,0,0,0,0,0,0,"- ","- ",38.536060333251953,-121.76863098144531,YOLO,DAVIS,-121.76861572265625,38.536319732666016
91547847,2021,2021-08-18,9280,2021-08-07,0135,019644,,6,3,9,5700,0,1,1,,2,010,"I-80 E/B","ENTERPRISE BLVD UNDERCROSSING",5280.00,W,N,A,-,Y,,,80,,,,,,E,Y,4,0,2,2,A,-,03,22350,,N,C,C,A,A,H,-,D,D,0,,,,,Y,,A,01,0,0,2,0,0,0,0,0,0,"- ","- ",38.572330474853516,-121.58798217773438,YOLO,UNINCORPORATED,-121.58799743652344,38.572444915771484
91548811,2021,2021-08-19,9280,2021-08-07,2040,019986,,6,2,9,5700,0,1,3,,2,034,SR-16,CR-82B,3960.00,E,N,A,-,Y,,,16,,,,,,,Y,4,0,3,2,A,-,05,21650,,N,A,C,A,A,H,-,D,D,0,,,,,Y,,A,01,0,0,3,0,0,0,0,0,0,"- ","- ",38.70684814453125,-122.07267761230469,YOLO,UNINCORPORATED,-122.07267761230469,38.706878662109375
91549302,2021,2021-08-19,9280,2021-07-30,1700,019478,,5,2,9,5700,0,1,1,,2,010,"I-80 WB","ENTERPRISE BLVD",5280.00,W,N,A,-,Y,,,80,,,,,,W,Y,3,0,2,2,A,-,07,21658,A,N,B,C,A,A,H,-,A,A,0,,,,Y,Y,,F,25,0,1,1,0,0,0,0,0,0,"- ","- ",38.571231842041016,-121.59568023681641,YOLO,UNINCORPORATED,-121.59567260742188,38.571205139160156
91550315,2021,2021-08-20,9280,2021-08-13,2000,017351,,5,2,5,5701,0,1,1,,2,010,"I-80 E/B","MACE BLVD. O/C",3168.00,W,N,A,-,Y,,,80,,,,,,E,N,4,0,1,2,A,-,03,22350,,N,C,C,A,A,H,-,C,D,0,,,,,Y,,A,01,0,0,1,0,0,0,0,0,0,"- ","- ",38.550380706787109,-121.70549774169922,YOLO,DAVIS,-121.70549011230469,38.550327301025391
91551209,2021,2021-08-23,9280,2021-08-14,0645,017963,,6,1,9,5700,0,1,1,,2,020,"I-5 N/B",SR-16,2006.00,S,N,A,-,Y,,,5,,,,,,N,Y,4,0,2,3,A,-,08,22107,,N,B,C,A,A,H,-,A,D,0,,,,,Y,,A,01,0,0,2,0,0,0,0,0,0,"- ","- ",38.714488983154297,-121.79573059082031,YOLO,UNINCORPORATED,-121.79575347900391,38.714462280273438
91551307,2021,2021-08-23,9280,2021-08-14,0940,018352,,6,1,5,5701,0,1,1,,2,010,"I-80 E/B FROM MACE BOULEVARD","MACE BLVD",630.00,E,N,A,-,Y,,,80,,,,R,,E,Y,3,0,3,2,A,-,03,22350,,N,C,C,A,A,H,-,A,A,0,,,,,Y,,A,01,0,1,2,0,0,0,0,0,0,"- ","- ",38.552879333496094,-121.69217681884766,YOLO,DAVIS,-121.69217681884766,38.552879333496094
91551606,2021,2021-08-23,9280,2021-08-16,0410,019478,,1,3,9,5700,0,1,1,,2,020,"I-5 S/B","COUNTY ROAD 103",8448.00,E,N,A,-,Y,,,5,,,,,,S,Y,4,0,1,3,A,-,03,22350,,N,C,C,A,A,H,-,D,A,0,,,,,Y,,A,08,0,0,1,0,0,0,0,0,0,"- ","- ",38.673469543457031,-121.67923736572266,YOLO,UNINCORPORATED,-121.67923736572266,38.673397064208984
91551631,2021,2021-09-10,9280,2021-06-12,1902,017874,,6,2,9,5700,0,1,3,,2,034,"STATE ROUTE 16","COUNTY ROAD 71",491.00,W,N,A,-,Y,,,16,,,,,,,Y,1,1,2,1,A,-,01,23152,G,N,E,I,A,A,H,-,A,D,0,,,,,Y,Y,A,08,0,2,0,0,0,0,0,0,0,"- ","- ",38.767051696777344,-122.16503143310547,YOLO,UNINCORPORATED,-122.16497802734375,38.767093658447266
91553726,2021,2021-09-23,9280,2021-08-14,0110,019986,,6,3,9,5700,0,1,3,,2,026,SR-45,"CERES RD.",22334.00,S,N,A,-,Y,,,45,,,,,,,Y,3,0,1,1,A,-,01,23152,A,N,E,I,A,A,H,-,D,D,0,,,,,Y,Y,A,01,0,1,0,0,0,0,0,0,0,"- ","- ",38.882091522216797,-121.84345245361328,YOLO,UNINCORPORATED,-121.84343719482422,38.882122039794922
91554268,2021,2022-12-20,9280,2021-05-28,0700,017983,,5,1,9,5700,0,3,5,,2,002,"COUNTY ROAD 99","BARNARD STREET",175.00,S,N,A,-,N,,,,,,,,,,Y,1,1,0,3,A,-,09,21801,A,N,B,C,A,A,H,-,A,D,0,,,,Y,Y,,A,07,0,0,0,0,0,0,0,0,0,"- ","- ",38.699848175048828,-121.78391265869141,YOLO,UNINCORPORATED,-121.78391265869141,38.699840545654297
91554858,2021,2021-08-26,9280,2021-08-17,0630,015534,,2,1,4,5704,0,1,2,,2,011,"US-50 E/B","DREVER ST",430.00,E,N,A,-,Y,,,50,,,,,,E,Y,2,0,2,3,A,-,08,22107,,N,B,C,A,A,H,-,A,D,0,,,,Y,Y,,A,01,1,1,0,0,0,0,0,0,0,"- ","- ",38.575328826904297,-121.52043151855469,YOLO,"WEST SACRAMENTO",-121.52047729492188,38.575271606445312
91556903,2021,2021-08-27,9280,2021-08-17,1222,015128,,2,1,9,5700,0,1,1,,2,030,"I-5 N/B",I-505,5280.00,S,N,A,-,Y,,,5,,,,,,N,Y,4,0,1,1,A,-,08,22107,,N,E,I,A,A,H,-,A,D,0,,,,,Y,,A,08,0,0,1,0,0,0,0,0,0,"- ","- ",38.837810516357422,-121.92803192138672,YOLO,UNINCORPORATED,-121.92807006835938,38.837734222412109