CASE_ID,ACCIDENT_YEAR,PROC_DATE,JURIS,COLLISION_DATE,COLLISION_TIME,OFFICER_ID,REPORTING_DISTRICT,DAY_OF_WEEK,CHP_SHIFT,POPULATION,CNTY_CITY_LOC,SPECIAL_COND,BEAT_TYPE,CHP_BEAT_TYPE,CITY_DIVISION_LAPD,CHP_BEAT_CLASS,BEAT_NUMBER,PRIMARY_RD,SECONDARY_RD,DISTANCE,DIRECTION,INTERSECTION,WEATHER_1,WEATHER_2,STATE_HWY_IND,CALTRANS_COUNTY,CALTRANS_DISTRICT,STATE_ROUTE,ROUTE_SUFFIX,POSTMILE_PREFIX,POSTMILE,LOCATION_TYPE,RAMP_INTERSECTION,SIDE_OF_HWY,TOW_AWAY,COLLISION_SEVERITY,NUMBER_KILLED,NUMBER_INJURED,PARTY_COUNT,PRIMARY_COLL_FACTOR,PCF_CODE_OF_VIOL,PCF_VIOL_CATEGORY,PCF_VIOLATION,PCF_VIOL_SUBSECTION,HIT_AND_RUN,TYPE_OF_COLLISION,MVIW,PED_ACTION,ROAD_SURFACE,ROAD_COND_1,ROAD_COND_2,LIGHTING,CONTROL_DEVICE,CHP_ROAD_TYPE,PEDESTRIAN_ACCIDENT,BICYCLE_ACCIDENT,MOTORCYCLE_ACCIDENT,TRUCK_ACCIDENT,NOT_PRIVATE_PROPERTY,ALCOHOL_INVOLVED,STWD_VEHTYPE_AT_FAULT,CHP_VEHTYPE_AT_FAULT,COUNT_SEVERE_INJ,COUNT_VISIBLE_INJ,COUNT_COMPLAINT_PAIN,COUNT_PED_KILLED,COUNT_PED_INJURED,COUNT_BICYCLIST_KILLED,COUNT_BICYCLIST_INJURED,COUNT_MC_KILLED,COUNT_MC_INJURED,PRIMARY_RAMP,SECONDARY_RAMP,LATITUDE,LONGITUDE,COUNTY,CITY,POINT_X,POINT_Y
91557084,2021,2021-08-27,9280,2021-08-22,1810,018205,,7,2,4,5704,0,1,1,,2,010,"INTERSTATE 80 W/B","REED AVE",3122.00,W,N,A,-,Y,,,80,,,,,,W,Y,3,0,1,1,A,-,03,22350,,N,F,A,A,A,H,-,A,D,0,,,Y,,Y,,C,02,0,1,0,0,0,0,0,0,1,"- ","- ",38.584308624267578,-121.55757141113281,YOLO,"WEST SACRAMENTO",-121.55755615234375,38.584300994873047
91558701,2021,2021-08-30,9280,2021-08-24,1920,016144,,2,2,9,5700,0,1,1,,2,020,"I-5 N/B","MAIN ST UNDERCROSSING",1056.00,S,N,A,-,Y,,,,,,,,,,Y,3,0,1,1,A,-,08,22107,,N,E,I,A,A,H,-,A,D,0,,,,,Y,,D,22,0,1,0,0,0,0,0,0,0,"- ","- ",38.674049377441406,-121.73876953125,YOLO,UNINCORPORATED,-121.74268341064453,38.675266265869141
91559899,2021,2021-08-31,9280,2021-08-25,1528,018157,,3,2,9,5700,0,1,3,,2,034,SR-16,"COUNTY ROAD 93",4224.00,W,N,A,-,Y,,,16,,,,,,,Y,4,0,1,3,A,-,03,22350,,N,C,C,A,A,H,-,A,D,0,,,,,Y,,A,01,0,0,1,0,0,0,0,0,0,"- ","- ",38.673538208007812,-121.90998840332031,YOLO,UNINCORPORATED,-121.90998840332031,38.673553466796875
91560140,2021,2021-09-01,9280,2021-08-20,1100,015437,,5,1,2,5702,0,1,1,,2,031,"I-505 N/B",SR-128,3504.00,N,N,A,-,Y,,,505,,,,,,N,Y,3,0,1,1,A,-,08,22107,,N,E,J,A,A,H,-,A,D,0,,,,,Y,,A,01,0,1,0,0,0,0,0,0,0,"- ","- ",38.541419982910156,-121.95271301269531,YOLO,WINTERS,-121.95286560058594,38.541419982910156
91562479,2021,2021-09-03,9280,2021-08-28,1310,018352,,6,1,4,5704,0,1,1,,2,010,"I-80 W/B","REED AVE",2510.00,W,N,A,-,Y,,,80,,,,,,W,Y,3,0,4,3,A,-,03,22350,,N,C,C,A,A,H,-,A,D,0,,,,,Y,,D,22,0,1,3,0,0,0,0,0,0,"- ","- ",38.585800170898438,-121.5565185546875,YOLO,"WEST SACRAMENTO",-121.55654907226562,38.585819244384766
91565392,2021,2021-09-08,9280,2021-08-31,1220,015534,,2,1,4,5704,0,1,1,,2,010,"I-80 W/B","ENTERPRISE BLVD",792.00,E,N,A,-,Y,,,80,,,,,,W,N,4,0,1,2,A,-,03,22350,,N,C,C,A,A,H,-,A,D,0,,,,,Y,,A,08,0,0,1,0,0,0,0,0,0,"- ","- ",38.575550079345703,-121.56941986083984,YOLO,"WEST SACRAMENTO",-121.56942749023438,38.575607299804688
91567691,2021,2021-09-10,9280,2021-09-03,1045,016289,,5,1,5,5701,0,1,1,,2,010,"I-80 W/B","MACE BOULEVARD",2112.00,W,N,A,-,N,,,80,,,,,,W,Y,4,0,2,2,A,-,03,22350,,N,C,C,A,A,H,-,A,D,0,,,,,Y,,A,01,0,0,2,0,0,0,0,0,0,"- ","- ",38.549419403076172,-121.71089172363281,YOLO,DAVIS,-121.71086883544922,38.54931640625
91569053,2021,2021-09-13,9280,2021-09-04,0100,017964,,6,3,4,5704,0,1,2,,2,011,"US-50 W/B","WESTACRE RD.",150.00,E,N,A,-,Y,,,50,,,,,,W,Y,4,0,1,1,A,-,08,22107,,N,E,I,A,A,H,-,C,A,0,,,,,Y,,A,07,0,0,1,0,0,0,0,0,0,"- ","- ",38.576278686523438,-121.53005981445312,YOLO,"WEST SACRAMENTO",-121.53009033203125,38.576381683349609
91569695,2021,2021-09-14,9280,2021-09-04,0800,017963,,6,1,4,5703,0,1,3,,2,022,"I-5 S/B","COUNTY ROAD 103",440.00,N,N,A,-,Y,,,5,,,,,,S,Y,2,0,2,1,D,-,00,,,N,E,I,A,A,H,-,A,D,0,,,,,Y,,-,"- ",1,1,0,0,0,0,0,0,0,"- ","- ",38.673500061035156,-121.71099853515625,YOLO,WOODLAND,-121.71099853515625,38.673583984375
91569749,2021,2021-09-14,9280,2021-09-04,1830,019377,,6,2,9,5700,0,1,1,,2,010,"I-80 E/B","MACE BLVD",960.00,E,N,A,-,Y,,,80,,,,,,E,Y,2,0,1,2,A,-,08,22107,,F,C,C,A,A,H,-,A,D,0,,,Y,,Y,,C,02,1,0,0,0,0,0,0,0,1,"- ","- ",38.553470611572266,-121.6910400390625,YOLO,UNINCORPORATED,-121.6910400390625,38.553474426269531
91570015,2021,2021-09-14,9280,2021-09-06,1550,018205,,1,2,9,5700,0,1,1,,2,302,"I-5 S/B TO DUNNIGAN SOUTHBOUND REST AREA","COUNTY ROAD 4",943.00,S,N,A,-,Y,,,5,,,,R,,S,Y,3,0,1,1,A,-,03,22350,,N,E,I,A,A,H,-,A,D,0,,,,,Y,,A,01,0,1,0,0,0,0,0,0,0,"- ","- ",38.893779754638672,-121.98000335693359,YOLO,UNINCORPORATED,-121.98000335693359,38.893779754638672
91570062,2021,2021-09-14,9280,2021-09-07,0030,019986,,2,3,9,5700,0,3,5,,2,003,CR-99W,CR-88,129.00,N,N,A,-,N,,,,,,,,,,Y,3,0,1,1,A,-,08,22107,,N,F,A,A,A,H,-,D,D,0,,,,,Y,,A,07,0,1,0,0,0,0,0,0,0,"- ","- ",38.915889739990234,-121.989990234375,YOLO,UNINCORPORATED,-121.99039459228516,38.916496276855469
91570126,2021,2021-09-14,9280,2021-09-07,1815,016144,,2,2,9,5700,0,2,4,,1,021,"COUNTY ROAD 102","COUNTY ROAD 14",100.00,N,N,A,-,N,,,,,,,,,,Y,4,0,1,1,A,-,08,22107,,N,F,A,A,A,H,-,A,D,0,,,,,Y,,A,01,0,0,1,0,0,0,0,0,0,"- ","- ",38.778018951416016,-121.72866058349609,YOLO,UNINCORPORATED,-121.72860717773438,38.778144836425781
91570211,2021,2021-09-14,9280,2021-09-07,0605,015534,,2,1,9,5700,0,1,1,,2,010,"I-80 W/B","WEBSTER U/C",5280.00,E,N,A,-,Y,,,80,,,,,,W,N,4,0,1,2,A,-,03,22350,,N,C,C,A,A,H,-,B,D,0,,,,,Y,,A,01,0,0,1,0,0,0,0,0,0,"- ","- ",38.567970275878906,-121.6136474609375,YOLO,UNINCORPORATED,-121.61365509033203,38.567989349365234
91570778,2021,2021-09-15,9280,2021-08-30,2300,019478,,1,3,9,5700,0,3,5,,2,003,"COUNTY ROAD 31","COUNTY ROAD 92E",2640.00,W,N,A,-,N,,,,,,,,,,Y,2,0,3,2,A,-,05,21650,,N,B,C,A,A,H,-,D,A,0,,,,,Y,Y,A,01,1,2,0,0,0,0,0,0,0,"- ","- ",38.561981201171875,-121.91452026367188,YOLO,UNINCORPORATED,-121.91426849365234,38.561962127685547
91573426,2021,2021-09-30,9280,2021-09-10,0820,015437,,5,1,9,5700,0,3,5,,2,003,"COUNTY ROAD 13","COUNTY ROAD 95",2640.00,W,N,A,-,N,,,,,,,,,,Y,3,0,1,2,A,-,03,22350,,N,C,C,A,A,H,-,A,D,0,,,,,Y,,A,01,0,1,0,0,0,0,0,0,0,"- ","- ",38.794158935546875,-121.86856079101562,YOLO,UNINCORPORATED,-121.86800384521484,38.794147491455078
91573443,2021,2021-09-17,9280,2021-07-31,1730,015353,,6,2,9,5700,0,1,1,,2,020,"I-5 N/B","COUNTY ROAD 102",2640.00,S,N,A,-,Y,,,5,,,,,,N,N,4,0,1,2,D,-,00,,,N,B,C,A,A,H,-,A,D,0,,,,,Y,,-,"- ",0,0,1,0,0,0,0,0,0,"- ","- ",38.673870086669922,-121.71513366699219,YOLO,UNINCORPORATED,-121.71513366699219,38.673854827880859
91574581,2021,2021-09-20,9280,2021-09-11,2305,019644,,6,3,9,5700,0,3,5,,2,002,"COUNTY ROAD 99","W. COVELL BLVD",2640.00,N,N,A,-,N,,,,,,,,,,Y,3,0,1,1,A,-,01,23152,A,N,F,A,A,A,H,-,C,D,0,,,,,Y,Y,A,01,0,1,0,0,0,0,0,0,0,"- ","- ",38.565841674804688,-121.78614044189453,YOLO,UNINCORPORATED,-121.78606414794922,38.568382263183594
91575692,2021,2021-09-21,9280,2021-09-13,2025,017351,,1,2,9,5700,0,1,3,,2,032,"STATE ROUTE 128","PLEASANTS VALLEY RD",9504.00,W,N,A,-,Y,,,128,,,,,,,Y,4,0,2,1,A,-,08,22107,,N,E,I,A,A,H,-,D,D,0,,,,,Y,,A,01,0,0,2,0,0,0,0,0,0,"- ","- ",38.512088775634766,-122.04952239990234,YOLO,UNINCORPORATED,-122.04953765869141,38.512062072753906
91576453,2021,2021-09-22,9280,2021-09-14,0750,017964,,2,1,4,5704,0,1,1,,2,010,"I-80 W/B","REED AVE.",1584.00,W,N,A,-,Y,,,80,,,,,,W,N,4,0,2,2,A,-,03,22350,,N,C,C,A,A,H,-,A,A,0,,,,,Y,,A,01,0,0,2,0,0,0,0,0,0,"- ","- ",38.587158203125,-121.55568695068359,YOLO,"WEST SACRAMENTO",-121.5556640625,38.587142944335938
91576763,2021,2021-09-22,9280,2021-07-02,2115,019720,,5,2,9,5700,0,1,3,,2,032,"STATE ROUTE 128","SOLANO/YOLO COUNTY LINE",15840.00,E,N,A,-,Y,,,128,,,,,,,Y,1,1,0,1,A,-,08,22107,,N,E,I,A,A,H,-,D,D,0,,,,,Y,,A,07,0,0,0,0,0,0,0,0,0,"- ","- ",38.511821746826172,-122.04911804199219,YOLO,UNINCORPORATED,-122.04912567138672,38.511814117431641
91576790,2021,2021-09-22,9280,2021-09-15,2135,016144,,3,2,9,5700,0,2,4,,1,021,"COUNTY ROAD 102","COUNTY ROAD 14",1584.00,N,N,A,-,N,,,,,,,,,,N,4,0,2,2,A,-,03,22350,,N,C,C,A,A,H,-,D,D,0,,,,,Y,,A,01,0,0,2,0,0,0,0,0,0,"- ","- ",38.77996826171875,-121.72766876220703,YOLO,UNINCORPORATED,-121.728515625,38.782218933105469
91577033,2021,2021-09-22,9280,2021-07-11,1300,015353,,7,1,9,5700,0,3,5,,2,003,"DIRT ROAD","COUNTY ROAD 87",500.00,E,N,A,-,N,,,,,,,,,,N,3,0,2,2,D,-,00,,,N,B,C,A,A,H,-,A,D,0,,,Y,,Y,,-,"- ",0,1,1,0,0,0,0,0,2,"- ","- ",38.714088439941406,-122.01216125488281,YOLO,UNINCORPORATED,,
91578287,2021,2021-09-23,9280,2021-09-16,1625,018874,,4,2,4,5704,0,1,2,,2,011,"US-50 E/B","WESTACRE RD",1109.00,W,N,A,-,Y,,,50,,,,,,E,Y,4,0,1,1,A,-,01,23152,A,N,E,I,A,A,H,-,A,D,0,,,,,Y,Y,A,01,0,0,1,0,0,0,0,0,0,"- ","- ",38.575218200683594,-121.53449249267578,YOLO,"WEST SACRAMENTO",-121.53448486328125,38.575157165527344
91579058,2021,2021-09-24,9280,2021-09-17,1245,017983,,5,1,4,5704,0,1,1,,2,010,"I-80 W/B","W. CAPITOL AVENUE",297.00,E,N,A,-,Y,,,80,,,,,,W,Y,4,0,1,2,A,-,03,22350,,N,C,C,A,A,H,-,A,D,0,,,,,Y,,A,01,0,0,1,0,0,0,0,0,0,"- ","- ",38.579319000244141,-121.56094360351562,YOLO,"WEST SACRAMENTO",-121.56094360351562,38.579322814941406
91579209,2021,2021-09-24,9280,2021-09-17,2020,019377,,5,2,9,5700,0,3,5,,2,002,"OLD RIVER RD","ROAD 128A",1492.00,N,N,A,-,N,,,,,,,,,,Y,3,0,2,1,C,-,18,,,N,E,J,A,A,H,-,D,D,0,,,,,Y,,-,"- ",0,2,0,0,0,0,0,0,0,"- ","- ",38.625179290771484,-121.56366729736328,YOLO,UNINCORPORATED,-121.56369781494141,38.625839233398438
91580200,2021,2021-09-27,9280,2021-09-05,0255,019094,,7,3,5,5701,0,1,1,,2,010,"I-80 W/B","POLE LINE RD O/C",190.00,W,N,A,-,Y,,,80,,,,,,W,Y,2,0,3,2,A,-,01,23152,A,N,C,C,A,A,H,-,C,D,0,,,,Y,Y,Y,A,01,2,1,0,0,0,0,0,0,0,"- ","- ",38.545650482177734,-121.72688293457031,YOLO,DAVIS,-121.72687530517578,38.545642852783203
91580512,2021,2021-10-22,9280,2021-09-18,0040,019094,,6,3,5,5701,0,1,1,,2,010,"I-80 W/B","MACE BLVD O/C",3590.00,E,N,A,-,Y,,,80,,,,,,W,Y,4,0,1,2,A,-,07,21658,A,N,C,C,A,A,H,-,D,D,0,,,,,Y,Y,A,01,0,0,1,0,0,0,0,0,0,"- ","- ",38.555889129638672,-121.68216705322266,YOLO,DAVIS,-121.68216705322266,38.555885314941406
91580609,2021,2021-12-21,9280,2021-09-19,1725,017351,,7,2,9,5700,0,3,5,,2,002,"COUNTY ROAD 22","COUNTY ROAD 103",3432.00,E,N,A,-,N,,,,,,,,,,Y,1,1,0,1,A,-,08,22107,,N,E,I,A,A,H,-,A,D,0,,,,,Y,,A,01,0,0,0,0,0,0,0,0,0,"- ","- ",38.676868438720703,-121.697509765625,YOLO,UNINCORPORATED,,
91580783,2021,2021-09-27,9280,2021-09-20,0950,017983,,1,1,4,5704,0,1,2,,2,011,"US-50 W/B","ENTERPRISE BOULEVARD",4013.00,E,N,A,-,Y,,,50,,,,,,W,N,4,0,1,2,A,-,03,22350,,N,C,C,A,A,H,-,A,D,0,,,,,Y,,A,07,0,0,1,0,0,0,0,0,0,"- ","- ",38.575489044189453,-121.56336975097656,YOLO,"WEST SACRAMENTO",-121.56336975097656,38.575592041015625
91580900,2021,2021-09-27,9280,2021-09-20,1555,017351,,1,2,9,5700,0,2,4,,2,025,"COVELL BOULEVARD","COUNTY ROAD 98",10.00,E,N,A,-,N,,,,,,,,,,Y,4,0,2,2,A,-,03,22350,,N,C,C,A,A,H,-,A,D,0,,,,,Y,,A,01,0,0,2,0,0,0,0,0,0,"- ","- ",38.561531066894531,-121.8031005859375,YOLO,UNINCORPORATED,-121.80319213867188,38.561500549316406
91582772,2021,2021-09-29,9280,2021-09-19,1320,017964,,7,1,9,5700,0,3,5,,2,003,"COUNTY ROAD 14",I-505,6336.00,E,N,A,-,N,,,,,,,,,,Y,2,0,1,1,A,-,08,22107,,N,H,A,A,A,H,-,A,A,0,,,,,Y,,D,22,1,0,0,0,0,0,0,0,0,"- ","- ",38.783100128173828,-121.92581939697266,YOLO,UNINCORPORATED,-121.92686462402344,38.783702850341797
91583813,2021,2021-09-30,9280,2021-09-22,0740,015128,,3,1,4,5703,0,1,1,,2,020,"I-5 N/B",CR-102,1584.00,N,N,A,-,Y,,,5,,,,,,N,Y,4,0,1,2,A,-,03,22350,,N,C,C,A,A,H,-,A,D,0,,,,,Y,,D,22,0,0,1,0,0,0,0,0,0,"- ","- ",38.673931121826172,-121.73445892333984,YOLO,WOODLAND,-121.73445892333984,38.673957824707031
91584013,2021,2021-09-30,9280,2021-09-23,1645,016144,,4,2,9,5700,0,1,3,,2,022,"SR-113 N/B","SYCAMORE PARK BICYCLIST O/C",100.00,N,N,A,-,Y,,,,,,,,,,Y,3,0,4,4,A,-,03,22350,,N,C,C,A,A,H,-,A,D,0,,,,,Y,,A,01,0,2,2,0,0,0,0,0,0,"- ","- ",38.556438446044922,-121.76773834228516,YOLO,UNINCORPORATED,-121.767333984375,38.572139739990234
91584095,2021,2021-09-30,9280,2021-09-18,1920,019377,,6,2,4,5703,0,1,1,,2,020,"I-5 N/B TO EAST STREET","EAST STREET",1340.00,S,N,A,-,Y,,,5,,,,R,,N,Y,3,0,2,1,A,-,08,22107,,N,F,A,A,A,H,-,B,D,0,,,,,Y,,A,01,0,2,0,0,0,0,0,0,0,"- ","- ",38.695121765136719,-121.76049041748047,YOLO,WOODLAND,-121.76049041748047,38.695121765136719
91585793,2021,2021-10-01,9280,2021-09-21,0409,019986,,2,3,9,5700,0,3,5,,2,002,CR-31,CR-97,2006.00,W,N,A,-,N,,,,,,,,,,Y,4,0,1,1,A,-,03,22350,,N,E,J,A,A,H,-,D,D,0,,,,,Y,,A,01,0,0,1,0,0,0,0,0,0,"- ","- ",38.561531066894531,-121.82879638671875,YOLO,UNINCORPORATED,-121.82872009277344,38.561553955078125
91586055,2021,2021-10-01,9280,2021-09-21,0830,016289,,2,1,4,5704,0,1,1,,2,010,"I-80 W/B","WEST CAPITOL AVENUE",528.00,E,N,A,-,Y,,,80,,,,,,W,Y,4,0,1,2,A,-,08,22107,,N,E,I,A,A,H,-,A,D,0,,,,Y,Y,,A,01,0,0,1,0,0,0,0,0,0,"- ","- ",38.585941314697266,-121.55638885498047,YOLO,"WEST SACRAMENTO",-121.55644226074219,38.585975646972656
91586196,2021,2021-10-01,9280,2021-09-23,1910,018316,,4,2,9,5700,0,1,1,,2,031,"I-505 S/B FROM SR-128 E/B","YOLO-SOLANO COUNTY LINE",740.00,N,N,A,-,Y,,,505,,,,R,,S,Y,3,0,1,1,A,-,08,22107,,N,F,A,A,A,H,-,B,A,0,,,,,Y,,D,22,0,1,0,0,0,0,0,0,0,"- ","- ",38.527839660644531,-121.9532470703125,YOLO,UNINCORPORATED,-121.9532470703125,38.527839660644531
91586432,2021,2021-10-04,9280,2021-07-11,0416,019644,,7,3,9,5700,0,3,5,,2,002,"COUNTY ROAD 22","I-5 NORTHBOUND FROM COUNTY RD 22",2339.00,W,N,A,-,N,,,,,,,,,,Y,1,1,1,2,A,-,11,21954,A,N,G,B,E,A,H,-,D,D,0,Y,,,,Y,,N,60,0,1,0,1,0,0,0,0,0,"- ","- ",38.676738739013672,-121.64634704589844,YOLO,UNINCORPORATED,-121.4805908203125,38.568248748779297
91587163,2021,2021-10-04,9280,2021-09-26,0530,017983,,7,3,9,5700,0,1,1,,2,010,"I-80 E/B","CHILES RD",10296.00,E,N,A,-,Y,,,80,,,,,,E,Y,3,0,1,2,A,-,01,23152,A,N,C,C,A,A,H,-,D,D,0,,,,,Y,Y,A,01,0,1,0,0,0,0,0,0,0,"- ","- ",38.569610595703125,-121.6031494140625,YOLO,UNINCORPORATED,-121.60317230224609,38.569717407226562
91587588,2021,2021-10-04,9280,2021-09-27,0720,017964,,1,1,4,5704,0,1,2,,2,011,"US-50 W/B","HARBOR BLVD",890.00,W,N,A,-,Y,,,50,,,,,,W,Y,3,0,2,3,A,-,03,22350,,N,C,C,A,A,H,-,A,A,0,,,,,Y,,A,01,0,1,1,0,0,0,0,0,0,"- ","- ",38.575088500976562,-121.55198669433594,YOLO,"WEST SACRAMENTO",-121.55198669433594,38.57513427734375
91588302,2021,2021-10-05,9280,2021-09-28,0635,017963,,2,1,9,5700,0,3,5,,2,002,"COUNTY ROAD 99","WOODLAND CITY LIMITS",2323.00,S,N,A,-,N,,,,,,,,,,Y,4,0,1,2,A,-,06,21750,A,N,B,C,A,A,H,-,D,D,0,,,,,Y,,D,22,0,0,1,0,0,0,0,0,0,"- ","- ",38.649250030517578,-121.78443908691406,YOLO,UNINCORPORATED,,
91589429,2021,2021-10-06,9280,2021-10-01,1705,017351,,5,2,9,5700,0,1,1,,2,020,"I-5 S/B","OLD RIVER ROAD",2112.00,W,N,A,-,Y,,,5,,,,,,S,Y,4,0,1,2,A,-,03,22350,,N,C,C,A,A,H,-,A,D,0,,,,,Y,,D,22,0,0,1,0,0,0,0,0,0,"- ","- ",38.67327880859375,-121.64851379394531,YOLO,UNINCORPORATED,-121.64851379394531,38.673267364501953
91589460,2021,2021-10-06,9280,2021-10-01,1600,017351,,5,2,9,5700,0,2,4,,2,025,"COUNTY ROAD 98","COUNTY ROAD 27",0.00,,Y,A,-,N,,,,,,,,,,Y,4,0,1,2,A,-,12,22450,A,N,D,C,A,A,H,-,A,A,0,,,,,Y,,D,22,0,0,1,0,0,0,0,0,0,"- ","- ",38.61962890625,-121.80296325683594,YOLO,UNINCORPORATED,-121.80288696289062,38.619621276855469
91590399,2021,2021-10-07,9280,2021-09-28,1710,018874,,2,2,9,5700,0,1,3,,2,013,SR-84,"WILLOW POINT RD",0.00,,Y,A,-,Y,,,84,,,,,,,Y,3,0,1,2,A,-,09,21801,A,N,D,C,A,A,H,-,A,D,0,,,,,Y,,A,01,0,1,0,0,0,0,0,0,0,"- ","- ",38.429130554199219,-121.58290100097656,YOLO,UNINCORPORATED,-121.58289337158203,38.429130554199219
91590708,2021,2021-10-07,9280,2021-09-30,1630,016144,,4,2,9,5700,0,1,1,,2,020,"I-5 S/B","COUNTY ROAD 103",10560.00,S,N,A,-,Y,,,5,,,,,,S,Y,4,0,1,2,A,-,03,22350,,N,C,C,A,A,H,-,A,D,0,,,,,Y,,A,07,0,0,1,0,0,0,0,0,0,"- ","- ",38.673358917236328,-121.67295837402344,YOLO,UNINCORPORATED,-121.67295837402344,38.673397064208984
91590944,2021,2021-10-07,9280,2021-06-30,0023,021277,,3,3,9,5700,0,1,1,,2,010,"I-80 E/B","WEBSTER UNDERCROSSING",2323.00,W,N,A,-,Y,,,80,,,,,,E,N,1,1,0,1,C,-,18,,,N,H,A,A,A,H,-,D,D,0,,,,,Y,,-,"- ",0,0,0,0,0,0,0,0,0,"- ","- ",38.561809539794922,-121.64678192138672,YOLO,UNINCORPORATED,-121.64678955078125,38.561859130859375
91591723,2021,2021-10-08,9280,2021-10-07,2320,019720,,4,3,9,5700,0,1,1,,2,010,"I-80 E/B","ENTERPRISE BLVD",2640.00,W,N,B,-,Y,,,80,,,,,,E,Y,4,0,1,2,A,-,08,22107,,N,B,C,A,A,H,-,D,D,0,,,,,Y,,A,01,0,0,1,0,0,0,0,0,0,"- ","- ",38.572658538818359,-121.58654022216797,YOLO,UNINCORPORATED,-121.5865478515625,38.572700500488281
91591752,2021,2021-10-08,9280,2021-10-01,1150,017964,,5,1,9,5700,0,2,4,,2,025,"COUNTY ROAD 98","COUNTY ROAD 30",2330.00,N,N,A,-,N,,,,,,,,,,Y,3,0,1,1,A,-,08,22107,,N,E,I,A,A,H,-,A,A,0,,,,,Y,,A,01,0,1,0,0,0,0,0,0,0,"- ","- ",38.582389831542969,-121.80323028564453,YOLO,UNINCORPORATED,-121.80317687988281,38.582477569580078
91591856,2021,2021-10-08,9280,2021-10-01,1935,018352,,5,2,4,5704,0,1,2,,2,011,"US-50 E/B","JEFFERSON BLVD",415.00,W,N,A,-,Y,,,50,,,,,,E,Y,3,0,1,1,A,-,08,22107,,N,E,I,A,A,H,-,B,D,0,,,,,Y,Y,A,01,0,1,0,0,0,0,0,0,0,"- ","- ",38.576919555664062,-121.52671813964844,YOLO,"WEST SACRAMENTO",-121.5267333984375,38.576984405517578
91593122,2021,2021-10-11,9280,2021-09-29,1927,018874,,3,2,5,5701,0,1,1,,2,010,"I-80 W/B","DAVE PELZ MEMORIAL BICYCLE BRIDGE",1056.00,E,N,A,-,Y,,,80,,,,,,W,Y,4,0,3,2,A,-,01,23152,G,N,E,8,A,A,H,-,C,D,0,,,,,Y,Y,A,01,0,0,3,0,0,0,0,0,0,"- ","- ",38.550849914550781,-121.70378875732422,YOLO,DAVIS,-121.70381927490234,38.550979614257812
91593154,2021,2021-10-11,9280,2021-10-02,1830,019986,,6,2,9,5700,0,1,1,,2,010,"I-80 W/B",CR-32A,7920.00,E,N,A,-,Y,,,80,,,,,,W,N,4,0,1,2,A,-,03,22350,,N,C,C,A,A,H,-,A,D,0,,,,,Y,,A,01,0,0,1,0,0,0,0,0,0,"- ","- ",38.570220947265625,-121.60095977783203,YOLO,UNINCORPORATED,-121.60096740722656,38.570259094238281
91593428,2021,2021-10-11,9280,2021-10-03,1045,017963,,7,1,9,5700,0,1,3,,1,024,SR-16,"COUNTY ROAD 97",0.00,,Y,B,-,Y,,,16,,,,,,,N,4,0,2,2,A,-,09,21802,A,N,D,C,A,A,H,-,A,A,0,,,,,Y,,A,01,0,0,2,0,0,0,0,0,0,"- ","- ",38.677761077880859,-121.82097625732422,YOLO,UNINCORPORATED,-121.82097625732422,38.677780151367188
91594237,2021,2021-10-12,9280,2021-09-30,1428,018316,,4,2,9,5700,0,3,5,,2,002,"COUNTY ROAD 99","ASPEN ST.",115.00,N,N,A,-,N,,,,,,,,,,N,4,0,1,2,A,-,09,21801,A,N,D,C,A,A,H,-,A,D,0,,,Y,,Y,,A,07,0,0,1,0,0,0,0,0,1,"- ","- ",38.693401336669922,-121.78391265869141,YOLO,UNINCORPORATED,-121.78385925292969,38.693157196044922
91595232,2021,2021-10-13,9280,2021-10-06,2110,016520,,3,2,4,5703,0,1,1,,2,020,"INTERSTATE 5 SOUTHBOUND FROM MAIN STREET","MAIN STREET",30.00,S,N,A,-,Y,,,5,,,,R,,S,Y,3,0,1,1,A,-,01,23152,A,N,E,I,A,A,H,-,C,D,0,,,Y,,Y,Y,C,02,0,1,0,0,0,0,0,0,1,"- ","- ",38.677131652832031,-121.74590301513672,YOLO,WOODLAND,-121.74590301513672,38.677131652832031