CASE_ID,ACCIDENT_YEAR,PROC_DATE,JURIS,COLLISION_DATE,COLLISION_TIME,OFFICER_ID,REPORTING_DISTRICT,DAY_OF_WEEK,CHP_SHIFT,POPULATION,CNTY_CITY_LOC,SPECIAL_COND,BEAT_TYPE,CHP_BEAT_TYPE,CITY_DIVISION_LAPD,CHP_BEAT_CLASS,BEAT_NUMBER,PRIMARY_RD,SECONDARY_RD,DISTANCE,DIRECTION,INTERSECTION,WEATHER_1,WEATHER_2,STATE_HWY_IND,CALTRANS_COUNTY,CALTRANS_DISTRICT,STATE_ROUTE,ROUTE_SUFFIX,POSTMILE_PREFIX,POSTMILE,LOCATION_TYPE,RAMP_INTERSECTION,SIDE_OF_HWY,TOW_AWAY,COLLISION_SEVERITY,NUMBER_KILLED,NUMBER_INJURED,PARTY_COUNT,PRIMARY_COLL_FACTOR,PCF_CODE_OF_VIOL,PCF_VIOL_CATEGORY,PCF_VIOLATION,PCF_VIOL_SUBSECTION,HIT_AND_RUN,TYPE_OF_COLLISION,MVIW,PED_ACTION,ROAD_SURFACE,ROAD_COND_1,ROAD_COND_2,LIGHTING,CONTROL_DEVICE,CHP_ROAD_TYPE,PEDESTRIAN_ACCIDENT,BICYCLE_ACCIDENT,MOTORCYCLE_ACCIDENT,TRUCK_ACCIDENT,NOT_PRIVATE_PROPERTY,ALCOHOL_INVOLVED,STWD_VEHTYPE_AT_FAULT,CHP_VEHTYPE_AT_FAULT,COUNT_SEVERE_INJ,COUNT_VISIBLE_INJ,COUNT_COMPLAINT_PAIN,COUNT_PED_KILLED,COUNT_PED_INJURED,COUNT_BICYCLIST_KILLED,COUNT_BICYCLIST_INJURED,COUNT_MC_KILLED,COUNT_MC_INJURED,PRIMARY_RAMP,SECONDARY_RAMP,LATITUDE,LONGITUDE,COUNTY,CITY,POINT_X,POINT_Y
91647876,2021,2021-12-09,9280,2021-11-27,1725,019720,,6,2,9,5700,0,2,4,,2,025,"COUNTY ROAD 24","COUNTY ROAD 98",50.00,W,N,A,-,N,,,,,,,,,,Y,4,0,1,1,A,-,08,22107,,N,E,I,A,A,H,-,C,D,0,,,,,Y,,A,01,0,0,1,0,0,0,0,0,0,"- ","- ",38.663070678710938,-121.80275726318359,YOLO,UNINCORPORATED,-121.80287170410156,38.663177490234375
91648931,2021,2021-12-10,9280,2021-12-01,1445,018352,,3,2,4,5704,0,1,2,,2,011,"US-50 W/B","S. RIVER ROAD",325.00,E,N,A,-,Y,,,50,,,,,,W,Y,3,0,1,2,A,-,07,21658,A,N,C,C,A,A,H,-,A,D,0,,,,,Y,,A,01,0,1,0,0,0,0,0,0,0,"- ","- ",38.573291778564453,-121.51783752441406,YOLO,"WEST SACRAMENTO",-121.51786804199219,38.573257446289062
91649096,2021,2021-12-10,9280,2021-12-03,1720,018874,,5,2,9,5700,0,1,1,,2,010,I-80,"WEBSTER U/C",2746.00,E,N,A,-,Y,,,80,,,,,,,Y,4,0,1,2,A,-,03,22350,,N,C,2,A,A,H,-,D,D,0,,,,,Y,,A,07,0,0,1,0,0,0,0,0,0,"- ","- ",38.565071105957031,-121.62904357910156,YOLO,UNINCORPORATED,-121.62903594970703,38.565067291259766
91651770,2021,2021-12-14,9280,2021-12-04,0120,019720,,6,3,9,5700,0,3,5,,2,002,"COUNTY ROAD 116","HERSHEY STREET",52.00,E,N,E,-,N,,,,,,,,,,Y,3,0,1,2,A,-,01,23152,A,N,E,I,A,B,H,-,C,D,0,,,,,Y,Y,D,22,0,1,0,0,0,0,0,0,0,"- ","- ",38.795600891113281,-121.72171020507812,YOLO,UNINCORPORATED,-121.72119140625,38.795551300048828
91651794,2021,2021-12-14,9280,2021-12-04,1355,016144,,6,1,9,5700,0,3,5,,2,002,"COUNTY ROAD 18","COUNTY ROAD 99E",800.00,E,N,B,-,N,,,,,,,,,,Y,3,0,1,1,A,-,08,22107,,N,E,I,A,A,H,-,A,D,0,,,,,Y,,D,22,0,1,0,0,0,0,0,0,0,"- ","- ",38.720890045166016,-121.77440643310547,YOLO,UNINCORPORATED,-121.77223205566406,38.720821380615234
91652144,2021,2021-12-14,9280,2021-12-05,0140,020753,,7,3,9,5700,0,1,1,,2,010,"I-80 EASTBOUND","ENTERPRISE BOULEVARD",5280.00,W,N,E,-,Y,,,80,,,,,,E,Y,2,0,3,2,A,-,01,23152,A,N,C,C,A,B,H,-,D,D,0,,,,,Y,Y,A,01,1,0,2,0,0,0,0,0,0,"- ","- ",38.570980072021484,-121.59578704833984,YOLO,UNINCORPORATED,-121.59580230712891,38.571048736572266
91652203,2021,2021-12-14,9280,2021-12-05,1430,019377,,7,2,9,5700,0,1,1,,2,010,"I-80 E/B","WEBSTER ROAD",3657.00,E,N,A,-,Y,,,80,,,,,,E,Y,3,0,3,2,A,-,03,22350,,N,C,C,A,A,H,-,A,D,0,,,,,Y,,A,01,0,3,0,0,0,0,0,0,0,"- ","- ",38.565509796142578,-121.62608337402344,YOLO,UNINCORPORATED,-121.62609100341797,38.565589904785156
91653044,2021,2021-12-15,9280,2021-12-06,1715,016144,,1,2,9,5700,0,3,5,,2,002,"COUNTY ROAD 29","COUNTY ROAD 101A",0.00,,Y,A,-,N,,,,,,,,,,Y,4,0,1,2,A,-,09,21801,A,N,D,C,A,A,H,-,D,D,0,,,,,Y,,A,01,0,0,1,0,0,0,0,0,0,"- ","- ",38.590091705322266,-121.75250244140625,YOLO,UNINCORPORATED,-121.75251007080078,38.590091705322266
91653160,2021,2021-12-15,9280,2021-11-24,1915,018316,,3,2,9,5700,0,3,5,,2,003,"COUNTY ROAD 87","COUNTY ROAD 19",60.00,N,N,A,-,N,,,,,,,,,,N,3,0,2,1,A,-,08,22107,,N,E,I,A,A,H,-,D,A,0,,,,,Y,,D,23,0,1,1,0,0,0,0,0,0,"- ","- ",38.733921051025391,-122.00589752197266,YOLO,UNINCORPORATED,-122.00591278076172,38.733783721923828
91654194,2021,2021-12-16,9280,2021-12-10,1735,018352,,5,2,9,5700,0,3,5,,2,002,"COUNTY ROAD 101A","COUNTY ROAD 29",3716.00,S,N,A,-,N,,,,,,,,,,Y,4,0,3,2,A,-,09,21801,A,N,D,C,A,A,H,-,D,D,0,,,,,Y,,A,01,0,0,3,0,0,0,0,0,0,"- ","- ",38.580150604248047,-121.74938201904297,YOLO,UNINCORPORATED,-121.74939727783203,38.580184936523438
91655075,2021,2021-12-17,9280,2021-12-16,0700,016289,,4,1,5,5701,0,1,1,,2,010,"I-80 W/B","MACE BOULEVARD",528.00,E,N,B,C,Y,,,80,,,,,,W,Y,4,0,2,2,A,-,03,22350,,N,C,C,A,B,H,-,B,D,0,,,,,Y,,A,07,0,0,2,0,0,0,0,0,0,"- ","- ",38.553230285644531,-121.69246673583984,YOLO,DAVIS,-121.69247436523438,38.553245544433594
91656670,2021,2022-05-09,9280,2021-11-29,0715,015128,,1,1,9,5700,0,1,1,,2,020,"I-5 N/B",CR-124,3168.00,N,N,E,-,Y,,,5,,,,,,N,Y,4,0,1,2,A,-,07,21658,A,M,B,C,A,A,H,-,B,D,0,,,,Y,Y,,E,22,0,0,1,0,0,0,0,0,0,"- ","- ",38.673549652099609,-121.652587890625,YOLO,UNINCORPORATED,-121.652587890625,38.673542022705078
91657523,2021,2021-12-21,9280,2021-12-14,0730,016289,,2,1,4,5704,0,1,1,,2,010,"I-80 W/B","CHILES ROAD",1584.00,E,N,B,-,Y,,,,,,,,,,Y,4,0,1,2,A,-,03,22350,,F,C,C,A,B,H,-,A,D,0,,,,,Y,Y,-,99,0,0,1,0,0,0,0,0,0,"- ","- ",38.564418792724609,-121.63314056396484,YOLO,"WEST SACRAMENTO",-121.70687866210938,38.550041198730469
91658169,2021,2021-12-21,9280,2021-12-14,1500,016144,,2,2,9,5700,0,1,3,,2,022,"SR-113 S/B","HUTCHISON DR",100.00,S,N,A,-,Y,,,113,,,,,,S,Y,4,0,1,1,A,-,08,22107,,N,F,A,A,A,F,-,A,D,0,,,,,Y,,D,22,0,0,1,0,0,0,0,0,0,"- ","- ",38.53662109375,-121.76869964599609,YOLO,UNINCORPORATED,-121.76859283447266,38.536617279052734
91660488,2021,2021-12-23,9280,2021-12-10,1520,019377,,5,2,4,5704,0,1,1,,2,010,"I-80 W/B","ENTERPRISE BLVD.",2215.00,E,N,A,-,Y,,,80,,,,,,W,Y,4,0,1,2,A,-,03,22350,,N,C,C,A,A,H,-,A,D,0,,,,,Y,,A,01,0,0,1,0,0,0,0,0,0,"- ","- ",38.575538635253906,-121.56961059570312,YOLO,"WEST SACRAMENTO",-121.56961822509766,38.575580596923828
91667481,2021,2021-12-31,9280,2021-12-23,1615,018874,,4,2,5,5701,0,1,1,,2,010,"I-80 EASTBOUND","RICHARDS BLVD",462.00,E,N,B,-,Y,,,80,,,,,,E,Y,3,0,1,2,A,-,03,22350,,N,C,C,A,B,H,-,A,D,0,,,,,Y,,A,01,0,1,0,0,0,0,0,0,0,"- ","- ",38.541069030761719,-121.73432922363281,YOLO,DAVIS,-121.73429107666016,38.541019439697266
91667549,2021,2021-12-31,9280,2021-12-24,1730,018316,,5,2,9,5700,0,3,5,,2,003,"COUNTY ROAD 89","HURLBUT ST.",80.00,N,N,B,-,N,,,,,,,,,,Y,2,0,4,2,A,-,01,23152,A,N,C,C,A,A,H,-,D,D,0,,,,,Y,Y,A,07,1,3,0,0,0,0,0,0,0,"- ","- ",38.678321838378906,-121.96835327148438,YOLO,UNINCORPORATED,-121.96832275390625,38.677574157714844
91668795,2021,2022-01-03,9280,2021-12-27,0750,017983,,1,1,9,5700,0,3,5,,2,001,"OLD RIVER ROAD","COUNTY ROAD 128A",10560.00,N,N,B,-,N,,,,,,,,,,Y,3,0,1,1,A,-,01,23152,F,N,F,A,A,A,H,-,A,D,0,,,,,Y,,A,01,0,1,0,0,0,0,0,0,0,"- ","- ",38.647918701171875,-121.57347869873047,YOLO,UNINCORPORATED,-121.57351684570312,38.647964477539062
91669711,2021,2022-01-04,9280,2021-12-22,1210,018941,,3,1,9,5700,0,3,5,,2,002,"COUNTY ROAD 20",SR-16,2018.00,W,N,B,-,N,,,,,,,,,,Y,3,0,1,1,A,-,08,22107,,N,F,A,A,B,H,-,A,D,0,,,,,Y,,A,01,0,1,0,0,0,0,0,0,0,"- ","- ",38.692188262939453,-121.80972290039062,YOLO,UNINCORPORATED,-121.80954742431641,38.692222595214844
91670342,2021,2022-01-04,9280,2021-12-28,2018,019094,,2,2,9,5700,0,3,5,,2,001,"MACE BOULEVARD","COUNTY ROAD 35",1056.00,N,N,B,-,N,,,,,,,,,,N,2,0,4,2,A,-,01,23152,A,F,A,C,A,A,H,-,D,D,0,,,,,Y,Y,A,01,3,1,0,0,0,0,0,0,0,"- ","- ",38.505069732666016,-121.69542694091797,YOLO,UNINCORPORATED,-121.69542694091797,38.505031585693359
91672920,2021,2022-01-06,9280,2021-12-27,1240,017963,,1,1,9,5700,0,1,1,,2,020,"I-5 N/B",SR-16,2534.00,N,N,B,-,Y,,,5,,,,,,N,N,3,0,1,2,A,-,07,21658,A,F,B,C,A,A,H,-,A,D,0,,,,,Y,,D,22,0,1,0,0,0,0,0,0,0,"- ","- ",38.724750518798828,-121.80458068847656,YOLO,UNINCORPORATED,-121.80462646484375,38.724712371826172
91674729,2021,2022-01-10,9280,2021-12-29,2145,021277,,3,2,5,5701,0,1,1,,2,010,"I-80 W/B","MACE BLVD",2534.00,W,N,B,C,Y,,,80,,,,,,W,Y,4,0,1,1,A,-,03,22350,,M,E,I,A,B,H,-,D,D,0,,,,,Y,,A,01,0,0,1,0,0,0,0,0,0,"- ","- ",38.55126953125,-121.70326995849609,YOLO,DAVIS,-121.70323181152344,38.551113128662109
91685977,2021,2022-01-26,9280,2021-10-31,0200,013927,,7,3,9,5700,0,3,5,,2,003,"COUNTY ROAD 23","COUNTY ROAD 89",35.00,E,N,A,-,N,,,,,,,,,,Y,3,0,1,1,A,-,03,22350,,F,E,I,A,A,H,-,D,A,0,,,,,Y,Y,D,22,0,1,0,0,0,0,0,0,0,"- ","- ",38.66400146484375,-121.970703125,YOLO,UNINCORPORATED,-121.97084808349609,38.663871765136719
91722260,2021,2022-03-14,9280,2021-12-24,1830,018352,,5,2,9,5700,0,3,5,,2,001,"S. RIVER ROAD","ROSE RD",5280.00,N,N,B,-,N,,,,,,,,,,N,1,1,0,2,A,-,11,21954,A,N,G,B,E,A,H,-,D,D,0,Y,,,,Y,Y,N,60,0,0,0,1,0,0,0,0,0,"- ","- ",38.437118530273438,-121.51007080078125,YOLO,UNINCORPORATED,-121.52745819091797,38.436119079589844
91766172,2021,2022-05-06,9280,2021-11-11,1510,016144,,4,2,9,5700,0,3,5,,2,002,"COUNTY ROAD 97","MERLOT PL",1217.00,S,N,A,-,N,,,,,,,,,,Y,1,1,1,2,A,-,03,22350,,N,C,C,A,A,H,-,A,D,0,,,,,Y,,D,22,0,1,0,0,0,0,0,0,0,"- ","- ",38.673370361328125,-121.82109832763672,YOLO,UNINCORPORATED,-121.82107543945312,38.673458099365234
91770500,2021,2022-05-12,9280,2021-12-22,1703,016144,,3,2,9,5700,0,1,1,,2,020,"I-5 S/B","SR-113 OVERCROSSING",1009.00,N,N,B,-,Y,,,,,,,,,,Y,1,1,6,3,A,-,03,22350,,N,C,C,A,B,H,-,B,D,0,,,,,Y,,B,07,0,5,1,0,0,0,0,0,0,"- ","- ",38.686729431152344,-121.75283050537109,YOLO,UNINCORPORATED,-121.76205444335938,38.695388793945312
91816508,2021,2022-07-13,9280,2021-08-15,1942,016144,,7,2,4,5703,0,1,1,,2,020,"I-5 N/B","KENTUCKY AVE OVERCROSSING",150.00,S,N,A,-,Y,,,5,,,,,,N,Y,1,1,3,3,A,-,07,21658,A,F,A,C,A,A,H,-,A,D,0,,,,,Y,,A,01,2,1,0,0,0,0,0,0,0,"- ","- ",38.691520690917969,-121.75650024414062,YOLO,WOODLAND,-121.75627899169922,38.69171142578125
9192728,2021,2021-06-02,5704,2021-05-18,1544,06015,,2,5,4,5704,0,0,0,,0,001,"CUMMINS WY","INGLEWOOD DR",0.00,,Y,A,-,N,,,,,,,,,,Y,3,0,3,2,A,-,08,22107,,N,D,C,A,A,H,-,A,D,0,,,,,Y,,A,07,0,1,2,0,0,0,0,0,0,"- ","- ",38.594158172607422,-121.52410888671875,YOLO,"WEST SACRAMENTO",-121.52410125732422,38.59417724609375
9192747,2021,2021-06-09,5702,2021-04-23,1530,545,5702,5,5,2,5702,0,0,0,,0,,"W GRANT AV","TAYLOR ST",0.00,,Y,A,-,Y,YOL,3,128,-,-,7.930,I,5,W,Y,4,0,1,2,A,-,05,21752,D,N,A,C,A,A,H,-,A,A,0,,,Y,,Y,,C,02,0,0,1,0,0,0,0,0,1,"- ","- ",,,YOLO,WINTERS,-121.98484039306641,38.519916534423828
9207802,2021,2021-03-12,5703,2021-01-09,1822,2110,31,6,5,4,5703,0,0,0,,0,001,"EAST MAIN ST","RT 113",20.00,W,N,A,-,N,,,,,,,,,,N,4,0,1,3,A,-,03,22350,,N,C,C,A,A,H,-,C,A,0,,,,,Y,,A,01,0,0,1,0,0,0,0,0,0,"- ",NO,38.677268981933594,-121.74952697753906,YOLO,WOODLAND,-121.75117492675781,38.677227020263672
9207834,2021,2021-03-23,5704,2021-01-07,0701,00166,,4,5,4,5704,0,0,0,,0,001,"NORTH HARBOR BL","RIVEROINT CT",0.00,,Y,B,-,N,,,,,,,,,,N,4,0,1,2,A,-,12,21453,A,N,D,C,A,A,H,-,B,A,0,,,,,Y,,-,"- ",0,0,1,0,0,0,0,0,0,"- ","- ",38.589038848876953,-121.5457763671875,YOLO,"WEST SACRAMENTO",-121.54592895507812,38.589103698730469
9207838,2021,2021-03-16,5704,2021-01-11,1500,00165,,1,5,4,5704,0,0,0,,0,002,"PARK BL","18TH ST",175.00,S,N,A,-,N,,,,,,,,,,Y,3,0,1,2,A,-,08,22107,,N,C,E,A,A,H,-,A,D,0,,,,,Y,,D,22,0,1,0,0,0,0,0,0,0,"- ","- ",38.566860198974609,-121.53399658203125,YOLO,"WEST SACRAMENTO",-121.53433227539062,38.566551208496094
9208892,2021,2021-03-15,5703,2021-01-11,1218,2891,44,1,5,4,5703,0,0,0,,0,002,"N COLLEGE ST","BEAMER ST",0.00,,Y,A,-,N,,,,,,,,,,Y,4,0,2,2,A,-,09,21801,A,N,D,C,A,A,H,-,A,A,0,,,,,Y,,A,07,0,0,2,0,0,0,0,0,0,"- ","- ",38.684700012207031,-121.77462768554688,YOLO,WOODLAND,-121.77459716796875,38.684707641601562
9211552,2021,2023-06-17,5701,2021-01-03,1800,127,8,7,5,5,5701,0,0,0,,0,004,"OLIVE DR","HICKORY LN",212.00,W,N,B,-,N,,,,,,,,,,N,1,1,0,2,A,-,01,23153,A,F,G,B,D,A,H,-,C,D,0,Y,,,,Y,Y,D,22,0,0,0,1,0,0,0,0,0,"- ","- ",38.540809631347656,-121.73863220214844,YOLO,DAVIS,-121.73666381835938,38.542129516601562
9212356,2021,2021-03-23,5701,2021-02-01,1824,234,1,1,5,5,5701,0,0,0,,0,001,"RUSSELL BL","ARTHUR ST",250.00,W,N,A,-,N,,,,,,,,,,Y,3,0,1,2,A,-,03,22350,,N,C,C,A,A,H,-,C,D,0,,,,Y,Y,,F,26,0,1,0,0,0,0,0,0,0,"- ","- ",38.546501159667969,-121.77622222900391,YOLO,DAVIS,-121.77143859863281,38.546470642089844
9213071,2021,2021-02-08,5703,2021-01-02,1425,2124,61,6,5,4,5703,0,0,0,,0,004,"EAST MAIN ST","RT 5",80.00,N,N,B,-,Y,YOL,3,5,-,-,6.238,R,4,N,N,4,0,1,2,A,-,03,22350,,F,C,C,A,B,H,-,A,A,0,,,,,Y,,-,,0,0,1,0,0,0,0,0,0,"- ",NF,38.677108764648438,-121.74456024169922,YOLO,WOODLAND,-121.74112701416016,38.67462158203125
9215498,2021,2021-03-11,5704,2021-01-02,2006,06699,,6,5,4,5704,0,0,0,,0,001,"HARBOR BL","RIVERPOINT CT",0.00,,Y,A,-,N,,,,,,,,,,N,4,0,3,2,A,-,12,21453,A,N,D,C,A,B,H,-,A,A,0,,,,,Y,,A,01,0,0,3,0,0,0,0,0,0,"- ","- ",,,YOLO,"WEST SACRAMENTO",-121.54592895507812,38.589103698730469
9215748,2021,2021-03-18,5704,2021-01-06,1311,06015,,3,5,4,5704,0,0,0,,0,002,"INDUSTRIAL BL","BEACON BL",950.00,W,N,B,-,N,,,,,,,,,,N,2,0,1,2,A,-,07,21658,A,N,G,B,F,A,H,-,A,D,0,Y,,,,Y,,E,22,1,0,0,0,1,0,0,0,0,"- ","- ",38.572681427001953,-121.55445861816406,YOLO,"WEST SACRAMENTO",-121.55757141113281,38.573657989501953
9216272,2021,2021-03-15,5701,2021-01-27,1330,127,2,3,5,5,5701,0,0,0,,0,001,"ANDERSON RD","VILLANOVA DR",0.00,,Y,B,-,N,,,,,,,,,,Y,4,0,1,2,A,-,09,21800,D,N,D,C,A,A,H,-,A,B,0,,,,,Y,,D,22,0,0,1,0,0,0,0,0,0,"- ","- ",38.556159973144531,-121.75858306884766,YOLO,DAVIS,-121.75859069824219,38.556190490722656
9217518,2021,2021-03-12,5701,2021-01-19,2147,236,2,2,5,5,5701,0,0,0,,0,001,"RUSSELL BL","RT 113",380.00,E,N,A,-,N,,,,,,,,,,N,4,0,1,3,A,-,01,23152,A,N,C,E,A,A,H,-,C,D,0,,,,,Y,Y,A,01,0,0,1,0,0,0,0,0,0,"- ","- ",38.547138214111328,-121.76661682128906,YOLO,DAVIS,-121.76689910888672,38.546333312988281
9219748,2021,2021-03-13,5701,2021-01-27,0243,236,5,3,5,5,5701,0,0,0,,0,002,"2ND ST","L ST",0.00,,Y,C,G,N,,,,,,,,,,Y,4,0,1,1,A,-,01,23152,B,N,E,I,A,B,H,-,C,D,0,,,,,Y,Y,A,01,0,0,1,0,0,0,0,0,0,"- ","- ",38.544849395751953,-121.73335266113281,YOLO,DAVIS,-121.73342895507812,38.544803619384766
9222821,2021,2021-03-18,5701,2021-01-24,2046,237,3,7,5,5,5701,0,0,0,,0,001,"SOLITO ST","GRANDE AV",83.00,S,N,B,C,N,,,,,,,,,,N,2,0,1,2,A,-,12,22450,A,N,G,B,B,B,H,-,C,D,0,Y,,,,Y,,A,07,1,0,0,0,1,0,0,0,0,"- ","- ",38.569179534912109,-121.74801635742188,YOLO,DAVIS,-121.74794006347656,38.568958282470703
9223522,2021,2021-03-18,5704,2021-01-12,1620,00165,,2,5,4,5704,0,0,0,,0,001,"SOLANO ST","LISBON AV",0.00,,Y,A,B,N,,,,,,,,,,Y,3,0,1,2,A,-,09,21801,A,N,D,C,A,A,H,-,-,A,0,,,,,Y,,D,22,0,1,0,0,0,0,0,0,0,"- ","- ",38.594989776611328,-121.54119873046875,YOLO,"WEST SACRAMENTO",-121.54121398925781,38.594970703125
9223526,2021,2021-03-23,5704,2021-02-02,1208,00166,,2,5,4,5704,0,0,0,,0,002,"WEST CAPITOL AV","NORTHPORT DR",0.00,,Y,B,-,N,,,,,,,,,,Y,4,0,1,3,A,-,09,21802,A,N,D,C,A,A,H,-,A,A,0,,,,,Y,,A,07,0,0,1,0,0,0,0,0,0,"- ","- ",38.578399658203125,-121.56266784667969,YOLO,"WEST SACRAMENTO",-121.56265258789062,38.578445434570312
9223633,2021,2021-03-25,5704,2021-01-28,1955,06664,,4,5,4,5704,0,0,0,,0,003,"LINDEN RD","STONEGATE DR",0.00,,Y,A,-,N,,,,,,,,,,N,4,0,1,2,A,-,09,21800,A,N,D,C,A,A,H,-,C,A,0,,,,,Y,,A,01,0,0,1,0,0,0,0,0,0,"- ","- ",38.547279357910156,-121.53388977050781,YOLO,"WEST SACRAMENTO",-121.53392028808594,38.547306060791016
9223635,2021,2021-03-25,5704,2021-01-17,1720,06653,,7,5,4,5704,0,0,0,,0,002,"MERKLEY AV","JEFFERSON BL",0.00,,Y,A,-,N,,,,,,,,,,N,4,0,1,2,A,-,12,21453,A,N,D,C,A,A,H,-,A,A,0,,,,,Y,,A,01,0,0,1,0,0,0,0,0,0,"- ","- ",38.579311370849609,-121.52596282958984,YOLO,"WEST SACRAMENTO",-121.52608489990234,38.579311370849609
9223636,2021,2021-03-25,5704,2021-01-13,2228,6195,,3,5,4,5704,0,0,0,,0,003,"SOUTHPORK PKWY","LAKE WASHINGTON BL",1443.00,W,N,A,-,N,,,,,,,,,,Y,3,0,1,1,A,-,08,22107,,N,E,I,A,A,H,-,C,D,0,,,,,Y,,A,01,0,1,0,0,0,0,0,0,0,"- ","- ",38.556400299072266,-121.54060363769531,YOLO,"WEST SACRAMENTO",-121.545654296875,38.556499481201172
9223687,2021,2021-03-23,5704,2021-01-26,1700,06214,,2,5,4,5704,0,0,0,,0,002,"WILLOW AV","WESTACRE RD",0.00,,Y,A,-,N,,,,,,,,,,Y,4,0,1,2,A,-,09,21802,A,N,D,C,A,A,H,-,A,A,0,,,,,Y,,A,08,0,0,1,0,0,0,0,0,0,"- ","- ",38.578361511230469,-121.53069305419922,YOLO,"WEST SACRAMENTO",-121.53060913085938,38.578346252441406
9226195,2021,2021-03-24,5704,2021-02-06,1042,06208,,6,5,4,5704,0,0,0,,0,003,"JEFFERSON BL","ARMFIELD AV",0.00,,Y,A,-,N,,,,,,,,,,Y,4,0,1,1,A,-,03,22350,,N,H,A,A,A,H,-,A,D,0,,,Y,,Y,,C,02,0,0,1,0,0,0,0,0,1,"- ","- ",38.507999420166016,-121.57879638671875,YOLO,"WEST SACRAMENTO",-121.57904052734375,38.507949829101562
9226196,2021,2021-03-24,5704,2021-02-06,1219,06210,,6,5,4,5704,0,0,0,,0,001,"CUMMINS WY","HARDY DR",0.00,,Y,A,-,N,,,,,,,,,,Y,2,0,2,2,A,-,12,22450,A,N,D,C,A,A,H,-,A,A,0,,,,,Y,,A,01,1,1,0,0,0,0,0,0,0,"- ","- ",38.594039916992188,-121.52320861816406,YOLO,"WEST SACRAMENTO",-121.52323913574219,38.594078063964844
9226197,2021,2021-03-24,5704,2021-02-04,2117,06197,,4,5,4,5704,0,0,0,,0,001,"OLD RIVER RD","COUNTY ROAD 127",786.00,N,N,A,-,N,,,,,,,,,,Y,3,0,2,2,A,-,01,23153,B,N,A,C,A,A,H,-,D,D,0,,,,,Y,Y,A,01,0,2,0,0,0,0,0,0,0,"- ","- ",38.600421905517578,-121.55281829833984,YOLO,"WEST SACRAMENTO",-121.55718994140625,38.6044921875
9226240,2021,2021-03-05,5704,2021-01-15,2147,06604,,5,5,4,5704,0,0,0,,0,003,"LAKE WASHINGTON BL","SOUTHPORT PKWY",0.00,,Y,A,-,N,,,,,,,,,,Y,4,0,2,2,A,-,12,21453,A,N,A,C,A,A,H,-,C,A,0,,,,,Y,,A,01,0,0,2,0,0,0,0,0,0,"- ","- ",38.556400299072266,-121.54060363769531,YOLO,"WEST SACRAMENTO",-121.54061126708984,38.556388854980469
9226520,2021,2021-03-08,5704,2021-01-16,0652,06676,,6,5,4,5704,0,0,0,,0,002,"INDUSTRIAL BL","HARBOR BL",0.00,,Y,A,-,N,,,,,,,,,,N,4,0,1,2,A,-,09,21453,B,N,D,C,A,A,H,-,B,A,0,,,,,Y,,A,07,0,0,1,0,0,0,0,0,0,"- ","- ",38.569488525390625,-121.54950714111328,YOLO,"WEST SACRAMENTO",-121.54953765869141,38.569465637207031
9226620,2021,2021-03-08,5704,2021-01-29,0811,06583,,5,5,4,5704,0,0,0,,0,001,"HOBSON AV","KEGLE DR",150.00,W,N,B,-,N,,,,,,,,,,Y,4,0,1,2,A,-,03,22350,,N,C,E,A,B,H,-,A,D,0,,,,,Y,,A,01,0,0,1,0,0,0,0,0,0,"- ","- ",38.592491149902344,-121.52622985839844,YOLO,"WEST SACRAMENTO",-121.52674865722656,38.592559814453125
9227018,2021,2021-03-23,5701,2021-02-24,1815,127,4,3,5,5,5701,0,0,0,,0,002,"B ST","RUSSELL BL",25.00,S,N,A,-,N,,,,,,,,,,N,4,0,1,2,A,-,03,22350,,N,C,C,A,A,H,-,C,A,0,,,,,Y,,A,01,0,0,1,0,0,0,0,0,0,"- ","- ",38.546421051025391,-121.74540710449219,YOLO,DAVIS,-121.74539947509766,38.546283721923828
9227257,2021,2021-03-23,5703,2021-02-16,1525,2865,21,2,5,4,5703,0,0,0,,0,001,"EAST MAIN ST","EAST ST",0.00,,Y,A,-,N,,,,,,,,,,Y,3,0,2,2,A,-,03,22350,,N,C,C,A,A,H,-,A,A,0,,,,,Y,,A,07,0,1,1,0,0,0,0,0,0,"- ","- ",38.67742919921875,-121.76540374755859,YOLO,WOODLAND,-121.76541900634766,38.677436828613281
9227350,2021,2021-03-24,5703,2021-01-25,1239,2137,35,1,5,4,5703,0,0,0,,0,004,"EAST GIBSON RD","MATMOR RD",0.00,,Y,A,-,N,,,,,,,,,,,4,0,1,2,A,-,04,21703,,N,C,C,A,A,H,-,A,D,0,,,,,Y,,D,22,0,0,1,0,0,0,0,0,0,"- ","- ",38.662799835205078,-121.7564697265625,YOLO,WOODLAND,-121.7564697265625,38.662776947021484