CASE_ID,ACCIDENT_YEAR,PROC_DATE,JURIS,COLLISION_DATE,COLLISION_TIME,OFFICER_ID,REPORTING_DISTRICT,DAY_OF_WEEK,CHP_SHIFT,POPULATION,CNTY_CITY_LOC,SPECIAL_COND,BEAT_TYPE,CHP_BEAT_TYPE,CITY_DIVISION_LAPD,CHP_BEAT_CLASS,BEAT_NUMBER,PRIMARY_RD,SECONDARY_RD,DISTANCE,DIRECTION,INTERSECTION,WEATHER_1,WEATHER_2,STATE_HWY_IND,CALTRANS_COUNTY,CALTRANS_DISTRICT,STATE_ROUTE,ROUTE_SUFFIX,POSTMILE_PREFIX,POSTMILE,LOCATION_TYPE,RAMP_INTERSECTION,SIDE_OF_HWY,TOW_AWAY,COLLISION_SEVERITY,NUMBER_KILLED,NUMBER_INJURED,PARTY_COUNT,PRIMARY_COLL_FACTOR,PCF_CODE_OF_VIOL,PCF_VIOL_CATEGORY,PCF_VIOLATION,PCF_VIOL_SUBSECTION,HIT_AND_RUN,TYPE_OF_COLLISION,MVIW,PED_ACTION,ROAD_SURFACE,ROAD_COND_1,ROAD_COND_2,LIGHTING,CONTROL_DEVICE,CHP_ROAD_TYPE,PEDESTRIAN_ACCIDENT,BICYCLE_ACCIDENT,MOTORCYCLE_ACCIDENT,TRUCK_ACCIDENT,NOT_PRIVATE_PROPERTY,ALCOHOL_INVOLVED,STWD_VEHTYPE_AT_FAULT,CHP_VEHTYPE_AT_FAULT,COUNT_SEVERE_INJ,COUNT_VISIBLE_INJ,COUNT_COMPLAINT_PAIN,COUNT_PED_KILLED,COUNT_PED_INJURED,COUNT_BICYCLIST_KILLED,COUNT_BICYCLIST_INJURED,COUNT_MC_KILLED,COUNT_MC_INJURED,PRIMARY_RAMP,SECONDARY_RAMP,LATITUDE,LONGITUDE,COUNTY,CITY,POINT_X,POINT_Y
9227351,2021,2021-03-24,5703,2021-01-29,0845,2865,12,5,5,4,5703,0,0,0,,0,004,"CROSS ST","2ND ST",0.00,,Y,B,-,N,,,,,,,,,,Y,4,0,1,2,A,-,09,21802,A,N,D,C,A,B,H,-,A,A,0,,,,,Y,,A,01,0,0,1,0,0,0,0,0,0,"- ","- ",38.671989440917969,-121.77198028564453,YOLO,WOODLAND,-121.77196502685547,38.671981811523438
9230479,2021,2021-04-06,5704,2021-01-21,1159,00166,,4,5,4,5704,0,0,0,,0,001,"TODHUNTER AV","DREW ST",0.00,,Y,A,-,N,,,,,,,,,,N,3,0,1,2,A,-,08,22107,,F,B,G,A,A,H,-,A,D,0,,Y,,,Y,,-,99,0,1,0,0,0,0,1,0,0,"- ","- ",38.593608856201172,-121.53324890136719,YOLO,"WEST SACRAMENTO",-121.53334808349609,38.593540191650391
9232551,2021,2021-04-07,5704,2021-01-28,1100,06653,,4,5,4,5704,0,0,0,,0,002,"HARBOR BL","RT 50",0.00,,Y,B,C,Y,YOL,3,50,-,-,1.342,R,4,E,N,4,0,1,2,A,-,03,22350,,N,C,C,A,B,H,-,A,A,0,,,,,Y,,D,22,0,0,1,0,0,0,0,0,0,"- ","- ",,,YOLO,"WEST SACRAMENTO",-121.54611968994141,38.574974060058594
9232555,2021,2021-04-12,5704,2021-02-22,1340,06194,,1,5,4,5704,0,0,0,,0,001,"REED AV","STILLWATER RD",376.00,E,N,A,-,N,,,,,,,,,,N,4,0,1,2,A,-,04,21703,,N,C,C,A,A,H,-,A,A,0,,,,,Y,,A,01,0,0,1,0,0,0,0,0,0,"- ","- ",38.592128753662109,-121.55536651611328,YOLO,"WEST SACRAMENTO",-121.55414581298828,38.592037200927734
9232559,2021,2021-04-12,5704,2021-02-25,1841,06048,,4,5,4,5704,0,0,0,,0,001,"N HARBOR BL","REED AV",0.00,,Y,A,-,N,,,,,,,,,,N,4,0,2,2,A,-,12,21453,A,N,A,C,A,A,H,-,B,A,0,,,,,Y,Y,D,22,0,0,2,0,0,0,0,0,0,"- ","- ",38.591510772705078,-121.54506683349609,YOLO,"WEST SACRAMENTO",-121.54521179199219,38.591632843017578
9232901,2021,2021-03-09,5701,2021-01-29,1907,60,6,5,5,5,5701,0,0,0,,0,003,"EAST COVELL BL","POLE LINE RD",245.00,W,N,B,-,N,,,,,,,,,,Y,3,0,1,1,A,-,03,22350,,M,E,I,A,A,H,-,C,D,0,,,,,Y,,A,01,0,1,0,0,0,0,0,0,0,"- ","- ",38.562389373779297,-121.73107147216797,YOLO,DAVIS,-121.73190307617188,38.562297821044922
9233136,2021,2021-04-13,5701,2021-02-20,1410,231,4,6,5,5,5701,0,0,0,,0,002,"5TH ST","G ST",49.00,N,N,A,-,N,,,,,,,,,,Y,3,0,1,1,A,-,03,22350,,N,E,I,A,A,H,-,A,D,0,,,,,Y,,A,01,0,1,0,0,0,0,0,0,0,"- ","- ",38.547489166259766,-121.73996734619141,YOLO,DAVIS,-121.73978424072266,38.547527313232422
9235032,2021,2021-04-20,5704,2021-03-03,1338,06221,,3,5,4,5704,0,0,0,,0,002,"ENTERPRISE BL","RT 80",26.00,S,N,A,-,Y,YOL,3,80,-,-,9.105,R,4,E,Y,4,0,2,3,A,-,12,21453,A,N,D,C,A,A,H,-,A,A,0,,,,Y,Y,,A,01,0,0,2,0,0,0,0,0,0,"- ",EO,38.572849273681641,-121.57807159423828,YOLO,"WEST SACRAMENTO",-121.57913970947266,38.573932647705078
9235036,2021,2021-04-12,5704,2021-02-23,0536,06089,,2,5,4,5704,0,0,0,,0,002,"ENTERPRISE BL","SEAPORT BL",25.00,N,N,A,-,N,,,,,,,,,,Y,4,0,1,2,A,-,08,22107,,N,A,C,A,A,H,-,C,D,0,,,,,Y,,D,22,0,0,1,0,0,0,0,0,0,"- ","- ",38.564109802246094,-121.57846832275391,YOLO,"WEST SACRAMENTO",-121.57852935791016,38.564300537109375
9237606,2021,2021-04-12,5704,2021-02-23,0700,06653,,2,5,4,5704,0,0,0,,0,002,"ORCHARD WY","HICKORY WY",0.00,,Y,A,-,N,,,,,,,,,,N,4,0,1,2,A,-,08,22107,,N,A,C,A,A,H,-,A,D,0,,,,,Y,,A,08,0,0,1,0,0,0,0,0,0,"- ","- ",38.5755615234375,-121.53806304931641,YOLO,"WEST SACRAMENTO",-121.5379638671875,38.575592041015625
9237607,2021,2021-04-13,5704,2021-02-24,1716,06210,,3,5,4,5704,0,0,0,,0,002,"WESTACRE RD","MEADOW RD",0.00,,Y,A,G,N,,,,,,,,,,N,4,0,1,2,A,-,03,22350,,N,C,C,A,A,H,-,B,A,0,,,,,Y,,A,01,0,0,1,0,0,0,0,0,0,"- ","- ",38.573188781738281,-121.53060913085938,YOLO,"WEST SACRAMENTO",-121.53061676025391,38.573162078857422
9237765,2021,2021-04-20,5704,2021-03-05,2200,06604,,5,5,4,5704,0,0,0,,0,003,"JEFFERSON BL","LAKE WASHINGTON BL",0.00,,Y,A,-,N,,,,,,,,,,Y,4,0,1,2,A,-,03,22350,,N,C,C,A,A,H,-,C,A,0,,,,,Y,,A,01,0,0,1,0,0,0,0,0,0,"- ","- ",38.552661895751953,-121.53723907470703,YOLO,"WEST SACRAMENTO",-121.537353515625,38.552722930908203
9238105,2021,2021-03-26,5704,2021-02-23,0946,06700,,2,5,4,5704,0,0,0,,0,002,"B ST","4TH ST",0.00,,Y,A,-,N,,,,,,,,,,Y,3,0,2,2,A,-,09,21802,A,N,D,C,A,A,H,-,A,A,0,,,,,Y,,A,01,0,1,1,0,0,0,0,0,0,"- ","- ",38.589981079101562,-121.51113128662109,YOLO,"WEST SACRAMENTO",-121.51111602783203,38.589912414550781
9238187,2021,2021-04-06,5704,2021-03-05,2025,06197,,5,5,4,5704,0,0,0,,0,002,"JEFFERSON BL","STONE BL",0.00,,Y,A,-,N,,,,,,,,,,Y,4,0,1,2,A,-,01,23152,A,N,B,C,A,A,H,-,C,A,0,,,,,Y,Y,A,01,0,0,1,0,0,0,0,0,0,"- ","- ",38.5631103515625,-121.52770233154297,YOLO,"WEST SACRAMENTO",-121.52780151367188,38.563045501708984
9239458,2021,2021-05-03,5704,2021-04-12,2206,06210,,1,5,4,5704,0,0,0,,0,003,"JEFFERSON BL","HIGGINS RD",0.00,,Y,A,-,N,,,,,,,,,,Y,2,0,3,2,A,-,12,21453,A,N,D,C,A,A,H,-,C,A,0,,,,,Y,,D,22,1,1,1,0,0,0,0,0,0,"- ","- ",38.546649932861328,-121.54296875,YOLO,"WEST SACRAMENTO",-121.54302215576172,38.546695709228516
9240351,2021,2021-04-13,5704,2021-03-25,1125,00166,,4,5,4,5704,0,0,0,,0,002,"TOWER BRIDGE GATEWAY","IRONWORKS AV",0.00,,Y,A,-,N,,,,,,,,,,N,3,0,1,2,A,-,05,21650,1,N,D,G,A,A,H,-,A,A,0,,Y,,,Y,,L,04,0,1,0,0,0,0,1,0,0,"- ","- ",38.580940246582031,-121.51805114746094,YOLO,"WEST SACRAMENTO",-121.51982879638672,38.580226898193359
9241669,2021,2021-04-17,5703,2021-03-05,1418,2070,32,5,5,4,5703,0,0,0,,0,003,"LINCOLN AV","WALNUT ST",0.00,,Y,A,-,N,,,,,,,,,,Y,3,0,1,2,A,-,09,21802,A,N,D,C,A,A,H,-,A,A,0,,,,,Y,,A,01,0,1,0,0,0,0,0,0,0,"- ","- ",38.675708770751953,-121.77825164794922,YOLO,WOODLAND,-121.7781982421875,38.675674438476562
9241935,2021,2021-04-15,5704,2021-03-19,1054,00174,,5,5,4,5704,0,0,0,,0,003,"LAKE WASHINGTON BL","SOUTHPORT PKWY",0.00,,Y,B,-,N,,,,,,,,,,Y,4,0,2,2,A,-,03,22350,,N,C,C,A,B,H,-,A,A,0,,,,,Y,,A,01,0,0,2,0,0,0,0,0,0,"- ","- ",38.556400299072266,-121.54060363769531,YOLO,"WEST SACRAMENTO",-121.54061126708984,38.556388854980469
9242303,2021,2021-04-07,5703,2021-02-18,1222,2070,11,4,5,4,5703,0,0,0,,0,001,"DEPOT ST","EAST ST",430.00,E,N,A,-,,,,,,,,,,,Y,4,0,1,3,A,-,08,22107,,N,B,E,A,A,H,-,A,D,0,,,,,Y,,A,01,0,0,1,0,0,0,0,0,0,"- ","- ",38.676448822021484,-121.76541137695312,YOLO,WOODLAND,-121.76393127441406,38.676433563232422
9244588,2021,2021-05-06,5702,2021-03-15,1653,540,5702,1,5,2,5702,0,0,0,,0,00A,"ABBEY ST","4TH ST",0.00,,Y,A,-,N,,,,,,,,,,N,2,0,1,2,A,-,09,21801,,N,B,G,A,A,H,-,A,D,0,,Y,,,Y,,L,04,1,0,0,0,0,0,1,0,0,"- ","- ",,,YOLO,WINTERS,-121.97523498535156,38.520523071289062
9244589,2021,2021-04-13,5704,2021-03-12,0854,00174,,5,5,4,5704,0,0,0,,0,003,"JEFFERSON BL","ARMFIELD AV",1296.00,S,N,A,-,N,,,,,,,,,,Y,4,0,1,2,A,-,05,21460,A,N,B,C,A,A,H,-,A,D,0,,,,,Y,,A,01,0,0,1,0,0,0,0,0,0,"- ","- ",38.507999420166016,-121.57879638671875,YOLO,"WEST SACRAMENTO",-121.58189392089844,38.505210876464844
9247521,2021,2021-04-21,5704,2021-04-03,1822,06062,2,6,5,4,5704,0,0,0,,0,002,"HARBOR BL","EVERGREEN AV",0.00,,Y,A,-,N,,,,,,,,,,Y,4,0,3,3,A,-,12,21453,A,F,D,C,A,A,H,-,A,A,0,,,,,Y,,A,01,0,0,3,0,0,0,0,0,0,"- ","- ",38.576950073242188,-121.54872894287109,YOLO,"WEST SACRAMENTO",-121.5487060546875,38.576915740966797
9248765,2021,2021-04-20,5701,2021-03-28,1640,72,1,7,5,5,5701,0,0,0,,0,001,"WEST COVELL BL","RISLING CT",250.00,E,N,A,-,N,,,,,,,,,,N,3,0,1,2,A,-,08,22107,,N,H,G,A,A,H,-,A,D,0,,Y,,,Y,,L,04,0,1,0,0,0,0,1,0,0,"- ","- ",38.560100555419922,-121.77268218994141,YOLO,DAVIS,-121.77174377441406,38.560840606689453
9249990,2021,2021-04-27,5703,2021-03-27,1620,2070,84,6,5,4,5703,0,0,0,,0,002,"N COTTONWOOD ST","WEST WOODLAND AV",560.00,S,N,A,-,N,,,,,,,,,,Y,2,0,1,2,A,-,08,22102,,N,D,C,A,A,H,-,A,D,0,,,Y,,Y,,A,01,1,0,0,0,0,0,0,0,1,"- ","- ",38.688499450683594,-121.79344177246094,YOLO,WOODLAND,-121.79363250732422,38.686943054199219
9250213,2021,2021-04-23,5701,2021-04-03,1937,222,6,6,5,5,5701,0,0,0,,0,003,"MOORE BL","POLE LINE RD",564.00,E,N,B,-,N,,,,,,,,,,N,3,0,1,4,A,-,01,23152,A,N,E,E,A,A,H,-,A,D,0,,,,,Y,Y,A,01,0,1,0,0,0,0,0,0,0,"- ","- ",38.570880889892578,-121.72939300537109,YOLO,DAVIS,-121.72878265380859,38.570301055908203
9250235,2021,2021-04-23,5701,2021-04-07,1508,234,1,3,5,5,5701,0,0,0,,0,001,"RUSSELL BL","PORTAGE BAY EAST",450.00,E,N,A,-,N,,,,,,,,,,N,3,0,1,2,A,-,08,22107,,N,B,G,A,A,H,-,A,D,0,,Y,,,Y,,L,04,0,1,0,0,0,0,1,0,0,"- ","- ",38.546878814697266,-121.77986907958984,YOLO,DAVIS,-121.78023529052734,38.546546936035156
9250299,2021,2021-04-28,5703,2021-03-13,0138,2839,22,6,5,4,5703,0,0,0,,0,002,"COURT ST","6TH ST",184.00,E,N,-,-,N,,,,,,,,,,Y,3,0,1,1,A,-,05,21650,,F,E,I,A,A,H,-,C,D,0,,,Y,,Y,,C,02,0,1,0,0,0,0,0,0,1,"- ","- ",38.6787109375,-121.76664733886719,YOLO,WOODLAND,-121.76600646972656,38.678718566894531
9251216,2021,2021-04-23,5704,2021-03-23,1615,00165,,2,5,4,5704,0,0,0,,0,002,"HARBOR BL","DULUTH ST",470.00,S,N,A,-,N,,,,,,,,,,Y,4,0,3,3,A,-,05,21650,,N,B,C,A,A,H,-,A,D,0,,,,,Y,,A,01,0,0,3,0,0,0,0,0,0,"- ","- ",38.585018157958984,-121.54714965820312,YOLO,"WEST SACRAMENTO",-121.54755401611328,38.583736419677734
9251220,2021,2021-04-28,5704,2021-03-29,0243,06212,,1,5,4,5704,0,0,0,,0,003,"SOUTHPORT PKWY","LAKE WASHINGTON BL",1000.00,W,N,A,-,N,,,,,,,,,,Y,4,0,1,1,A,-,08,22107,,N,F,A,A,A,H,-,C,D,0,,,,,Y,,D,22,0,0,1,0,0,0,0,0,0,"- ","- ",38.556400299072266,-121.54060363769531,YOLO,"WEST SACRAMENTO",-121.54410552978516,38.556510925292969
9251228,2021,2021-04-30,5704,2021-04-01,1330,06054,5704,4,5,4,5704,0,0,0,,0,001,"I STREET BRIDGE","JIBBOOM ST",418.00,W,N,A,-,N,,,,,,,,,,N,3,0,1,2,A,-,05,21650,,F,B,C,A,A,H,-,A,D,0,,,,,Y,,M,47,0,1,0,0,0,0,0,0,0,"- ","- ",,,YOLO,"WEST SACRAMENTO",,
9251236,2021,2021-04-30,5704,2021-04-07,1525,06015,,3,5,4,5704,0,0,0,,0,003,"LINDEN RD","JEFFERSON BL",50.00,E,N,A,-,N,,,,,,,,,,Y,4,0,1,2,A,-,03,22350,,N,C,C,A,A,H,-,A,A,0,,,,,Y,,A,07,0,0,1,0,0,0,0,0,0,"- ","- ",38.550178527832031,-121.53964996337891,YOLO,"WEST SACRAMENTO",-121.54969787597656,38.5394287109375
9255193,2021,2021-05-06,5703,2021-04-21,1440,2070,72,3,5,4,5703,0,0,0,,0,003,"ASHLEY AV","W MAIN ST",212.00,S,N,A,-,N,,,,,,,,,,Y,4,0,2,2,A,-,03,22350,,N,C,C,A,A,H,-,A,D,0,,,,,Y,,A,01,0,0,2,0,0,0,0,0,0,"- ","- ",38.677631378173828,-121.79794311523438,YOLO,WOODLAND,-121.79792785644531,38.677059173583984
9255354,2021,2021-05-11,5704,2021-04-30,0341,06216,,5,5,4,5704,0,0,0,,0,002,"HARBOR BL","INDUSTRIAL BL",0.00,,Y,A,-,N,,,,,,,,,,Y,4,0,2,2,A,-,12,21453,A,N,D,C,A,A,H,-,C,A,0,,,,,Y,,A,01,0,0,2,0,0,0,0,0,0,"- ","- ",38.569488525390625,-121.54950714111328,YOLO,"WEST SACRAMENTO",-121.54953765869141,38.569465637207031
9255355,2021,2021-05-11,5704,2021-04-27,2315,06208,,2,5,4,5704,0,0,0,,0,001,"SACRAMENTO AV","CASSELMAN DR",0.00,,Y,A,-,N,,,,,,,,,,Y,3,0,1,1,A,-,08,22107,,N,E,I,A,A,H,-,C,D,0,,,,,Y,,A,01,0,1,0,0,0,0,0,0,0,"- ","- ",38.588970184326172,-121.51966857910156,YOLO,"WEST SACRAMENTO",-121.51971435546875,38.58880615234375
9255357,2021,2021-05-26,5704,2021-04-23,1251,06015,,5,5,4,5704,0,0,0,,0,002,"HARBOR BL","RT 50",0.00,,Y,A,-,Y,YOL,3,50,-,-,1.202,R,4,W,N,4,0,1,2,A,-,12,21453,A,N,D,C,A,A,H,-,A,A,0,,,,,Y,,-,"- ",0,0,1,0,0,0,0,0,0,"- ",WF,38.576290130615234,-121.54871368408203,YOLO,"WEST SACRAMENTO",-121.54873657226562,38.575160980224609
9256320,2021,2023-06-24,5704,2021-02-15,2332,00166,,1,5,4,5704,0,0,0,,0,002,"JEFFERSON BL","LOCKS DR",260.00,S,N,A,-,N,,,,,,,,,,Y,1,2,2,2,A,-,01,23152,A,N,A,C,A,A,H,-,C,D,0,,,,,Y,Y,D,22,2,0,0,0,0,0,0,0,0,"- ","- ",38.559638977050781,-121.52971649169922,YOLO,"WEST SACRAMENTO",-121.5301513671875,38.559120178222656
9256396,2021,2021-07-22,5704,2021-05-24,0833,00165,,1,5,4,5704,0,0,0,,0,001,"SUNSET AV","LISBON AV",290.00,S,N,A,-,N,,,,,,,,,,Y,1,1,1,2,A,-,09,21804,B,N,D,C,A,A,H,-,A,D,0,,,Y,,Y,,C,02,0,1,0,0,0,0,0,1,0,"- ","- ",38.593780517578125,-121.54559326171875,YOLO,"WEST SACRAMENTO",-121.54485321044922,38.593238830566406
9256462,2021,2023-06-17,5703,2021-07-16,0849,2070,61,5,5,4,5703,0,0,0,,0,001,"PIONEER AV","TIDE CT",78.00,S,N,A,-,N,,,,,,,,,,Y,1,1,0,2,A,-,01,23152,A,F,C,G,A,A,H,-,A,D,0,,Y,,,Y,Y,A,01,0,0,0,0,0,1,0,0,0,"- ","- ",38.681011199951172,-121.74684143066406,YOLO,WOODLAND,-121.74685668945312,38.680774688720703
9256743,2021,2021-06-17,5704,2021-06-01,1058,00166,,2,5,4,5704,0,0,0,,0,003,"LAKE WASHINGTON BL","JEFFERSON BL",0.00,,Y,A,-,N,,,,,,,,,,Y,3,0,2,2,C,-,18,,,N,C,C,A,A,H,-,A,A,0,,,,,Y,,-,"- ",0,2,0,0,0,0,0,0,0,"- ","- ",38.552661895751953,-121.53723907470703,YOLO,"WEST SACRAMENTO",-121.537353515625,38.552722930908203
9256771,2021,2021-06-17,5704,2021-05-20,1023,06015,,4,5,4,5704,0,0,0,,0,002,"CEBRIAN ST","STONE BL",275.00,N,N,A,-,N,,,,,,,,,,N,2,0,1,3,A,-,17,22517,,N,B,E,E,A,H,-,A,D,0,Y,,,Y,Y,,N,60,1,0,0,0,1,0,0,0,0,"- ","- ",38.563140869140625,-121.53859710693359,YOLO,"WEST SACRAMENTO",-121.53864288330078,38.564006805419922
9257606,2021,2021-05-17,5703,2021-04-18,0334,2144,14,7,5,4,5703,0,0,0,,0,003,"GIBSON RD","NORDEN WY",160.00,E,N,A,-,N,,,,,,,,,,Y,4,0,1,2,A,-,07,21658,A,N,C,E,A,A,H,-,C,D,0,,,,,Y,,D,22,0,0,1,0,0,0,0,0,0,"- ","- ",,,YOLO,WOODLAND,-121.77188110351562,38.662906646728516
9257620,2021,2021-05-10,5701,2021-04-15,0915,127,4,4,5,5,5701,0,0,0,,0,002,"RUSSELL BL","COLLEGE PARK",170.00,W,N,A,-,N,,,,,,,,,,N,3,0,1,2,D,-,00,,,F,C,C,A,A,H,-,A,A,0,,,,,Y,,-,"- ",0,1,0,0,0,0,0,0,0,"- ","- ",38.546180725097656,-121.75080108642578,YOLO,DAVIS,-121.75141143798828,38.546287536621094
9257624,2021,2021-05-07,5701,2021-04-18,1840,231,5,7,5,5,5701,0,0,0,,0,002,"J ST","4TH ST",0.00,,Y,A,-,N,,,,,,,,,,Y,3,0,4,3,A,-,09,21804,,N,D,C,A,A,H,-,B,D,0,,,,,Y,,D,22,0,3,1,0,0,0,0,0,0,"- ","- ",38.546791076660156,-121.73625183105469,YOLO,DAVIS,-121.73625946044922,38.546802520751953
9257725,2021,2021-05-04,5704,2021-04-16,1143,06015,,5,5,4,5704,0,0,0,,0,001,"5TH ST","C ST",40.00,N,N,A,-,N,,,,,,,,,,N,4,0,1,2,A,-,09,21804,A,N,D,C,A,A,H,-,A,D,0,,,,,Y,,A,07,0,0,1,0,0,0,0,0,0,"- ","- ",38.588848114013672,-121.51271820068359,YOLO,"WEST SACRAMENTO",-121.5126953125,38.588909149169922
9257729,2021,2021-05-04,5704,2021-04-09,1236,06211,,5,5,4,5704,0,0,0,,0,002,"WEST CAPITOL AV","GLIDE AV",0.00,,Y,A,-,N,,,,,,,,,,N,3,0,1,2,A,-,10,21950,A,N,G,B,B,A,H,-,A,A,0,Y,,,,Y,,A,01,0,1,0,0,1,0,0,0,0,"- ","- ",38.579460144042969,-121.54354095458984,YOLO,"WEST SACRAMENTO",-121.54532623291016,38.579391479492188
9257730,2021,2021-05-04,5704,2021-04-04,2330,06210,,7,5,4,5704,0,0,0,,0,003,"JEFFERSON BL","ARMFIELD AV",1400.00,S,N,A,-,N,,,,,,,,,,Y,2,0,1,1,A,-,01,23152,A,N,F,A,A,A,H,-,D,D,0,,,,,Y,Y,A,01,1,0,0,0,0,0,0,0,0,"- ","- ",38.507999420166016,-121.57879638671875,YOLO,"WEST SACRAMENTO",-121.58211517333984,38.504985809326172
9258190,2021,2021-06-28,5703,2021-04-20,1930,2831,62,2,5,4,5703,0,0,0,,0,002,"COURT ST","WEST ST",0.00,,Y,A,-,N,,,,,,,,,,Y,2,0,3,2,A,-,01,23152,A,N,D,C,A,A,H,-,A,A,0,,,,,Y,Y,A,01,1,0,2,0,0,0,0,0,0,"- ","- ",38.678878784179688,-121.7840576171875,YOLO,WOODLAND,-121.78404235839844,38.678859710693359
9258521,2021,2021-05-06,5701,2021-04-21,1410,127,3,3,5,5,5701,0,0,0,,0,001,"F ST","COVELL BL",440.00,S,N,A,-,N,,,,,,,,,,N,3,0,1,2,A,-,09,21803,A,N,H,G,A,A,H,-,A,A,0,,Y,,,Y,,A,01,0,1,0,0,0,0,1,0,0,"- ","- ",38.560779571533203,-121.74481964111328,YOLO,DAVIS,-121.74476623535156,38.559459686279297
9258718,2021,2021-05-07,5703,2021-04-07,1347,2875,,3,5,4,5703,0,0,0,,0,003,"GIBSON RD","COLLEGE ST",0.00,,Y,A,-,N,,,,,,,,,,,3,0,1,2,A,-,12,21453,A,N,D,C,A,A,H,-,A,A,0,,,,,Y,,-,"- ",0,1,0,0,0,0,0,0,0,"- ","- ",,,YOLO,WOODLAND,-121.77490234375,38.662910461425781
9259990,2021,2021-05-20,5704,2021-05-05,1018,06015,,3,5,4,5704,0,0,0,,0,002,"SOUTH RIVER RD","S RIVER RD  1980",50.00,S,N,A,-,N,,,,,,,,,,N,4,0,1,2,A,-,03,22350,,N,C,C,A,A,H,-,A,A,0,,,,,Y,,A,01,0,0,1,0,0,0,0,0,0,"- ","- ",38.564098358154297,-121.52337646484375,YOLO,"WEST SACRAMENTO",-121.52947998046875,38.559650421142578
9260974,2021,2021-07-14,5703,2021-06-08,1145,2070,21,2,5,4,5703,0,0,0,,0,003,"MAIN ST","EAST ST",72.00,W,N,A,-,N,,,,,,,,,,N,4,0,1,2,A,-,03,22350,,N,C,C,A,A,H,-,A,A,0,,,,,Y,,A,07,0,0,1,0,0,0,0,0,0,"- ","- ",,,YOLO,WOODLAND,-121.76567077636719,38.677417755126953
9263011,2021,2021-05-18,5703,2021-04-26,1903,2137,71,1,5,4,5703,0,0,0,,0,004,"COUNTY ROAD 102","RT 5",0.00,,Y,A,-,Y,YOL,3,5,-,-,5.704,R,4,S,N,3,0,1,2,A,-,08,22107,,N,B,G,A,A,H,-,B,A,0,,Y,,,Y,Y,A,01,0,1,0,0,0,0,1,0,0,"- ",SF,38.672409057617188,-121.72866821289062,YOLO,WOODLAND,-121.73172760009766,38.673683166503906
9263925,2021,2021-05-27,5704,2021-04-24,1258,06579,,6,5,4,5704,0,0,0,,0,001,"SACRAMENTO AV","JEFFERSON BL",60.00,E,N,A,-,N,,,,,,,,,,N,4,0,1,2,A,-,09,21804,A,N,C,C,A,A,H,-,A,D,0,,,,,Y,,A,07,0,0,1,0,0,0,0,0,0,"- ","- ",38.589519500732422,-121.52683258056641,YOLO,"WEST SACRAMENTO",-121.52659606933594,38.589485168457031
9263926,2021,2021-05-27,5704,2021-04-29,1030,00166,,4,5,4,5704,0,0,0,,0,002,"5TH ST","G ST",0.00,,Y,A,-,N,,,,,,,,,,Y,4,0,1,2,A,-,09,21802,A,N,D,C,A,A,H,-,A,A,0,,,,,Y,,A,01,0,0,1,0,0,0,0,0,0,"- ","- ",38.583961486816406,-121.51368713378906,YOLO,"WEST SACRAMENTO",-121.51374053955078,38.583919525146484
9264529,2021,2021-05-26,5704,2021-05-03,0825,06052,WSPD,1,5,4,5704,0,0,0,,0,002,"INDUSTRIAL BL","BEACON BL",0.00,,Y,A,-,N,,,,,,,,,,Y,3,0,1,2,A,-,08,22107,,N,A,C,A,A,H,-,A,D,0,,,,Y,Y,,G,24,0,1,0,0,0,0,0,0,0,"- ","- ",38.572681427001953,-121.55445861816406,YOLO,"WEST SACRAMENTO",-121.55454254150391,38.572711944580078
9264541,2021,2021-05-27,5704,2021-05-01,2030,06653,,6,5,4,5704,0,0,0,,0,001,"SACRAMENTO AV","KEGLE DR",0.00,,Y,A,-,N,,,,,,,,,,N,4,0,4,2,A,-,21,22106,,N,C,C,A,A,H,-,B,A,0,,,,,Y,,A,07,0,0,4,0,0,0,0,0,0,"- ","- ",38.589519500732422,-121.52683258056641,YOLO,"WEST SACRAMENTO",-121.52680206298828,38.589508056640625
9265729,2021,2021-06-01,5704,2021-05-07,1631,06012,,5,5,4,5704,0,0,0,,0,001,"SACRAMENTO AV","REUTER DR",0.00,,Y,A,-,N,,,,,,,,,,N,4,0,1,2,A,-,05,21460,A,N,B,C,A,A,H,-,A,D,0,,,,,Y,,A,01,0,0,1,0,0,0,0,0,0,"- ","- ",38.588340759277344,-121.51801300048828,YOLO,"WEST SACRAMENTO",-121.51807403564453,38.588363647460938
9265959,2021,2021-05-28,5704,2021-04-30,1202,00165,,5,5,4,5704,0,0,0,,0,002,"INDUSTRIAL BL","PARKWAY BL",350.00,W,N,A,-,N,,,,,,,,,,Y,2,0,2,2,A,-,01,23153,F,N,D,C,A,A,H,-,A,-,0,,,,,Y,,A,01,1,1,0,0,0,0,0,0,0,"- ","- ",38.573310852050781,-121.56552886962891,YOLO,"WEST SACRAMENTO",-121.56671142578125,38.573101043701172