CASE_ID,ACCIDENT_YEAR,PROC_DATE,JURIS,COLLISION_DATE,COLLISION_TIME,OFFICER_ID,REPORTING_DISTRICT,DAY_OF_WEEK,CHP_SHIFT,POPULATION,CNTY_CITY_LOC,SPECIAL_COND,BEAT_TYPE,CHP_BEAT_TYPE,CITY_DIVISION_LAPD,CHP_BEAT_CLASS,BEAT_NUMBER,PRIMARY_RD,SECONDARY_RD,DISTANCE,DIRECTION,INTERSECTION,WEATHER_1,WEATHER_2,STATE_HWY_IND,CALTRANS_COUNTY,CALTRANS_DISTRICT,STATE_ROUTE,ROUTE_SUFFIX,POSTMILE_PREFIX,POSTMILE,LOCATION_TYPE,RAMP_INTERSECTION,SIDE_OF_HWY,TOW_AWAY,COLLISION_SEVERITY,NUMBER_KILLED,NUMBER_INJURED,PARTY_COUNT,PRIMARY_COLL_FACTOR,PCF_CODE_OF_VIOL,PCF_VIOL_CATEGORY,PCF_VIOLATION,PCF_VIOL_SUBSECTION,HIT_AND_RUN,TYPE_OF_COLLISION,MVIW,PED_ACTION,ROAD_SURFACE,ROAD_COND_1,ROAD_COND_2,LIGHTING,CONTROL_DEVICE,CHP_ROAD_TYPE,PEDESTRIAN_ACCIDENT,BICYCLE_ACCIDENT,MOTORCYCLE_ACCIDENT,TRUCK_ACCIDENT,NOT_PRIVATE_PROPERTY,ALCOHOL_INVOLVED,STWD_VEHTYPE_AT_FAULT,CHP_VEHTYPE_AT_FAULT,COUNT_SEVERE_INJ,COUNT_VISIBLE_INJ,COUNT_COMPLAINT_PAIN,COUNT_PED_KILLED,COUNT_PED_INJURED,COUNT_BICYCLIST_KILLED,COUNT_BICYCLIST_INJURED,COUNT_MC_KILLED,COUNT_MC_INJURED,PRIMARY_RAMP,SECONDARY_RAMP,LATITUDE,LONGITUDE,COUNTY,CITY,POINT_X,POINT_Y
9265960,2021,2021-05-28,5704,2021-04-29,1845,06062,,4,5,4,5704,0,0,0,,0,002,"HARBOR BL","WEST CAPITOL AV",214.00,S,N,A,-,N,,,,,,,,,,Y,4,0,2,2,A,-,09,21804,,N,A,C,A,A,H,-,A,D,0,,,,,Y,,A,01,0,0,2,0,0,0,0,0,0,"- ","- ",38.579261779785156,-121.54868316650391,YOLO,"WEST SACRAMENTO",-121.54904174804688,38.579250335693359
9266669,2021,2021-06-22,5701,2021-05-12,1639,106,8,3,5,5,5701,0,0,0,,0,004,"RICHARDS BL","RT 80",0.00,,Y,A,-,Y,YOL,3,80,-,-,0.451,R,4,E,Y,4,0,1,2,A,-,12,21453,A,N,D,C,A,A,H,-,A,A,0,,,,,Y,,A,01,0,0,1,0,0,0,0,0,0,"- ",EO,38.540111541748047,-121.73356628417969,YOLO,DAVIS,-121.73263549804688,38.542366027832031
9270046,2021,2021-06-16,5703,2021-05-18,1714,2891,111N,2,5,4,5703,0,0,0,,0,004,"EAST MAIN ST","QUALITY CIR",0.00,,Y,A,-,N,,,,,,,,,,Y,3,0,1,2,A,-,09,21802,A,N,D,D,A,A,H,-,A,A,0,,,,,Y,,D,22,0,1,0,0,0,0,0,0,0,"- ","- ",38.677169799804688,-121.71913146972656,YOLO,WOODLAND,-121.71909332275391,38.677078247070312
9271824,2021,2021-06-11,5704,2021-05-27,0719,06195,,4,5,4,5704,0,0,0,,0,002,"WEST CAPITOL AV","NORTHPORT DR",806.00,W,N,A,-,N,,,,,,,,,,Y,3,0,3,2,A,-,05,21650,,N,A,C,A,A,A,-,A,D,0,,,,,Y,,A,01,0,1,2,0,0,0,0,0,0,"- ","- ",38.578399658203125,-121.56266784667969,YOLO,"WEST SACRAMENTO",-121.56546020507812,38.578292846679688
9271827,2021,2021-06-11,5704,2021-05-17,0731,06543,,1,5,4,5704,0,0,0,,0,003,"SOUTHPORT PKWY","RAMCO ST",0.00,,Y,A,-,N,,,,,,,,,,Y,4,0,3,3,A,-,12,21453,A,N,D,C,A,A,H,-,A,A,0,,,,,Y,,A,01,0,0,3,0,0,0,0,0,0,"- ","- ",38.555309295654297,-121.56334686279297,YOLO,"WEST SACRAMENTO",-121.56343078613281,38.555450439453125
9273722,2021,2021-06-30,5704,2021-05-22,1643,06682,,6,5,4,5704,0,0,0,,0,002,"PARK BL","LAKEWOOD DR",185.00,S,N,A,-,N,,,,,,,,,,Y,3,0,1,3,A,-,08,22107,,N,B,E,A,A,H,-,A,D,0,,,,,Y,,A,07,0,1,0,0,0,0,0,0,0,"- ","- ",38.567710876464844,-121.53323364257812,YOLO,"WEST SACRAMENTO",-121.53367614746094,38.567279815673828
9273724,2021,2021-06-25,5704,2021-05-18,1548,06093,,2,5,4,5704,0,0,0,,0,002,"JEFFERSON BL","JACKSON ST",200.00,S,N,A,-,N,,,,,,,,,,N,4,0,1,2,A,-,09,21804,A,N,A,C,A,A,H,-,A,D,0,,,,,Y,,A,01,0,0,1,0,0,0,0,0,0,"- ","- ",38.574390411376953,-121.52420806884766,YOLO,"WEST SACRAMENTO",-121.52401733398438,38.573738098144531
9274050,2021,2021-06-18,5704,2021-03-25,2032,06090,,4,5,4,5704,0,0,0,,0,002,"INDUSTRIAL BL","HARBOR BL",30.00,E,N,A,-,N,,,,,,,,,,N,4,0,1,1,A,-,08,22107,,N,H,A,A,A,H,-,C,A,0,,,Y,,Y,,C,02,0,0,1,0,0,0,0,0,1,"- ","- ",38.569488525390625,-121.54950714111328,YOLO,"WEST SACRAMENTO",-121.54946136474609,38.569408416748047
9275811,2021,2021-06-29,5703,2021-06-08,1545,2070,41,2,5,4,5703,0,0,0,,0,001,"EAST MAIN ST","RT 113",245.00,W,N,A,-,Y,YOL,3,113,-,R,10.079,R,4,N,Y,4,0,1,3,A,-,03,22350,,N,C,C,A,A,H,-,A,A,0,,,,,Y,,A,01,0,0,1,0,0,0,0,0,0,"- ",NO,,,YOLO,WOODLAND,-121.75099182128906,38.674953460693359
9276501,2021,2021-10-04,5704,2021-09-04,1148,06017,,6,5,4,5704,0,0,0,,0,002,"TOWER BRIDGE GATEWAY","GRAND ST",0.00,,Y,A,-,N,,,,,,,,,,Y,3,0,1,2,A,-,12,21453,A,N,D,C,A,A,H,-,A,A,0,,,,,Y,,A,01,0,1,0,0,0,0,0,0,0,"- ","- ",38.581089019775391,-121.51808166503906,YOLO,"WEST SACRAMENTO",-121.51810455322266,38.580902099609375
9278225,2021,2021-06-24,5703,2021-05-18,0637,2627,,2,5,4,5703,0,0,0,,0,,"3RD ST","MAIN ST",0.00,,Y,A,-,N,,,,,,,,,,,4,0,1,2,A,-,09,21802,A,N,D,G,A,A,H,-,A,A,0,,Y,,,Y,,D,23,0,0,1,0,0,0,1,0,0,"- ","- ",38.67742919921875,-121.77062225341797,YOLO,WOODLAND,-121.77061462402344,38.67742919921875
9278391,2021,2021-07-14,5703,2021-06-15,1604,2891,85,2,5,4,5703,0,0,0,,0,001,"COUNTY ROAD 102","EAST KENTUCKY AV",0.00,,Y,A,-,N,,,,,,,,,,Y,3,0,2,2,A,-,09,21801,A,N,A,C,A,A,H,-,A,A,0,,,,,Y,,A,01,0,1,1,0,0,0,0,0,0,"- ","- ",38.691768646240234,-121.72837829589844,YOLO,WOODLAND,-121.72830200195312,38.691703796386719
9279040,2021,2021-07-08,5704,2021-06-04,1611,06216,,5,5,4,5704,0,0,0,,0,002,"WEST CAPITOL AV","PECAN ST",370.00,W,N,A,-,N,,,,,,,,,,N,4,0,1,2,A,-,09,21804,A,N,D,G,A,A,H,-,A,D,0,,Y,,,Y,,A,01,0,0,1,0,0,0,1,0,0,"- ","- ",38.579700469970703,-121.54199981689453,YOLO,"WEST SACRAMENTO",-121.54327392578125,38.579513549804688
9280124,2021,2021-06-17,5704,2021-05-25,0747,06543,,2,5,4,5704,0,0,0,,0,003,"COLLINS ST","SILVERWOOD RD",0.00,,Y,A,-,N,,,,,,,,,,Y,4,0,1,2,A,-,03,22350,,N,D,C,A,A,H,-,A,A,0,,,,,Y,,A,01,0,0,1,0,0,0,0,0,0,"- ","- ",38.524700164794922,-121.57672119140625,YOLO,"WEST SACRAMENTO",-121.5767822265625,38.524696350097656
9280394,2021,2021-06-30,5704,2021-06-02,2212,06017,,3,5,4,5704,0,0,0,,0,002,"GRAND ST","TOWER BRIDGE GATEWAY",245.00,N,N,A,-,N,,,,,,,,,,Y,4,0,1,1,A,-,01,23152,A,N,E,I,A,A,H,-,C,D,0,,,,,Y,Y,A,01,0,0,1,0,0,0,0,0,0,"- ","- ",38.580940246582031,-121.51802062988281,YOLO,"WEST SACRAMENTO",-121.51811218261719,38.580898284912109
9280464,2021,2021-07-02,5704,2021-06-09,2100,06017,,3,5,4,5704,0,0,0,,0,003,"JEFFERSON BL","MARSHALL RD",270.00,N,N,A,-,N,,,,,,,,,,Y,3,0,2,2,A,-,01,23152,B,N,A,C,A,A,H,-,D,D,0,,,,,Y,Y,A,01,0,1,1,0,0,0,0,0,0,"- ","- ",38.535049438476562,-121.55372619628906,YOLO,"WEST SACRAMENTO",-121.55322265625,38.535648345947266
9281256,2021,2021-08-10,5701,2021-06-13,1511,228,6,7,5,5,5701,0,0,0,,0,003,"POLE LINE RD","COVELL BL",0.00,,Y,A,-,N,,,,,,,,,,N,3,0,2,2,A,-,08,22100,B,N,B,C,A,A,H,-,A,D,0,,,,,Y,Y,A,01,0,2,0,0,0,0,0,0,0,"- ","- ",38.562389373779297,-121.73107147216797,YOLO,DAVIS,-121.73106384277344,38.562400817871094
9281657,2021,2021-07-02,5704,2021-06-14,1140,00165,,1,5,4,5704,0,0,0,,0,003,"SOUTHPORT PKWY","LAKE WASHINGTON BL",2900.00,W,N,A,-,N,,,,,,,,,,Y,3,0,1,1,A,-,08,22107,,N,F,A,A,A,H,-,A,D,0,,,,,Y,,D,22,0,1,0,0,0,0,0,0,0,"- ","- ",38.556400299072266,-121.54060363769531,YOLO,"WEST SACRAMENTO",-121.55074310302734,38.556415557861328
9281861,2021,2021-07-28,5703,2021-06-08,1157,2891,42,2,5,4,5703,0,0,0,,0,002,"MAIN ST","WALNUT ST",0.00,,Y,A,-,,,,,,,,,,,,4,0,2,2,A,-,12,21453,A,N,D,D,A,A,H,-,A,A,0,,,,,Y,,A,01,0,0,2,0,0,0,0,0,0,"- ","- ",,,YOLO,WOODLAND,-121.77817535400391,38.677490234375
9282068,2021,2021-07-14,5704,2021-06-15,1805,06011,,2,5,4,5704,0,0,0,,0,001,"F ST","5TH ST",0.00,,Y,A,-,N,,,,,,,,,,Y,3,0,1,3,A,-,12,22450,A,N,D,C,A,A,H,-,A,A,0,,,,,Y,,A,07,0,1,0,0,0,0,0,0,0,"- ","- ",38.584918975830078,-121.51351928710938,YOLO,"WEST SACRAMENTO",-121.5135498046875,38.584880828857422
9282069,2021,2021-07-14,5704,2021-06-12,2308,06088,,6,5,4,5704,0,0,0,,0,002,"HARBOR BL","WEST CAPITOL AV",380.00,S,N,A,-,N,,,,,,,,,,Y,4,0,1,2,A,-,07,21658,A,N,B,C,A,A,H,-,C,D,0,,,,,Y,,A,01,0,0,1,0,0,0,0,0,0,"- ","- ",38.579269409179688,-121.54869842529297,YOLO,"WEST SACRAMENTO",-121.54904174804688,38.579250335693359
9282070,2021,2021-07-14,5704,2021-06-17,1430,06221,,4,5,4,5704,0,0,0,,0,002,"WEST CAPITOL AV","WALNUT AV",0.00,,Y,A,-,N,,,,,,,,,,N,4,0,2,2,A,-,09,21802,A,N,D,C,A,A,H,-,A,A,0,,,,,Y,,A,01,0,0,2,0,0,0,0,0,0,"- ","- ",38.579788208007812,-121.54070281982422,YOLO,"WEST SACRAMENTO",-121.54071044921875,38.579662322998047
9282072,2021,2021-07-14,5704,2021-06-06,2100,06210,,7,5,4,5704,0,0,0,,0,003,"VILLAGE PKWY","LOCKS RD",750.00,S,N,A,-,N,,,,,,,,,,Y,3,0,1,1,A,-,01,23152,A,N,E,I,A,A,H,-,B,D,0,,,,,Y,Y,A,01,0,1,0,0,0,0,0,0,0,"- ","- ",,,YOLO,"WEST SACRAMENTO",-121.52340698242188,38.558330535888672
9282250,2021,2021-07-13,5704,2021-06-11,1958,06017,,5,5,4,5704,0,0,0,,0,001,"SACRAMENTO AV","DOUGLAS ST",215.00,E,N,A,-,N,,,,,,,,,,Y,2,0,4,2,A,-,01,23152,A,N,B,C,A,A,H,-,A,D,0,,,,,Y,Y,D,22,1,1,2,0,0,0,0,0,0,"- ","- ",38.588821411132812,-121.52068328857422,YOLO,"WEST SACRAMENTO",-121.51995849609375,38.588729858398438
9282539,2021,2021-07-07,5701,2021-05-28,1819,231,4,5,5,5,5701,0,0,0,,0,002,"B ST","7TH ST",0.00,,Y,A,-,N,,,,,,,,,,N,3,0,2,2,A,-,12,22450,,N,D,C,A,A,H,-,B,A,0,,,Y,,Y,,C,03,0,2,0,0,0,0,0,0,2,"- ","- ",38.549369812011719,-121.74613952636719,YOLO,DAVIS,-121.74611663818359,38.549339294433594
9282639,2021,2021-07-16,5701,2021-06-07,1404,234,2,1,5,5,5701,0,0,0,,0,001,"RUSSELL BL","ANDERSON RD",0.00,,Y,A,-,N,,,,,,,,,,N,3,0,1,2,A,-,09,21800,A,N,B,G,A,A,H,-,A,A,0,,Y,,,Y,,L,04,0,1,0,0,0,0,1,0,0,"- ","- ",38.546379089355469,-121.75884246826172,YOLO,DAVIS,-121.75875854492188,38.546405792236328
9283603,2021,2021-08-27,5704,2021-07-03,2123,06212,,6,5,4,5704,0,0,0,,0,002,"TOWER BRIDGE GATEWAY","3RD ST",495.00,E,N,A,-,N,,,,,,,,,,N,4,0,1,2,A,-,11,21954,A,F,G,B,D,A,H,-,C,D,0,Y,,,,Y,Y,N,60,0,0,1,0,1,0,0,0,0,"- ","- ",38.581501007080078,-121.51145935058594,YOLO,"WEST SACRAMENTO",-121.50988006591797,38.581031799316406
9285809,2021,2021-07-06,5701,2021-06-10,1219,106,4,4,5,5,5701,0,0,0,,0,002,"4TH ST","4TH ST ALLEYWAY",0.00,,Y,A,-,N,,,,,,,,,,N,4,0,1,2,A,-,09,21800,A,N,H,G,A,A,H,-,A,D,0,,Y,,,Y,,L,04,0,0,1,0,0,0,1,0,0,"- ","- ",38.546089172363281,-121.73886108398438,YOLO,DAVIS,-117.00250244140625,33.926479339599609
9285810,2021,2021-07-06,5701,2021-06-08,1820,235,3,2,5,5,5701,0,0,0,,0,001,"CATALINA DR","ANDERSON RD",15.00,W,N,A,-,N,,,,,,,,,,N,3,0,1,2,A,-,09,21800,A,N,B,G,A,A,H,-,A,A,0,,Y,,,Y,,A,01,0,1,0,0,0,0,1,0,0,"- ","- ",38.568099975585938,-121.75836181640625,YOLO,DAVIS,-121.75836181640625,38.568111419677734
9286613,2021,2021-07-26,5704,2021-07-10,1228,06579,,6,5,4,5704,0,0,0,,0,001,"OAKLAND BAY DR","BOWEN ISLAND ST",0.00,,Y,A,-,N,,,,,,,,,,Y,4,0,1,1,A,-,05,21650,,N,E,I,A,A,H,-,A,D,0,,,,,Y,,A,07,0,0,1,0,0,0,0,0,0,"- ","- ",38.538909912109375,-121.57684326171875,YOLO,"WEST SACRAMENTO",-121.57685852050781,38.538890838623047
9286751,2021,2021-08-04,5701,2021-06-26,2014,123,5,6,5,5,5701,0,0,0,,0,002,"EAST COVELL BL","L ST",0.00,,Y,A,-,N,,,,,,,,,,Y,3,0,2,2,A,-,03,22350,,N,A,C,A,A,H,-,A,A,0,,,,,Y,,-,,0,2,0,0,0,0,0,0,0,"- ","- ",38.561111450195312,-121.73532867431641,YOLO,DAVIS,-121.73534393310547,38.561130523681641
9286929,2021,2021-07-23,5701,2021-06-25,1846,229,4,5,5,5,5701,0,0,0,,0,002,"W 8TH ST","B ST",0.00,,Y,A,-,N,,,,,,,,,,N,3,0,1,2,A,-,00,22801,A,N,H,G,A,A,H,-,B,A,0,,Y,,,Y,,D,22,0,1,0,0,0,0,1,0,0,"- ","- ",38.550678253173828,-121.74635314941406,YOLO,DAVIS,-121.74636077880859,38.550670623779297
9287022,2021,2021-08-10,5703,2021-06-20,0223,2145,22,7,5,4,5703,0,0,0,,0,002,"3RD ST","COURT ST",0.00,,Y,A,-,N,,,,,,,,,,Y,4,0,1,2,A,-,09,21801,A,N,D,C,A,A,H,-,C,A,0,,,,,Y,Y,A,01,0,0,1,0,0,0,0,0,0,"- ","- ",38.678760528564453,-121.77060699462891,YOLO,WOODLAND,-121.77058410644531,38.678741455078125
9287067,2021,2021-09-08,5703,2021-07-07,0802,2070,73,3,5,4,5703,0,0,0,,0,004,"OGDEN ST","EAST GIBSON RD",145.00,N,N,A,-,N,,,,,,,,,,Y,4,0,1,2,A,-,04,21703,,N,C,C,A,A,H,-,A,D,0,,,,,Y,,A,01,0,0,1,0,0,0,0,0,0,"- ","- ",,,YOLO,WOODLAND,-121.73564147949219,38.663059234619141
9287943,2021,2021-08-10,5703,2021-06-25,1032,2070,32,5,5,4,5703,0,0,0,,0,003,"OAK AV","SAUNDERS WY",0.00,,Y,A,-,N,,,,,,,,,,Y,4,0,1,2,A,-,09,21800,B,N,D,C,A,A,H,-,A,D,0,,,,,Y,,A,01,0,0,1,0,0,0,0,0,0,"- ","- ",,,YOLO,WOODLAND,-121.78006744384766,38.673881530761719
9287944,2021,2021-08-10,5703,2021-06-29,1719,2110,22,2,5,4,5703,0,0,0,,0,002,"EAST ST","COURT ST",0.00,,Y,A,-,N,,,,,,,,,,Y,3,0,1,2,A,-,09,21801,A,N,D,C,A,A,H,-,A,D,0,,,,,Y,,A,01,0,1,0,0,0,0,0,0,0,"- ","- ",38.678768157958984,-121.76537322998047,YOLO,WOODLAND,-121.76542663574219,38.678707122802734
9293217,2021,2021-08-21,5704,2021-07-02,1040,06195,,5,5,4,5704,0,0,0,,0,002,"INDUSTRIAL BL","TERMINAL ST",65.00,W,N,A,-,N,,,,,,,,,,Y,4,0,1,2,A,-,08,22102,,N,D,C,A,A,H,-,A,D,0,,,,,Y,,A,01,0,0,1,0,0,0,0,0,0,"- ","- ",38.565250396728516,-121.54319000244141,YOLO,"WEST SACRAMENTO",-121.54338836669922,38.565406799316406
9293218,2021,2021-08-21,5704,2021-07-13,1704,06700,,2,5,4,5704,0,0,0,,0,001,"WEST CAPITOL AV","MERKLEY AV",550.00,E,N,A,-,N,,,,,,,,,,Y,3,0,1,1,A,-,00,22165,,N,E,I,A,A,H,-,A,D,0,,,,,Y,,A,01,0,1,0,0,0,0,0,0,0,"- ","- ",38.581729888916016,-115.21942901611328,YOLO,"WEST SACRAMENTO",-121.52027130126953,38.581993103027344
9293219,2021,2021-08-21,5704,2021-07-06,0100,06210,,2,5,4,5704,0,0,0,,0,003,"JEFFERSON BL","LAKE WASHINGTON BL",0.00,,Y,A,-,N,,,,,,,,,,N,3,0,1,1,A,-,05,21651,A,N,E,I,A,A,H,-,C,A,0,,,,,Y,,A,01,0,1,0,0,0,0,0,0,0,"- ","- ",38.552661895751953,-121.53723907470703,YOLO,"WEST SACRAMENTO",-121.537353515625,38.552722930908203
9293887,2021,2021-08-17,5701,2021-07-22,0050,236,1,4,5,5,5701,0,0,0,,0,001,"COVELL BL","DENALI DR",0.00,,Y,A,-,N,,,,,,,,,,Y,3,0,1,1,A,-,01,23153,A,N,E,I,A,A,H,-,C,A,0,,,,,Y,Y,D,22,0,1,0,0,0,0,0,0,0,"- ","- ",38.561019897460938,-121.77938842773438,YOLO,DAVIS,-121.77938842773438,38.560985565185547
9293898,2021,2021-08-17,5703,2021-06-24,2144,2858,11,4,5,4,5703,0,0,0,,0,001,"EAST MAIN ST","RT 113",30.00,W,N,A,-,Y,YOL,3,113,-,R,10.079,R,4,N,Y,4,0,2,2,A,-,03,22350,,N,C,D,A,A,H,-,C,A,0,,,,,Y,,A,01,0,0,2,0,0,0,0,0,0,"- ",NO,,,YOLO,WOODLAND,-121.75099182128906,38.674953460693359
9293910,2021,2021-08-10,5703,2021-06-21,1330,2157,,1,5,4,5703,0,0,0,,0,001,"E BEAMER ST","PIONEER AV",3179.00,E,N,A,-,N,,,,,,,,,,Y,2,0,1,2,A,-,06,21751,,N,A,D,A,A,H,-,A,D,0,,,,Y,Y,,A,07,1,0,0,0,0,0,0,0,0,"- ","- ",38.684551239013672,-121.74683380126953,YOLO,WOODLAND,-121.73564910888672,38.684478759765625
9293918,2021,2021-08-10,5703,2021-06-30,0920,2631,55,3,5,4,5703,0,0,0,,0,004,"EAST GIBSON RD","BOURN DR",69.00,E,N,A,-,N,,,,,,,,,,Y,4,0,1,2,A,-,03,22350,,N,C,C,A,A,H,-,A,A,0,,,,,Y,,A,01,0,0,1,0,0,0,0,0,0,"- ","- ",38.662681579589844,-121.74714660644531,YOLO,WOODLAND,-121.74691009521484,38.662769317626953
9293946,2021,2021-07-27,5701,2021-05-31,1618,226,2,1,5,5,5701,0,0,0,,0,001,"WEST COVELL BL","HANOVER DR",0.00,,Y,A,-,N,,,,,,,,,,N,3,0,1,2,D,-,00,,,N,H,G,A,A,H,-,A,D,0,,Y,,,Y,Y,-,"- ",0,1,0,0,0,0,1,0,0,"- ","- ",38.559749603271484,-121.75688934326172,YOLO,DAVIS,-121.7567138671875,38.560741424560547
9294943,2021,2021-08-06,5703,2021-04-25,0340,2835,61,7,5,4,5703,0,0,0,,0,001,"PIONEER AV","TIDE CT",232.00,N,N,A,-,N,,,,,,,,,,Y,2,0,2,1,A,-,03,22350,,N,E,J,A,A,H,-,C,A,0,,,,,Y,Y,A,07,1,0,1,0,0,0,0,0,0,"- ","- ",38.681011199951172,-121.74684143066406,YOLO,WOODLAND,-121.74684143066406,38.681625366210938
9295191,2021,2021-09-08,5703,2021-07-29,1539,2070,12,4,5,4,5703,0,0,0,,0,003,"CROSS ST","4TH ST",0.00,,Y,A,-,N,,,,,,,,,,Y,3,0,2,2,A,-,09,21802,A,N,D,C,A,A,H,-,A,A,0,,,,,Y,,A,07,0,1,1,0,0,0,0,0,0,"- ","- ",38.671951293945312,-121.76956176757812,YOLO,WOODLAND,-121.76954650878906,38.671955108642578
9295192,2021,2021-09-08,5703,2021-07-23,1418,2875,32,5,5,4,5703,0,0,0,,0,003,"WALNUT ST","DOG GONE ALY",0.00,,Y,A,-,N,,,,,,,,,,Y,3,0,2,3,A,-,09,21802,A,N,D,C,A,A,H,-,A,A,0,,,,,Y,,A,01,0,1,1,0,0,0,0,0,0,"- ","- ",,,YOLO,WOODLAND,,
9299757,2021,2021-09-03,5703,2021-07-24,1338,2625,43,6,5,4,5703,0,0,0,,0,001,"E BEAMER ST","N PIONEER AV",282.00,W,N,A,-,N,,,,,,,,,,N,4,0,1,2,A,-,05,21650,1,N,D,G,A,A,H,-,A,D,0,,Y,,,Y,,L,04,0,0,1,0,0,0,1,0,0,"- ","- ",38.684551239013672,-121.74683380126953,YOLO,WOODLAND,-121.74777984619141,38.684490203857422
9300058,2021,2021-08-26,5701,2021-07-13,1914,235,5,2,5,5,5701,0,0,0,,0,002,"L ST",CROSSWALK,51.00,N,N,A,-,N,,,,,,,,,,N,3,0,1,2,A,-,12,21453,A,F,D,G,A,A,H,-,A,A,0,,Y,,Y,Y,,L,,0,1,0,0,0,0,1,0,0,"- ","- ",38.54840087890625,-121.73442077636719,YOLO,DAVIS,,
9300059,2021,2021-08-24,5701,2021-07-15,1404,121,7,4,5,5,5701,0,0,0,,0,003,"2ND ST","CANTRILL DR",0.00,,Y,A,-,N,,,,,,,,,,Y,3,0,1,2,A,-,03,22350,,N,C,C,A,A,H,-,A,A,0,,,,,Y,,-,,0,1,0,0,0,0,0,0,0,"- ","- ",38.548271179199219,-121.72051239013672,YOLO,DAVIS,-121.72010040283203,38.547954559326172
9300060,2021,2021-08-24,5701,2021-07-16,1535,231,4,5,5,5,5701,0,0,0,,0,002,"14TH ST","B ST",0.00,,Y,A,-,N,,,,,,,,,,N,3,0,1,2,A,-,03,22350,,N,C,C,A,A,H,-,A,A,0,,,,,Y,,A,07,0,1,0,0,0,0,0,0,0,"- ","- ",38.556159973144531,-121.74749755859375,YOLO,DAVIS,-121.74754333496094,38.55609130859375
9301802,2021,2023-06-17,5701,2021-08-23,0902,127,7,1,5,5,5701,0,0,0,,0,003,"EAST COVELL BL","ALHAMBRA DR",2948.00,E,N,A,-,N,,,,,,,,,,Y,1,1,0,1,A,-,03,22350,,N,E,I,A,A,H,-,C,D,0,,,,,Y,Y,A,01,0,0,0,0,0,0,0,0,0,CN,"- ",38.563758850097656,-121.7022705078125,YOLO,DAVIS,-121.69930267333984,38.565010070800781
9301938,2021,2021-10-07,5701,2021-08-24,1250,127,5,2,5,5,5701,0,0,0,,0,002,"EAST COVELL BL","E COVELL BL  1414",0.00,,Y,A,-,N,,,,,,,,,,N,3,0,1,2,-,-,"- ",,,N,H,G,A,A,H,-,A,A,0,,Y,,,Y,,-,"- ",0,1,0,0,0,0,1,0,0,"- ","- ",38.560951232910156,-121.73310089111328,YOLO,DAVIS,-121.74484252929688,38.560661315917969
9303679,2021,2021-10-20,5704,2021-08-02,1235,06554,,1,5,4,5704,0,0,0,,0,003,"SOUTHPORT PKWY","PROMENADE ST",0.00,,Y,A,-,N,,,,,,,,,,Y,4,0,2,2,A,-,12,21453,A,N,D,C,A,A,H,-,A,A,0,,,,,Y,,A,01,0,0,2,0,0,0,0,0,0,"- ","- ",38.545589447021484,-121.56858062744141,YOLO,"WEST SACRAMENTO",-121.56862640380859,38.545585632324219
9307560,2021,2021-10-12,5703,2021-08-11,1847,2899,72,3,5,4,5703,0,0,0,,0,003,"W MAIN ST","ASHLEY AV",0.00,,Y,A,-,,,,,,,,,,,,3,0,1,2,A,-,01,23152,A,N,D,C,A,A,H,-,A,A,0,,,,,Y,Y,A,01,0,1,0,0,0,0,0,0,0,"- ","- ",38.677631378173828,-121.79794311523438,YOLO,WOODLAND,-121.79792785644531,38.677642822265625
9308815,2021,2021-10-08,5701,2021-08-26,0815,127,3,4,5,5,5701,0,0,0,,0,001,"EAST COVELL BL","F ST",425.00,E,N,A,-,N,,,,,,,,,,Y,3,0,2,2,A,-,03,22350,,N,C,C,A,A,H,-,A,A,0,,,,,Y,,A,01,0,2,0,0,0,0,0,0,0,"- ","- ",38.544910430908203,-121.74051666259766,YOLO,DAVIS,-121.74335479736328,38.560649871826172
9313103,2021,2021-10-13,5701,2021-08-02,1530,235,4,1,5,5,5701,0,0,0,,0,002,"RUSSELL BL","A ST",50.00,W,N,A,-,N,,,,,,,,,,N,3,0,1,2,A,-,03,22350,,M,C,C,A,A,H,-,A,A,0,,,,,Y,,A,01,0,1,0,0,0,0,0,0,0,"- ","- ",38.546131134033203,-121.74722290039062,YOLO,DAVIS,-121.74793243408203,38.546161651611328
9314085,2021,2021-09-20,5703,2021-08-17,1315,2891,12,2,5,4,5703,0,0,0,,0,003,"LINCOLN AV","5TH ST",0.00,,Y,A,-,N,,,,,,,,,,N,3,0,1,2,A,-,12,22450,A,N,H,G,A,A,H,-,A,A,0,,Y,,,Y,,L,04,0,1,0,0,0,0,1,0,0,"- ","- ",38.6756591796875,-121.76828002929688,YOLO,WOODLAND,-121.76828765869141,38.675575256347656