CASE_ID,ACCIDENT_YEAR,PROC_DATE,JURIS,COLLISION_DATE,COLLISION_TIME,OFFICER_ID,REPORTING_DISTRICT,DAY_OF_WEEK,CHP_SHIFT,POPULATION,CNTY_CITY_LOC,SPECIAL_COND,BEAT_TYPE,CHP_BEAT_TYPE,CITY_DIVISION_LAPD,CHP_BEAT_CLASS,BEAT_NUMBER,PRIMARY_RD,SECONDARY_RD,DISTANCE,DIRECTION,INTERSECTION,WEATHER_1,WEATHER_2,STATE_HWY_IND,CALTRANS_COUNTY,CALTRANS_DISTRICT,STATE_ROUTE,ROUTE_SUFFIX,POSTMILE_PREFIX,POSTMILE,LOCATION_TYPE,RAMP_INTERSECTION,SIDE_OF_HWY,TOW_AWAY,COLLISION_SEVERITY,NUMBER_KILLED,NUMBER_INJURED,PARTY_COUNT,PRIMARY_COLL_FACTOR,PCF_CODE_OF_VIOL,PCF_VIOL_CATEGORY,PCF_VIOLATION,PCF_VIOL_SUBSECTION,HIT_AND_RUN,TYPE_OF_COLLISION,MVIW,PED_ACTION,ROAD_SURFACE,ROAD_COND_1,ROAD_COND_2,LIGHTING,CONTROL_DEVICE,CHP_ROAD_TYPE,PEDESTRIAN_ACCIDENT,BICYCLE_ACCIDENT,MOTORCYCLE_ACCIDENT,TRUCK_ACCIDENT,NOT_PRIVATE_PROPERTY,ALCOHOL_INVOLVED,STWD_VEHTYPE_AT_FAULT,CHP_VEHTYPE_AT_FAULT,COUNT_SEVERE_INJ,COUNT_VISIBLE_INJ,COUNT_COMPLAINT_PAIN,COUNT_PED_KILLED,COUNT_PED_INJURED,COUNT_BICYCLIST_KILLED,COUNT_BICYCLIST_INJURED,COUNT_MC_KILLED,COUNT_MC_INJURED,PRIMARY_RAMP,SECONDARY_RAMP,LATITUDE,LONGITUDE,COUNTY,CITY,POINT_X,POINT_Y
9314409,2021,2021-10-14,5701,2021-08-10,1410,112,2,2,5,5,5701,0,0,0,,0,001,"RUSSELL BL","RT 113",0.00,,Y,A,-,N,,,,,,,,,,N,3,0,1,2,A,-,12,21453,A,N,D,C,A,A,H,-,A,A,0,,,,,Y,,A,01,0,1,0,0,0,0,0,0,0,"- ",SF,38.546428680419922,-121.76405334472656,YOLO,DAVIS,-121.76823425292969,38.546352386474609
9315629,2021,2021-09-29,5704,2021-08-18,1744,06092,,3,5,4,5704,0,0,0,,0,003,"DEL MONTE ST","TERMINAL ST",273.00,E,N,A,-,N,,,,,,,,,,N,3,0,1,2,A,-,04,21703,,N,C,C,A,A,H,-,A,D,0,,,,,Y,,A,01,0,1,0,0,0,0,0,0,0,"- ","- ",38.569778442382812,-121.5413818359375,YOLO,"WEST SACRAMENTO",-121.54039764404297,38.569820404052734
9316135,2021,2021-09-18,5704,2021-08-15,1912,06700,,7,5,4,5704,0,0,0,,0,001,"REED AV","RIVERSIDE PKWY",0.00,,Y,A,-,N,,,,,,,,,,Y,3,0,1,1,A,-,01,23153,A,N,E,I,A,A,H,-,A,D,0,,,,,Y,Y,A,07,0,1,0,0,0,0,0,0,0,"- ","- ",38.592601776123047,-121.56215667724609,YOLO,"WEST SACRAMENTO",-121.56221008300781,38.592647552490234
9316136,2021,2021-09-18,5704,2021-08-11,1345,06616,,3,5,4,5704,0,0,0,,0,003,"JEFFERSON BL","MANCHESTER ST",300.00,N,N,A,-,N,,,,,,,,,,Y,3,0,2,3,A,-,04,21703,,N,C,C,A,A,H,-,A,A,0,,,,,Y,,A,01,0,2,0,0,0,0,0,0,0,"- ","- ",38.553359985351562,-121.53652191162109,YOLO,"WEST SACRAMENTO",-121.53588104248047,38.554061889648438
9316137,2021,2021-09-18,5704,2021-08-11,1358,06698,,3,5,4,5704,0,0,0,,0,003,"JEFFERSON BL","LAKE WASHINGTON BL",500.00,N,N,A,-,N,,,,,,,,,,N,4,0,1,2,A,-,03,22350,,N,C,C,A,A,H,-,A,D,0,,,,,Y,,A,01,0,0,1,0,0,0,0,0,0,"- ","- ",38.552661895751953,-121.53723907470703,YOLO,"WEST SACRAMENTO",-121.53621673583984,38.553764343261719
9316138,2021,2021-09-18,5704,2021-08-18,1508,06092,,3,5,4,5704,0,0,0,,0,003,"JEFFERSON BL","ARMFIELD AV",1440.00,S,N,A,-,N,,,,,,,,,,Y,3,0,1,1,A,-,05,21650,,N,H,A,A,A,H,-,A,D,0,,,,,Y,,A,01,0,1,0,0,0,0,0,0,0,"- ","- ",38.507999420166016,-121.57879638671875,YOLO,"WEST SACRAMENTO",-121.58216094970703,38.5048828125
9317326,2021,2021-09-22,5701,2021-08-01,2026,237,1,7,5,5,5701,0,0,0,,0,001,"SHASTA DR","COVELL BL",61.00,E,N,A,-,N,,,,,,,,,,N,4,0,1,2,A,-,03,22350,,N,C,C,A,A,H,-,A,D,0,,,,,Y,,A,01,0,0,1,0,0,0,0,0,0,"- ","- ",38.560848236083984,-121.77268981933594,YOLO,DAVIS,-121.77259826660156,38.560890197753906
9320229,2021,2021-12-23,5703,2021-12-05,1002,2070,51,7,5,4,5703,0,0,0,,0,004,"PIONEER AV","MERRIT CT",25.00,N,N,B,-,N,,,,,,,,,,Y,1,1,1,1,A,-,08,22107,,N,E,I,A,B,H,-,A,D,0,,,,,Y,,A,07,1,0,0,0,0,0,0,0,0,"- ","- ",38.67041015625,-121.74224090576172,YOLO,WOODLAND,-121.74227142333984,38.670505523681641
9321779,2021,2021-10-14,5704,2021-09-10,1629,06698,,5,5,4,5704,0,0,0,,0,002,"JEFFERSON BL","MERKLEY AV",20.00,S,N,A,-,N,,,,,,,,,,N,4,0,1,2,A,-,03,22350,,N,C,C,A,A,H,-,A,A,0,,,,,Y,,D,22,0,0,1,0,0,0,0,0,0,"- ","- ",38.579311370849609,-121.52597045898438,YOLO,"WEST SACRAMENTO",-121.52605438232422,38.579257965087891
9322024,2021,2021-10-20,5704,2021-09-07,0945,06698,,2,5,4,5704,0,0,0,,0,002,"WEST CAPITOL AV","JEFFERSON BL",200.00,W,N,A,-,N,,,,,,,,,,N,4,0,1,2,A,-,09,21801,,N,D,G,A,A,H,-,A,D,0,,Y,,,Y,,A,01,0,0,1,0,0,0,1,0,0,"- ","- ",38.580661773681641,-121.52651977539062,YOLO,"WEST SACRAMENTO",-121.52734375,38.580638885498047
9322025,2021,2021-10-20,5704,2021-09-18,1020,06579,,6,5,4,5704,0,0,0,,0,003,"LINDEN RD","JEFFERSON BL",0.00,,Y,A,-,N,,,,,,,,,,Y,3,0,1,2,A,-,09,21453,C,N,A,C,A,A,H,-,A,A,0,,,,,Y,,A,07,0,1,0,0,0,0,0,0,0,"- ","- ",38.550178527832031,-121.53964996337891,YOLO,"WEST SACRAMENTO",-121.54969787597656,38.539432525634766
9323366,2021,2021-10-04,5704,2021-08-28,1444,06088,,6,5,4,5704,0,0,0,,0,002,"DEL MONTE ST","TERMINAL ST",0.00,,Y,A,-,N,,,,,,,,,,Y,4,0,2,2,A,-,12,22450,,N,D,C,A,A,H,-,A,D,0,,,,,Y,,A,01,0,0,2,0,0,0,0,0,0,"- ","- ",38.569778442382812,-121.5413818359375,YOLO,"WEST SACRAMENTO",-121.54135131835938,38.56982421875
9323424,2021,2021-10-20,5704,2021-09-05,2251,06092,,7,5,4,5704,0,0,0,,0,002,"SOUTH RIVER RD","LOCKS DR",2144.00,N,N,A,-,N,,,,,,,,,,N,2,0,1,2,A,-,10,21954,B,F,G,B,E,A,H,-,D,D,0,Y,,,,Y,Y,-,99,1,0,0,0,1,0,0,0,0,"- ","- ",38.5601806640625,-121.52333831787109,YOLO,"WEST SACRAMENTO",-121.53150177001953,38.560588836669922
9323840,2021,2021-11-09,5701,2021-09-02,1315,127,1,4,5,5,5701,0,0,0,,0,001,"SHASTA DR","HAMPTON DR",0.00,,Y,A,-,N,,,,,,,,,,N,3,0,2,2,D,-,00,,,N,H,G,A,A,H,-,A,A,0,,Y,,,Y,,-,"- ",0,2,0,0,0,0,2,0,0,"- ","- ",38.55548095703125,-121.77265930175781,YOLO,DAVIS,-121.77265930175781,38.555515289306641
9323926,2021,2021-09-15,5701,2021-08-12,1315,112,3,4,5,5,5701,0,0,0,,0,001,"WEST COVELL BL","COVELL BL",29.00,S,N,A,-,N,,,,,,,,,,N,2,0,1,2,A,-,07,21658,A,N,H,G,A,A,H,-,A,D,0,,Y,,,Y,,L,04,1,0,0,0,0,0,1,0,0,"- ","- ",38.562461853027344,-121.76519775390625,YOLO,DAVIS,-121.74484252929688,38.560661315917969
9324206,2021,2021-09-27,5704,2021-08-11,1505,00165,,3,5,4,5704,0,0,0,,0,001,"SACRAMENTO AV","DOUGLAS ST",0.00,,Y,A,-,N,,,,,,,,,,N,3,0,1,2,A,-,09,21801,A,N,A,G,A,A,H,-,A,D,0,,Y,,,Y,,A,01,0,1,0,0,0,0,1,0,0,"- ","- ",38.588821411132812,-121.52068328857422,YOLO,"WEST SACRAMENTO",-121.52069854736328,38.588813781738281
9324208,2021,2021-09-27,5704,2021-08-21,2158,06653,,6,5,4,5704,0,0,0,,0,002,"HARBOR BL","INDUSTRIAL BL",0.00,,Y,A,-,N,,,,,,,,,,Y,4,0,1,1,A,-,05,21650,,N,E,I,A,A,H,-,C,D,0,,,,,Y,,A,01,0,0,1,0,0,0,0,0,0,"- ","- ",38.956951141357422,-121.54952239990234,YOLO,"WEST SACRAMENTO",-121.54953765869141,38.569465637207031
9324346,2021,2021-11-10,5704,2021-09-03,1536,06698,,5,5,4,5704,0,0,0,,0,003,"SOUTH RIVER RD","BURROWS AV",2112.00,S,N,A,-,N,,,,,,,,,,Y,3,0,1,1,A,-,03,22350,,N,E,I,A,A,H,-,A,D,0,,,,,Y,,A,01,0,1,0,0,0,0,0,0,0,"- ","- ",38.509349822998047,-121.55677032470703,YOLO,"WEST SACRAMENTO",-121.56001281738281,38.504066467285156
9324812,2021,2021-09-29,5703,2021-08-18,2336,2124,42,3,5,4,5703,0,0,0,,0,002,"BEAMER ST","LOCUST ST",126.00,W,N,-,-,N,,,,,,,,,,Y,2,0,1,1,A,-,01,23152,A,N,E,I,A,A,H,-,C,D,0,,,,,Y,Y,A,01,1,0,0,0,0,0,0,0,0,"- ","- ",38.684700012207031,-121.77694702148438,YOLO,WOODLAND,-121.77734375,38.684719085693359
9324825,2021,2021-10-15,5703,2021-09-11,1633,2070,22,6,5,4,5703,0,0,0,,0,002,"BEAMER ST","BLISS AV",0.00,,Y,A,-,N,,,,,,,,,,N,4,0,1,2,A,-,09,21801,A,N,D,C,A,A,H,-,A,D,0,,,,,Y,,A,01,0,0,1,0,0,0,0,0,0,"- ","- ",38.684680938720703,-121.76920318603516,YOLO,WOODLAND,-121.769287109375,38.684673309326172
9325166,2021,2021-10-20,5704,2021-09-03,1650,06579,,5,5,4,5704,0,0,0,,0,001,"SACRAMENTO AV","SUNSET AV",0.00,,Y,A,-,N,,,,,,,,,,Y,3,0,4,2,A,-,09,21802,A,N,D,C,A,A,H,-,A,A,0,,,,,Y,,D,22,0,3,1,0,0,0,0,0,0,"- ","- ",38.591228485107422,-121.54196166992188,YOLO,"WEST SACRAMENTO",-121.5421142578125,38.591262817382812
9325781,2021,2021-10-07,5703,2021-08-06,1620,2891,,5,5,4,5703,0,0,0,,0,,"EAST MAIN ST","PIONEER AV",50.00,W,N,A,-,N,,,,,,,,,,Y,4,0,1,2,A,-,03,22350,,N,C,C,A,A,H,-,A,A,0,,,,,Y,,A,01,0,0,1,0,0,0,0,0,0,"- ","- ",38.677158355712891,-121.74691772460938,YOLO,WOODLAND,-121.74709320068359,38.677261352539062
9326720,2021,2021-10-23,5701,2021-09-22,1950,121,7,3,5,5,5701,0,0,0,,0,003,"LOYOLA DR","ALHAMBRA DR",300.00,W,N,A,-,N,,,,,,,,,,Y,3,0,1,1,A,-,03,22350,,N,E,I,A,A,H,-,C,D,0,,,,,Y,,A,01,0,1,0,0,0,0,0,0,0,"- ","- ",38.55841064453125,-121.70919036865234,YOLO,DAVIS,-121.70964813232422,38.559413909912109
9336835,2021,2021-10-12,5702,2021-08-17,2030,538,5702,2,5,2,5702,0,0,0,,0,,"RAILROAD AV","NIEMANN ST",245.00,N,N,A,-,N,,,,,,,,,,Y,3,0,1,2,A,-,08,22107,,F,B,C,A,A,H,-,D,D,0,,,,,Y,,A,01,0,1,0,0,0,0,0,0,0,"- ","- ",,,YOLO,WINTERS,-121.97110748291016,38.530910491943359
9337121,2021,2021-10-26,5701,2021-09-15,0923,109,6,3,5,5,5701,0,0,0,,0,003,"POLE LINE RD","COVELL BL",0.00,,Y,A,-,N,,,,,,,,,,N,3,0,1,2,A,-,12,21453,A,N,H,G,A,A,H,-,A,A,0,,Y,,,Y,Y,L,04,0,1,0,0,0,0,1,0,0,"- ","- ",38.562389373779297,-121.73107147216797,YOLO,DAVIS,-121.73106384277344,38.562400817871094
9337431,2021,2021-10-29,5701,2021-09-21,0847,112,1,2,5,5,5701,0,0,0,,0,001,"WEST COVELL BL","JOHN JONES RD",732.00,E,N,A,-,N,,,,,,,,,,N,4,0,1,3,A,-,03,22350,,N,C,C,A,A,H,-,A,A,0,,,,,Y,,D,22,0,0,1,0,0,0,0,0,0,"- ","- ",38.560989379882812,-121.77043914794922,YOLO,DAVIS,-121.76788330078125,38.560958862304688
9337435,2021,2021-10-29,5701,2021-09-14,1500,127,7,2,5,5,5701,0,0,0,,0,003,"2ND ST","L ST",764.00,E,N,A,-,N,,,,,,,,,,N,3,0,1,2,A,-,03,22350,,N,C,C,A,A,H,-,A,D,0,,,,,Y,,A,01,0,1,0,0,0,0,0,0,0,"- ","- ",38.545810699462891,-121.731201171875,YOLO,DAVIS,-121.73087310791016,38.545398712158203
9337439,2021,2021-10-29,5701,2021-09-14,1424,127,9,2,5,5,5701,0,0,0,,0,004,"CHILES RD","MACE BL",93.00,E,N,A,-,N,,,,,,,,,,N,4,0,1,2,A,-,11,21950,B,N,G,B,E,A,H,-,A,A,0,Y,,,,Y,,D,22,0,0,1,0,1,0,0,0,0,"- ","- ",38.550491333007812,-121.69447326660156,YOLO,DAVIS,-121.69417572021484,38.550552368164062
9338324,2021,2021-09-28,5703,2021-08-25,0755,2842,,3,5,4,5703,0,0,0,,0,003,"EL DORADO DR","MCKINLEY AV",0.00,,Y,A,-,N,,,,,,,,,,Y,4,0,2,2,A,-,09,21801,A,N,A,C,A,A,H,-,A,D,0,,,,,Y,,D,22,0,0,2,0,0,0,0,0,0,"- ","- ",38.658279418945312,-121.78067016601562,YOLO,WOODLAND,-121.78065490722656,38.658302307128906
9339291,2021,2021-12-03,5704,2021-10-11,1554,00165,,1,5,4,5704,0,0,0,,0,001,"WEST CAPITOL AV","JEFFERSON BL",90.00,E,N,A,-,N,,,,,,,,,,Y,4,0,7,3,A,-,03,22350,,N,C,C,A,A,H,-,A,D,0,,,,,Y,,D,22,0,0,7,0,0,0,0,0,0,"- ","- ",38.580860137939453,-121.52651977539062,YOLO,"WEST SACRAMENTO",-121.52634429931641,38.580772399902344
9340648,2021,2021-11-02,5704,2021-09-24,0541,06604,,5,5,4,5704,0,0,0,,0,003,"LAKE WASHINGTON BL","JEFFERSON BL",0.00,,Y,A,-,N,,,,,,,,,,Y,4,0,2,2,A,-,09,21453,C,N,D,C,A,-,H,-,C,A,0,,,,,Y,,A,01,0,0,2,0,0,0,0,0,0,"- ","- ",38.552661895751953,-121.53723907470703,YOLO,"WEST SACRAMENTO",-121.537353515625,38.552722930908203
9340650,2021,2021-11-02,5704,2021-09-23,0745,06221,,4,5,4,5704,0,0,0,,0,002,"PINE ST","WEST CAPITOL AV",325.00,S,N,A,-,N,,,,,,,,,,N,4,0,1,2,A,-,09,21804,A,N,D,C,A,A,H,-,A,D,0,,,,,Y,,A,01,0,0,1,0,0,0,0,0,0,"- ","- ",38.578849792480469,-121.55564880371094,YOLO,"WEST SACRAMENTO",-121.55558013916016,38.577987670898438
9340651,2021,2021-11-02,5704,2021-09-22,1517,06675,,3,5,4,5704,0,0,0,,0,003,"JEFFERSON BL","LINDEN RD",237.00,S,N,A,-,N,,,,,,,,,,N,3,0,1,2,A,-,05,21460,A,N,D,C,A,A,H,-,A,D,0,,,,,Y,,M,96,0,1,0,0,0,0,0,0,0,"- ","- ",38.539501190185547,-121.54956817626953,YOLO,"WEST SACRAMENTO",-121.5501708984375,38.538894653320312
9341899,2021,2021-11-23,5704,2021-10-01,2224,06216,,5,5,4,5704,0,0,0,,0,002,"GALVESTON ST","DULUTH ST",0.00,,Y,A,-,N,,,,,,,,,,Y,3,0,1,1,A,-,05,21650,,N,A,I,A,A,H,-,C,D,0,,,,,Y,,A,01,0,1,0,0,0,0,0,0,0,"- ","- ",38.584079742431641,-121.55261993408203,YOLO,"WEST SACRAMENTO",-121.55258941650391,38.584060668945312
9342045,2021,2021-11-01,5704,2021-09-28,0747,06017,,2,5,4,5704,0,0,0,,0,002,"SOUTH RIVER RD","BRIDGE ST",1392.00,S,N,A,-,Y,YOL,3,50,-,-,2.824,R,4,E,N,3,0,1,2,A,-,11,21954,A,N,G,B,A,A,H,-,A,D,0,,,,,Y,,M,94,0,1,0,0,0,0,0,0,0,"- ","- ",38.573371887207031,-121.51908874511719,YOLO,"WEST SACRAMENTO",-121.52005767822266,38.574916839599609
9342995,2021,2021-10-21,5701,2021-09-09,1820,122,5,4,5,5,5701,0,0,0,,0,002,"3RD ST","J ST",0.00,,Y,A,-,N,,,,,,,,,,N,4,0,1,2,A,-,09,21802,A,N,D,D,A,A,H,-,A,A,0,,,,,Y,,A,01,0,0,1,0,0,0,0,0,0,"- ","- ",38.545490264892578,-121.73590850830078,YOLO,DAVIS,-121.73590850830078,38.545497894287109
9342996,2021,2021-10-21,5701,2021-09-17,0955,231,4,5,5,5,5701,0,0,0,,0,002,"RUSSELL BL","HOWARD WY",175.00,W,N,A,-,N,,,,,,,,,,N,3,0,1,2,A,-,03,22350,,N,C,C,A,A,H,-,A,D,0,,,,,Y,,A,01,0,1,0,0,0,0,0,0,0,"- ","- ",38.546188354492188,-121.75080108642578,YOLO,DAVIS,-121.75141906738281,38.546176910400391
9343058,2021,2021-10-11,5701,2021-07-17,0031,228,3,6,5,5,5701,0,0,0,,0,001,"SYCAMORE LN","QUAIL ST",125.00,N,N,A,-,N,,,,,,,,,,Y,4,0,1,1,A,-,01,23153,A,N,E,I,A,A,H,-,C,D,0,,,,,Y,Y,A,01,0,0,1,0,0,0,0,0,0,"- ","- ",38.566829681396484,-121.76555633544922,YOLO,DAVIS,-121.76682281494141,38.567558288574219
9343680,2021,2021-10-19,5701,2021-08-20,1830,231,4,5,5,5,5701,0,0,0,,0,002,"2ND ST","F ST",0.00,,Y,A,-,N,,,,,,,,,,N,3,0,1,2,A,-,12,22450,A,F,D,C,A,A,H,-,A,A,0,,,,,Y,,A,01,0,1,0,0,0,0,0,0,0,"- ","- ",38.546001434326172,-121.74069976806641,YOLO,DAVIS,-121.73995971679688,38.543434143066406
9344895,2021,2021-10-19,5704,2021-08-14,1435,06088,,6,5,4,5704,0,0,0,,0,003,"COLUMBUS RD","MESA GRANDE ST",200.00,E,N,A,-,N,,,,,,,,,,Y,3,0,1,2,A,-,08,22107,,F,C,C,A,A,H,-,A,D,0,,,,,Y,,A,01,0,1,0,0,0,0,0,0,0,"- ","- ",38.553329467773438,-121.52696228027344,YOLO,"WEST SACRAMENTO",-121.52626800537109,38.553394317626953
9344939,2021,2021-10-18,5704,2021-09-10,1653,06698,,5,5,4,5704,0,0,0,,0,001,"NORTH HARBOR BL","SUNSET AV",220.00,N,N,A,-,N,,,,,,,,,,Y,4,0,1,2,A,-,03,22350,,F,C,C,A,A,H,-,A,D,0,,,,,Y,,A,01,0,0,1,0,0,0,0,0,0,"- ","- ",38.594249725341797,-121.54624176025391,YOLO,"WEST SACRAMENTO",-121.54655456542969,38.594951629638672
9344949,2021,2021-11-04,5703,2021-09-26,1119,2012,11,7,5,4,5703,0,0,0,,0,001,"EAST MAIN ST","EAST ST",0.00,,Y,A,-,N,,,,,,,,,,N,4,0,1,2,A,-,08,22107,,N,B,C,A,A,H,-,A,D,0,,,,,Y,,A,01,0,0,1,0,0,0,0,0,0,"- ","- ",38.67742919921875,-121.76540374755859,YOLO,WOODLAND,-121.76541900634766,38.677436828613281
9344950,2021,2021-11-04,5703,2021-09-29,2207,2090,31,3,5,4,5703,0,0,0,,0,001,"EAST MAIN ST","MATMOR RD",0.00,,Y,A,-,N,,,,,,,,,,N,3,0,2,2,A,-,12,21453,A,N,A,C,A,A,H,-,C,A,0,,,,,Y,Y,A,01,0,1,1,0,0,0,0,0,0,"- ","- ",38.677330017089844,-121.75612640380859,YOLO,WOODLAND,-121.75626373291016,38.677330017089844
9346449,2021,2021-11-03,5703,2021-09-25,2141,2622,21,6,5,4,5703,0,0,0,,0,002,"E BEAMER ST","HARTER AV",354.00,E,N,A,-,N,,,,,,,,,,N,4,0,1,2,A,-,01,23152,A,N,A,C,A,A,H,-,C,D,0,,,,,Y,Y,D,22,0,0,1,0,0,0,0,0,0,"- ","- ",38.68463134765625,-121.76080322265625,YOLO,WOODLAND,-121.75952911376953,38.684619903564453
9346499,2021,2021-11-06,5701,2021-09-19,0135,120,5,7,5,5,5701,0,0,0,,0,002,"EAST COVELL BL","POLE LINE RD",580.00,W,N,A,-,N,,,,,,,,,,Y,4,0,1,1,A,-,01,23152,A,N,E,I,A,A,H,-,C,D,0,,,,,Y,,A,01,0,0,1,0,0,0,0,0,0,"- ","- ",38.561111450195312,-121.73532867431641,YOLO,DAVIS,-121.73298645019531,38.561958312988281
9350877,2021,2021-11-10,5701,2021-10-20,1341,40,6,3,5,5,5701,0,0,0,,0,003,"POLE LINE RD","EAST 8TH ST",0.00,,Y,B,-,N,,,,,,,,,,Y,3,0,1,3,A,-,12,21453,A,N,D,C,A,A,H,-,A,A,0,,,,,Y,,D,82,0,1,0,0,0,0,0,0,0,"- ","- ",38.553371429443359,-121.72737121582031,YOLO,DAVIS,-121.72732543945312,38.553371429443359
9351398,2021,2021-11-17,5701,2021-10-26,1400,238,8,2,5,5,5701,0,0,0,,0,004,"MONTGOMERY AV","RAINIER ST",0.00,,Y,A,-,N,,,,,,,,,,N,3,0,2,2,A,-,09,21800,B,N,H,G,A,A,H,-,A,D,0,,Y,,,Y,,A,01,0,2,0,0,0,0,2,0,0,"- ","- ",38.53839111328125,-121.71794891357422,YOLO,DAVIS,-121.71797943115234,38.538387298583984
9351628,2021,2021-11-13,5701,2021-09-28,1823,238,6,2,5,5,5701,0,0,0,,0,003,"EAST COVELL BL","BIRCH LN",20.00,E,N,A,-,N,,,,,,,,,,N,3,0,1,2,A,-,12,21453,A,N,H,G,A,A,H,-,B,A,0,,Y,,,Y,,A,01,0,1,0,0,0,0,1,0,0,"- ","- ",38.562641143798828,-121.72801208496094,YOLO,DAVIS,-121.72797393798828,38.562652587890625
9351632,2021,2021-11-13,5701,2021-09-23,1809,234,2,4,5,5,5701,0,0,0,,0,001,"SYCAMORE LN","HAWTHORN LN",100.00,S,N,A,-,N,,,,,,,,,,N,3,0,1,2,A,-,08,22107,,N,H,A,A,A,H,-,A,D,0,,Y,Y,,Y,,L,04,0,1,0,0,0,0,0,0,1,"- ","- ",38.546279907226562,-121.76181030273438,YOLO,DAVIS,-121.76212310791016,38.548187255859375
9353562,2021,2021-11-06,5704,2021-10-17,1449,06616,,7,5,4,5704,0,0,0,,0,002,"WEST CAPITOL AV","RT 80",900.00,E,N,B,G,N,,,,,,,,,,Y,4,0,2,2,A,-,04,21703,,N,C,C,A,A,D,-,A,D,0,,,,,Y,,A,01,0,0,2,0,0,0,0,0,0,"- ",WF,,,YOLO,"WEST SACRAMENTO",-121.55788421630859,38.578731536865234
9355602,2021,2021-10-29,5704,2021-10-07,1209,06017,,4,5,4,5704,0,0,0,,0,002,"WEST CAPITOL AV","JEFFERSON BL",164.00,W,N,A,-,N,,,,,,,,,,Y,2,0,1,1,A,-,08,22107,,N,E,I,A,A,H,-,A,D,0,,,,,Y,,A,07,1,0,0,0,0,0,0,0,0,"- ","- ",38.580661773681641,-121.52651977539062,YOLO,"WEST SACRAMENTO",-121.52721405029297,38.580654144287109
9356329,2021,2021-11-06,5704,2021-10-09,1601,06062,,6,5,4,5704,0,0,0,,0,003,"JEFFERSON BL","STONE BL",807.00,S,N,A,-,N,,,,,,,,,,N,4,0,1,2,A,-,01,23152,B,N,C,C,A,A,H,-,A,A,0,,,,,Y,Y,A,01,0,0,1,0,0,0,0,0,0,"- ","- ",38.5631103515625,-121.52770233154297,YOLO,"WEST SACRAMENTO",-121.52893829345703,38.561031341552734
9356330,2021,2021-11-06,5704,2021-10-17,1350,06011,,7,5,4,5704,0,0,0,,0,001,"REED AV","STILLWATER RD",544.00,E,N,A,-,N,,,,,,,,,,N,4,0,1,2,A,-,03,22350,,N,C,C,A,A,H,-,A,A,0,,,,,Y,,A,01,0,0,1,0,0,0,0,0,0,"- ","- ",38.592128753662109,-121.55536651611328,YOLO,"WEST SACRAMENTO",-121.55356597900391,38.592006683349609
9356417,2021,2021-11-10,5704,2021-10-16,1729,06062,,6,5,4,5704,0,0,0,,0,003,"CARDINAL CT","AUDUBON DR",168.00,S,N,A,-,N,,,,,,,,,,N,3,0,1,1,A,-,03,22350,,N,E,J,A,A,H,-,A,D,0,,,Y,,Y,,C,02,0,1,0,0,0,0,0,0,1,"- ","- ",38.542789459228516,-121.57465362548828,YOLO,"WEST SACRAMENTO",-121.57456970214844,38.542339324951172
9356475,2021,2021-11-02,5704,2021-09-28,1937,06208,,2,5,4,5704,0,0,0,,0,001,"5TH ST","F ST",0.00,,Y,A,-,N,,,,,,,,,,Y,4,0,4,2,A,-,09,21802,A,N,D,C,A,A,H,-,C,D,0,,,,,Y,,A,01,0,0,4,0,0,0,0,0,0,"- ","- ",38.584918975830078,-121.51351928710938,YOLO,"WEST SACRAMENTO",-121.5135498046875,38.584880828857422
9360256,2021,2021-11-19,5701,2021-10-10,1525,229,6,7,5,5,5701,0,0,0,,0,003,"E 8TH ST","POLE LINE RD",12.00,W,N,A,-,N,,,,,,,,,,N,4,0,2,2,A,-,03,22350,,N,D,C,A,A,B,D,A,A,0,,,,,Y,,A,01,0,0,2,0,0,0,0,0,0,"- ","- ",38.553371429443359,-121.72737121582031,YOLO,DAVIS,-121.72736358642578,38.553367614746094
9360531,2021,2021-12-09,5701,2021-10-11,0942,112,4,1,5,5,5701,0,0,0,,0,002,"E 8TH ST","B ST",0.00,,Y,A,G,N,,,,,,,,,,N,3,0,1,2,A,-,12,21453,A,N,D,C,A,A,H,-,A,A,0,,,,,Y,,-,,0,1,0,0,0,0,0,0,0,"- ","- ",38.550678253173828,-121.74635314941406,YOLO,DAVIS,-121.74636077880859,38.550670623779297