CASE_ID,ACCIDENT_YEAR,PROC_DATE,JURIS,COLLISION_DATE,COLLISION_TIME,OFFICER_ID,REPORTING_DISTRICT,DAY_OF_WEEK,CHP_SHIFT,POPULATION,CNTY_CITY_LOC,SPECIAL_COND,BEAT_TYPE,CHP_BEAT_TYPE,CITY_DIVISION_LAPD,CHP_BEAT_CLASS,BEAT_NUMBER,PRIMARY_RD,SECONDARY_RD,DISTANCE,DIRECTION,INTERSECTION,WEATHER_1,WEATHER_2,STATE_HWY_IND,CALTRANS_COUNTY,CALTRANS_DISTRICT,STATE_ROUTE,ROUTE_SUFFIX,POSTMILE_PREFIX,POSTMILE,LOCATION_TYPE,RAMP_INTERSECTION,SIDE_OF_HWY,TOW_AWAY,COLLISION_SEVERITY,NUMBER_KILLED,NUMBER_INJURED,PARTY_COUNT,PRIMARY_COLL_FACTOR,PCF_CODE_OF_VIOL,PCF_VIOL_CATEGORY,PCF_VIOLATION,PCF_VIOL_SUBSECTION,HIT_AND_RUN,TYPE_OF_COLLISION,MVIW,PED_ACTION,ROAD_SURFACE,ROAD_COND_1,ROAD_COND_2,LIGHTING,CONTROL_DEVICE,CHP_ROAD_TYPE,PEDESTRIAN_ACCIDENT,BICYCLE_ACCIDENT,MOTORCYCLE_ACCIDENT,TRUCK_ACCIDENT,NOT_PRIVATE_PROPERTY,ALCOHOL_INVOLVED,STWD_VEHTYPE_AT_FAULT,CHP_VEHTYPE_AT_FAULT,COUNT_SEVERE_INJ,COUNT_VISIBLE_INJ,COUNT_COMPLAINT_PAIN,COUNT_PED_KILLED,COUNT_PED_INJURED,COUNT_BICYCLIST_KILLED,COUNT_BICYCLIST_INJURED,COUNT_MC_KILLED,COUNT_MC_INJURED,PRIMARY_RAMP,SECONDARY_RAMP,LATITUDE,LONGITUDE,COUNTY,CITY,POINT_X,POINT_Y
9360532,2021,2021-12-09,5701,2021-10-22,1525,229,8,5,5,5,5701,0,0,0,,0,004,"DREW CIR","COWELL BL",18.00,S,N,A,-,N,,,,,,,,,,N,3,0,1,2,A,-,08,22107,,N,D,C,A,A,H,-,A,A,0,,,,,Y,,-,,0,1,0,0,0,0,0,0,0,"- ","- ",38.539890289306641,-121.72711181640625,YOLO,DAVIS,-121.72714233398438,38.539840698242188
9361388,2021,2021-12-03,5704,2021-10-10,1408,06675,,7,5,4,5704,0,0,0,,0,002,"HARBOR BL","RICE AV",0.00,,Y,A,-,N,,,,,,,,,,Y,3,0,1,2,A,-,12,21453,A,F,D,C,A,A,H,-,A,A,0,,,,,Y,,A,01,0,1,0,0,0,0,0,0,0,"- ","- ",38.586101531982422,-121.54685211181641,YOLO,"WEST SACRAMENTO",-121.54679870605469,38.586124420166016
9361400,2021,2021-12-21,5704,2021-11-04,0819,06216,,4,5,4,5704,0,0,0,,0,002,"TOWER BRIDGE GATEWAY","5TH ST",0.00,,Y,A,-,N,,,,,,,,,,Y,4,0,1,2,A,-,09,21453,C,N,D,C,A,B,H,-,A,A,0,,,,,Y,,D,22,0,0,1,0,0,0,0,0,0,"- ","- ",38.582069396972656,-121.51415252685547,YOLO,"WEST SACRAMENTO",-121.51421356201172,38.582065582275391
9361404,2021,2021-12-09,5704,2021-10-29,1629,06062,,5,5,4,5704,0,0,0,,0,002,"HARBOR BL","WEST CAPITOL AV",331.00,N,N,A,-,N,,,,,,,,,,Y,3,0,1,2,A,-,03,22350,,N,C,C,A,A,H,-,A,D,0,,,,,Y,,A,01,0,1,0,0,0,0,0,0,0,"- ","- ",38.579269409179688,-121.54869842529297,YOLO,"WEST SACRAMENTO",-121.54874420166016,38.580127716064453
9361416,2021,2021-12-03,5704,2021-10-22,1423,06698,,5,5,4,5704,0,0,0,,0,001,"SACRAMENTO AV","BRYTE AV",0.00,,Y,A,-,N,,,,,,,,,,N,4,0,1,3,A,-,03,22350,,N,C,C,A,A,H,-,A,A,0,,,,Y,Y,,G,25,0,0,1,0,0,0,0,0,0,"- ","- ",38.590599060058594,-121.53661346435547,YOLO,"WEST SACRAMENTO",-121.53666687011719,38.590560913085938
9361824,2021,2021-12-14,5704,2021-10-22,2002,06675,,5,5,4,5704,0,0,0,,0,003,"V ILLAGE PKWY","STONEGATE DR",0.00,,Y,A,-,N,,,,,,,,,,Y,3,0,1,1,A,-,03,22350,,N,E,I,A,A,H,-,C,D,0,,,Y,,Y,,C,02,0,1,0,0,0,0,0,0,1,"- ","- ",38.564449310302734,-121.52162170410156,YOLO,"WEST SACRAMENTO",-121.52181243896484,38.554527282714844
9361825,2021,2021-12-14,5704,2021-10-30,1843,06672,,6,5,4,5704,0,0,0,,0,003,"VILLAGE PKWY","CHICORY LOOP W",1584.00,S,N,A,-,N,,,,,,,,,,N,3,0,1,1,A,-,05,21650,,N,H,A,A,A,H,-,D,D,0,,,Y,,Y,,C,02,0,1,0,0,0,0,0,0,1,"- ","- ",38.545459747314453,-121.52928161621094,YOLO,"WEST SACRAMENTO",-121.53294372558594,38.532146453857422
9361972,2021,2021-11-24,5703,2021-11-07,0711,2012,91,7,5,4,5703,0,0,0,,0,004,"EAST MAIN ST","COUNTY ROAD 102",0.00,,Y,A,-,N,,,,,,,,,,Y,4,0,1,2,A,-,09,21453,B,N,B,C,A,A,H,-,A,A,0,,,,,Y,,D,72,0,0,1,0,0,0,0,0,0,"- ","- ",38.677181243896484,-121.72853851318359,YOLO,WOODLAND,-121.72850036621094,38.677078247070312
9362071,2021,2021-12-29,5704,2021-11-01,1258,06675,,1,5,4,5704,0,0,0,,0,002,"DEL MONTE ST","SHORE ST",457.00,E,N,C,-,N,,,,,,,,,,Y,3,0,1,2,A,-,09,21804,A,N,D,C,A,B,H,-,A,D,0,,,,,Y,,A,01,0,1,0,0,0,0,0,0,0,"- ","- ",38.569000244140625,-121.54599761962891,YOLO,"WEST SACRAMENTO",-121.54463195800781,38.569820404052734
9362072,2021,2021-12-29,5704,2021-11-07,1313,06675,,7,5,4,5704,0,0,0,,0,002,"JEFFERSON BL","PARK BL",0.00,,Y,A,-,N,,,,,,,,,,Y,3,0,4,2,A,-,01,23152,B,N,D,C,A,A,H,-,A,A,0,,,,,Y,Y,A,01,0,2,2,0,0,0,0,0,0,"- ","- ",38.576229095458984,-121.52481079101562,YOLO,"WEST SACRAMENTO",-121.52484130859375,38.576240539550781
9362348,2021,2021-11-30,5701,2021-10-28,1200,239,4,4,5,5,5701,0,0,0,,0,002,"F ST","3RD ST",177.00,S,N,A,-,N,,,,,,,,,,N,3,0,1,2,A,-,10,21950,A,F,G,B,C,A,H,-,A,D,0,Y,,,,Y,,A,01,0,1,0,0,1,0,0,0,0,"- ","- ",38.543941497802734,-121.73977661132812,YOLO,DAVIS,-121.74018859863281,38.544265747070312
9362462,2021,2021-12-16,5701,2021-11-02,1713,235,3,2,5,5,5701,0,0,0,,0,001,"RUSSELL BL","CALIFORNIA AV",5.00,W,N,A,-,N,,,,,,,,,,N,3,0,1,2,A,-,10,21950,A,N,G,B,C,A,H,-,A,A,0,Y,,,,Y,,D,22,0,1,0,0,1,0,0,0,0,"- ","- ",38.546298980712891,-121.7540283203125,YOLO,DAVIS,-121.75405120849609,38.546188354492188
9362694,2021,2021-12-23,5701,2021-11-01,1217,225,4,1,5,5,5701,0,0,0,,0,002,"F ST","E 8TH ST",137.00,N,N,B,C,N,,,,,,,,,,Y,3,0,1,2,A,-,09,21804,A,N,D,C,A,B,H,-,A,D,0,,,,,Y,,D,22,0,1,0,0,0,0,0,0,0,"- ","- ",38.551399230957031,-121.74201202392578,YOLO,DAVIS,-121.74214935302734,38.551753997802734
9365030,2021,2021-12-29,5704,2021-11-29,1236,06675,,1,5,4,5704,0,0,0,,0,002,"JEFFERSON BL","PARK BL",0.00,,Y,A,-,N,,,,,,,,,,Y,4,0,2,2,A,-,12,21453,A,N,D,C,A,A,H,-,A,A,0,,,,,Y,,A,01,0,0,2,0,0,0,0,0,0,"- ","- ",38.576229095458984,-121.52481079101562,YOLO,"WEST SACRAMENTO",-121.52484130859375,38.576240539550781
9365032,2021,2021-12-29,5704,2021-11-09,2131,06092,,2,5,4,5704,0,0,0,,0,002,"TOWER BRIDGE GATEWAY","5TH ST",0.00,,Y,A,-,N,,,,,,,,,,Y,3,0,1,2,A,-,09,21453,C,N,A,C,A,A,H,-,C,A,0,,,,,Y,,A,07,0,1,0,0,0,0,0,0,0,"- ","- ",38.582069396972656,-121.51415252685547,YOLO,"WEST SACRAMENTO",-121.51421356201172,38.582065582275391
9366119,2021,2021-12-03,5701,2021-10-21,0911,225,9,4,5,5,5701,0,0,0,,0,004,"CHILE R","MACE BL",845.00,W,N,C,-,N,,,,,,,,,,N,3,0,1,2,A,-,08,22107,,N,B,C,A,B,H,-,A,D,0,,,,,Y,,D,22,0,1,0,0,0,0,0,0,0,"- ","- ",38.551090240478516,-121.70097351074219,YOLO,DAVIS,-121.69735717773438,38.550891876220703
9366447,2021,2021-11-19,5701,2021-10-26,1919,234,1,2,5,5,5701,0,0,0,,0,001,"RT 113","RUSSELL BL",32.00,S,N,A,-,N,,,113,,,,,,,N,2,0,1,2,A,-,08,22107,,N,H,G,A,A,H,-,C,A,0,,Y,,,Y,,A,01,1,0,0,0,0,0,1,0,0,SO,"- ",38.546218872070312,-121.76799774169922,YOLO,DAVIS,-121.7679443359375,38.546215057373047
9366534,2021,2021-11-30,5701,2021-10-17,1232,223,7,7,5,5,5701,0,0,0,,0,003,"5TH ST","POLE LINE RD",74.00,S,N,A,-,N,,,,,,,,,,N,4,0,1,2,A,-,03,22350,,N,C,C,A,A,H,-,A,A,0,,,,,Y,,A,01,0,0,1,0,0,0,0,0,0,"- ","- ",38.548789978027344,-121.72647857666016,YOLO,DAVIS,-121.72681427001953,38.548801422119141
9366535,2021,2021-11-30,5701,2021-10-16,1710,231,4,6,5,5,5701,0,0,0,,0,002,"OLD DAVIS RD","1ST ST",9.00,S,N,A,-,N,,,,,,,,,,N,3,0,1,2,A,-,10,21950,A,N,G,B,B,A,H,-,B,D,0,Y,,,,Y,,A,01,0,1,0,0,1,0,0,0,0,"- ","- ",38.540908813476562,-121.74626922607422,YOLO,DAVIS,,
9367067,2021,2021-11-17,5704,2021-10-14,1813,06153,,4,5,4,5704,0,0,0,,0,002,"W CAPTIOL AV","POPLAR AV",10.00,E,N,A,-,N,,,,,,,,,,Y,3,0,2,3,A,-,01,23152,A,N,C,C,A,A,H,-,B,A,0,,,,,Y,,A,01,0,2,0,0,0,0,0,0,0,"- ","- ",38.580089569091797,-121.53389739990234,YOLO,"WEST SACRAMENTO",-121.53394317626953,38.580070495605469
9367910,2021,2021-12-08,5701,2021-10-09,1120,226,2,6,5,5,5701,0,0,0,,0,001,"ORCHARD PARK DR","RUSSELL BL",0.00,,Y,A,-,N,,,,,,,,,,Y,3,0,2,4,A,-,09,21802,A,N,D,C,A,A,H,-,A,D,0,,,,,Y,,A,01,0,2,0,0,0,0,0,0,0,"- ","- ",38.546379089355469,-121.75884246826172,YOLO,DAVIS,-121.76404571533203,38.546333312988281
9367911,2021,2021-12-08,5701,2021-10-10,1720,231,3,7,5,5,5701,0,0,0,,0,001,"WEST COVELL BL","OAK AV",170.00,E,N,A,-,N,,,,,,,,,,Y,3,0,1,1,A,-,03,22350,,N,H,A,A,A,A,B,B,D,0,,,Y,,Y,,C,02,0,1,0,0,0,0,0,0,1,"- ","- ",38.560840606689453,-121.75042724609375,YOLO,DAVIS,-121.75164794921875,38.560745239257812
9368420,2021,2021-12-30,5703,2021-11-20,1057,2070,59,6,5,4,5703,0,0,0,,0,004,"SIMPSON ST","BANKS DR",175.00,N,N,A,-,N,,,,,,,,,,Y,4,0,2,2,A,-,21,22106,,N,D,C,A,A,H,-,A,D,0,,,,,Y,,A,07,0,0,2,0,0,0,0,0,0,"- ","- ",38.643119812011719,-121.74263000488281,YOLO,WOODLAND,-121.74276733398438,38.643459320068359
9372548,2021,2021-12-20,5701,2021-11-13,1400,231,4,6,5,5,5701,0,0,0,,0,002,"H ST","3RD ST",49.00,S,N,A,-,N,,,,,,,,,,N,3,0,1,2,A,-,11,21954,A,N,G,B,D,A,H,-,A,D,0,Y,,,,Y,,N,60,0,1,0,0,1,0,0,0,0,"- ","- ",38.545070648193359,-121.73828887939453,YOLO,DAVIS,-121.73827362060547,38.544960021972656
9372549,2021,2021-12-20,5701,2021-11-22,1120,229,2,1,5,5,5701,0,0,0,,0,001,"DRAKE DR","SYCAMORE LN",13.00,E,N,A,-,N,,,,,,,,,,N,3,0,2,3,A,-,10,21950,A,N,G,B,B,A,H,-,A,D,0,Y,,,,Y,,A,01,0,1,1,0,2,0,0,0,0,"- ","- ",38.559181213378906,-121.76409912109375,YOLO,DAVIS,-121.76409149169922,38.559200286865234
9373041,2021,2021-12-09,5703,2021-10-14,1910,2891,13,4,5,4,5703,0,0,0,,0,004,"E GUM AV","THOMAS ST",0.00,,Y,A,-,N,,,,,,,,,,,2,0,1,2,A,-,10,21950,A,F,G,B,B,A,H,-,E,A,0,Y,,,,Y,,A,07,1,0,0,0,1,0,0,0,0,"- ","- ",38.668308258056641,-121.76093292236328,YOLO,WOODLAND,-121.76099395751953,38.668300628662109
9373181,2021,2021-12-13,5703,2021-11-04,1525,2891,15,4,5,4,5703,0,0,0,,0,004,"EAST GIBSON RD","MATMOR RD",0.00,,Y,A,-,N,,,,,,,,,,N,4,0,1,2,A,-,11,21950,B,M,G,B,B,A,H,-,A,B,0,Y,,,,Y,,N,60,0,0,1,0,1,0,0,0,0,"- ","- ",38.662799835205078,-121.7564697265625,YOLO,WOODLAND,-121.7564697265625,38.662776947021484
9374423,2021,2022-01-11,5703,2021-12-03,1804,2073,85,5,5,4,5703,0,0,0,,0,001,"COUNTY ROAD 102","EAST KENTUCKY AV",0.00,,Y,A,-,N,,,,,,,,,,Y,4,0,1,2,A,-,03,22350,,N,C,C,A,A,H,-,C,D,0,,,,,Y,,A,07,0,0,1,0,0,0,0,0,0,"- ","- ",38.691768646240234,-121.72837829589844,YOLO,WOODLAND,-121.72830200195312,38.691703796386719
9374585,2021,2021-12-16,5701,2021-11-21,1255,239,7,7,5,5,5701,0,0,0,,0,003,"MANZANITA LN","WHITTIER DR",205.00,N,N,A,-,N,,,,,,,,,,N,4,0,1,3,A,-,01,23152,A,N,A,E,A,A,H,-,A,D,0,,,,,Y,Y,A,01,0,0,1,0,0,0,0,0,0,"- ","- ",,,YOLO,DAVIS,-121.72063446044922,38.560691833496094
9374586,2021,2021-12-16,5701,2021-11-14,1705,231,4,7,5,5,5701,0,0,0,,0,002,"W 8TH ST","EUREKA AV",0.00,,Y,A,-,N,,,,,,,,,,N,3,0,1,2,A,-,09,21801,A,N,H,G,A,A,H,-,D,A,0,,Y,,,Y,,L,04,0,1,0,0,0,0,1,0,0,"- ","- ",38.550689697265625,-121.7501220703125,YOLO,DAVIS,-121.75022888183594,38.550708770751953
9375450,2021,2022-01-08,5704,2021-11-11,0742,06213,,4,5,4,5704,0,0,0,,0,,"SACRAMENTO AV","SOLANO ST",0.00,,Y,A,-,N,,,,,,,,,,Y,4,0,1,2,A,-,08,22107,,N,D,C,A,A,H,-,A,D,0,,,,Y,Y,,A,01,0,0,1,0,0,0,0,0,0,"- ","- ",38.590988159179688,-121.54000854492188,YOLO,"WEST SACRAMENTO",-121.5400390625,38.590991973876953
9375454,2021,2021-12-23,5704,2021-10-27,0850,00165,,3,5,4,5704,0,0,0,,0,003,"SOUTHPORT PKWY","CARLIN DR",0.00,,Y,A,-,N,,,,,,,,,,Y,2,0,1,2,A,-,12,21453,A,N,D,C,A,-,H,-,A,A,0,,,Y,Y,Y,,C,02,1,0,0,0,0,0,0,0,1,"- ","- ",38.550991058349609,-121.56675720214844,YOLO,"WEST SACRAMENTO",-121.56686401367188,38.551059722900391
9376388,2021,2022-01-06,5701,2021-12-01,0859,238,4,3,5,5,5701,0,0,0,,0,002,"L ST","3RD ST",0.00,,Y,E,-,N,,,,,,,,,,N,2,0,1,2,A,-,09,21801,A,N,H,G,A,B,H,-,A,A,0,,Y,,,Y,,A,01,1,0,0,0,0,0,1,0,0,"- ","- ",38.545890808105469,-121.73371887207031,YOLO,DAVIS,-121.73374176025391,38.545902252197266
9376890,2021,2021-12-15,5701,2021-11-17,0850,238,4,3,5,5,5701,0,0,0,,0,002,"W 8TH ST","MILLER DR",20.00,E,N,A,-,N,,,,,,,,,,N,3,0,1,2,A,-,08,22107,,N,H,G,A,A,H,-,A,D,0,,Y,,,Y,,L,04,0,1,0,0,0,0,1,0,0,"- ","- ",38.550678253173828,-121.74889373779297,YOLO,DAVIS,-121.74886322021484,38.550701141357422
9376895,2021,2021-12-14,5701,2021-10-29,1415,1084,UCD,5,5,5,5701,0,0,0,,0,,"HUTCHISON DR","HUTCHISON PL",0.00,,Y,A,-,N,,,,,,,,,,N,4,0,1,2,A,-,09,21803,A,M,D,G,A,A,H,-,A,A,0,,Y,,,Y,,-,99,0,0,1,0,0,0,1,0,0,"- ","- ",,,YOLO,DAVIS,-121.77144622802734,38.539199829101562
9378317,2021,2022-01-19,5704,2021-12-29,1544,06698,,3,5,4,5704,0,0,0,,0,002,"ENTERPRISE BL","LAKE RD",0.00,,Y,C,-,N,,,,,,,,,,Y,4,0,1,2,A,-,12,21453,A,N,D,C,A,B,H,-,A,A,0,,,,,Y,,A,01,0,0,1,0,0,0,0,0,0,"- ","- ",38.572158813476562,-121.57830047607422,YOLO,"WEST SACRAMENTO",-121.57833862304688,38.572189331054688
9378362,2021,2022-01-19,5703,2021-12-28,1706,2339,51,2,5,4,5703,0,0,0,,0,004,"EAST MAIN ST","YOLO POLO PLZ",0.00,,Y,B,-,N,,,,,,,,,,,4,0,1,2,A,-,05,21650,1,N,D,G,A,A,H,-,C,A,0,,Y,,,Y,,L,04,0,0,1,0,0,0,1,0,0,"- ","- ",38.677169799804688,-121.73951721191406,YOLO,WOODLAND,,
9378418,2021,2021-12-14,5703,2021-11-22,1021,2070,31,1,5,4,5703,0,0,0,,0,001,"EAST MAIN ST","INDUSTRIAL WY",0.00,,Y,A,-,Y,YOL,3,113,-,R,9.891,R,4,S,Y,4,0,4,2,A,-,12,21453,A,N,D,C,A,A,D,-,A,A,0,,,,,Y,,A,07,0,0,4,0,0,0,0,0,0,"- ","- ",38.677330017089844,-121.7529296875,YOLO,WOODLAND,-121.75128936767578,38.6722412109375
9380287,2021,2022-01-26,5703,2021-12-23,0946,2891,72,4,5,4,5703,0,0,0,,0,003,"COUNTY RD 98","W CROSS ST",458.00,N,N,B,C,N,,,,,,,,,,Y,3,0,1,1,C,-,18,,,N,E,I,A,B,H,-,A,D,0,,,,,Y,,-,"- ",0,1,0,0,0,0,0,0,0,"- ","- ",,,YOLO,WOODLAND,-121.80258941650391,38.673587799072266
9380304,2021,2022-03-07,5704,2021-12-22,0332,06664,,3,5,4,5704,0,0,0,,0,002,"HARBOR BL","DEL MONTE ST",0.00,,Y,C,-,N,,,,,,,,,,N,4,0,1,2,A,-,08,22107,,N,B,D,A,B,H,-,C,A,0,,,,Y,Y,,G,25,0,0,1,0,0,0,0,0,0,"- ","- ",38.570320129394531,-121.54884338378906,YOLO,"WEST SACRAMENTO",-121.54888153076172,38.570308685302734
9380932,2021,2022-01-28,5703,2021-12-21,1716,2631,42,2,5,4,5703,0,0,0,,0,002,"COLLEGE ST","COURT ST",0.00,,Y,C,-,N,,,,,,,,,,N,2,0,1,2,A,-,12,21453,A,N,D,G,A,B,H,-,C,A,0,,Y,,Y,Y,,L,04,1,0,0,0,0,0,1,0,0,"- ","- ",38.678779602050781,-121.77469635009766,YOLO,WOODLAND,-121.77469635009766,38.678760528564453
9382319,2021,2021-12-29,5703,2021-11-03,1438,2865,622,3,5,4,5703,0,0,0,,0,002,"WEST ST","BEAMER ST",104.00,S,N,A,-,N,,,,,,,,,,,2,0,1,2,A,-,11,21954,A,N,G,B,D,A,H,-,A,A,0,Y,,,,Y,,N,60,1,0,0,0,1,0,0,0,0,"- ","- ",38.684810638427734,-121.78392028808594,YOLO,WOODLAND,-121.78395080566406,38.684505462646484
9384355,2021,2022-01-11,5704,2021-12-02,2056,06672,,4,5,4,5704,0,0,0,,0,003,"RAMCO ST","SOUTHPORT PKWY",200.00,S,N,-,-,N,,,,,,,,,,Y,4,0,1,1,A,-,05,21650,,N,E,J,A,A,H,-,C,D,0,,,,,Y,,A,01,0,0,1,0,0,0,0,0,0,"- ","- ",38.555309295654297,-121.56334686279297,YOLO,"WEST SACRAMENTO",-121.56314849853516,38.554946899414062
9384623,2021,2022-01-24,5703,2021-12-16,1338,2891,,4,5,4,5703,0,0,0,,0,002,"N WALNUT ST","KENTUCKY AV",271.00,S,N,A,-,N,,,,,,,,,,Y,4,0,1,2,A,-,08,22107,,N,D,C,A,A,H,-,A,D,0,,,,,Y,,A,01,0,0,1,0,0,0,0,0,0,"- ","- ",,,YOLO,WOODLAND,-121.77784729003906,38.691226959228516
9384777,2021,2021-12-30,5704,2021-11-30,0635,06675,,2,5,4,5704,0,0,0,,0,002,"HARBOR BL","DULUTH ST",545.00,S,N,C,-,N,,,,,,,,,,N,4,0,2,2,A,-,09,21801,A,N,A,C,A,B,H,-,B,D,0,,,,,Y,,D,22,0,0,2,0,0,0,0,0,0,"- ","- ",38.585018157958984,-121.54714965820312,YOLO,"WEST SACRAMENTO",-121.54762268066406,38.583538055419922
9385747,2021,2022-01-18,5703,2021-12-14,1843,2816,62,2,5,4,5703,0,0,0,,0,002,"CALIFORNIA ST","W COURT ST",0.00,,Y,A,-,N,,,,,,,,,,N,4,0,1,2,A,-,10,21950,A,N,G,B,B,A,H,-,C,A,0,Y,,,,Y,,D,22,0,0,1,0,1,0,0,0,0,"- ","- ",38.678909301757812,-121.78867340087891,YOLO,WOODLAND,-121.78861236572266,38.678886413574219
9386026,2021,2022-01-18,5701,2021-12-07,2015,234,4,2,5,5,5701,0,0,0,,0,002,"F ST","4TH ST",25.00,N,N,A,-,N,,,,,,,,,,N,3,0,2,3,A,-,01,23152,A,N,C,C,A,A,H,-,C,D,0,,,,,Y,Y,A,01,0,2,0,0,0,0,0,0,0,"- ","- ",38.546009063720703,-121.74069976806641,YOLO,DAVIS,-121.74072265625,38.546096801757812
9386045,2021,2022-01-14,5701,2021-12-13,2006,235,5,1,5,5,5701,0,0,0,,0,002,"5TH ST","J ST",0.00,,Y,C,-,N,,,,,,,,,,Y,3,0,1,2,A,-,09,21802,A,N,D,C,A,B,H,-,C,A,0,,,,,Y,,A,01,0,1,0,0,0,0,0,0,0,"- ","- ",38.548080444335938,-121.73663330078125,YOLO,DAVIS,-121.73662567138672,38.548080444335938
9386707,2021,2022-01-12,5704,2021-12-28,1155,00165,,2,5,4,5704,0,0,0,,0,002,EVERGREEN,"HARBOR BL",200.00,E,N,B,-,N,,,,,,,,,,N,4,0,2,2,A,-,09,21804,A,N,D,C,A,A,H,-,A,D,0,,,,,Y,,A,01,0,0,2,0,0,0,0,0,0,"- ","- ",38.576961517333984,-121.54866027832031,YOLO,"WEST SACRAMENTO",-121.54801177978516,38.576942443847656
9386708,2021,2022-01-13,5704,2021-12-21,0405,06208,,2,5,4,5704,0,0,0,,0,002,"HARBOR BL","DEL MONTE ST",0.00,,Y,A,-,N,,,,,,,,,,N,4,0,1,2,A,-,03,22350,,N,C,C,A,A,H,-,C,A,0,,,,,Y,,A,01,0,0,1,0,0,0,0,0,0,"- ","- ",38.570320129394531,-121.54884338378906,YOLO,"WEST SACRAMENTO",-121.54888153076172,38.570308685302734
9386709,2021,2022-01-12,5704,2021-12-02,2230,06012,,4,5,4,5704,0,0,0,,0,002,"HARBOR BL","BEACON BL",0.00,,Y,A,-,N,,,,,,,,,,N,3,0,1,1,A,-,08,22107,,N,E,I,A,A,H,-,C,D,0,,,,,Y,,A,01,0,1,0,0,0,0,0,0,0,"- ","- ",38.571918487548828,-121.54855346679688,YOLO,"WEST SACRAMENTO",-121.54863739013672,38.571922302246094
9387717,2021,2022-01-10,5703,2021-12-09,1511,2070,44,4,5,4,5703,0,0,0,,0,002,"BEAMER ST","N CLEVELAND ST",5.00,W,N,A,-,N,,,,,,,,,,,2,0,3,4,A,-,10,21950,A,N,G,B,B,A,H,-,A,D,0,Y,,,,Y,,A,07,1,2,0,0,3,0,0,0,0,"- ","- ",38.684711456298828,-121.77925872802734,YOLO,WOODLAND,-121.77923583984375,38.684741973876953
9388609,2021,2022-01-20,5701,2021-12-18,1445,226,3,6,5,5,5701,0,0,0,,0,001,"WEST COVELL BL","OAK AV",5.00,W,N,A,-,N,,,,,,,,,,N,4,0,1,2,A,-,03,22350,,N,C,C,A,A,H,-,A,A,0,,,,,Y,,D,22,0,0,1,0,0,0,0,0,0,"- ","- ",38.560848236083984,-121.75222015380859,YOLO,DAVIS,-121.75225830078125,38.560749053955078
9388789,2021,2022-01-18,5701,2021-12-17,1120,239,8,5,5,5,5701,0,0,0,,0,004,"COWELL BL","COWELL BL 2135",0.00,,-,A,-,N,,,,,,,,,,N,3,0,1,2,B,-,22,,,N,H,C,A,A,H,-,A,D,0,,,,,Y,,A,01,0,1,0,0,0,0,0,0,0,"- ","- ",38.541671752929688,-121.72528839111328,YOLO,DAVIS,,
9389788,2021,2022-01-14,5703,2021-12-09,1536,2339,53,4,5,4,5703,0,0,0,,0,004,"PIONEER AV","BRENNAN DR",9.00,E,N,A,-,N,,,,,,,,,,N,4,0,1,2,D,-,00,,,N,G,B,B,A,H,-,A,A,0,Y,,,,Y,,-,"- ",0,0,1,0,1,0,0,0,0,"- ","- ",38.664649963378906,-121.74224853515625,YOLO,WOODLAND,-121.7421875,38.664688110351562
9390089,2021,2022-01-21,5703,2021-12-25,1933,2145,26,6,5,4,5703,0,0,0,,0,002,"KENTUCKY AV","N COLLEGE ST",10.00,W,N,F,-,N,,,,,,,,,,N,4,0,1,2,A,-,12,21453,A,N,C,C,A,B,H,-,C,A,0,,,,,Y,Y,A,01,0,0,1,0,0,0,0,0,0,"- ","- ",38.691879272460938,-121.77458190917969,YOLO,WOODLAND,-121.77458190917969,38.691928863525391
9391153,2021,2022-01-19,5701,2021-12-18,2113,237,4,6,5,5,5701,0,0,0,,0,002,"2ND ST","G ST",0.00,,Y,A,-,N,,,,,,,,,,N,4,0,1,2,A,-,01,23152,A,N,C,E,A,A,H,-,C,D,0,,,,,Y,Y,A,01,0,0,1,0,0,0,0,0,0,"- ","- ",38.543628692626953,-121.73889923095703,YOLO,DAVIS,-121.7388916015625,38.543643951416016
9405418,2021,2022-02-16,5701,2021-12-18,1735,231,4,6,5,5,5701,0,0,0,,0,002,"3RD ST","E ST",0.00,,Y,A,-,N,,,,,,,,,,N,3,0,1,2,A,-,09,21801,A,N,H,G,A,A,H,-,C,A,0,,Y,,,Y,Y,L,04,0,1,0,0,0,0,1,0,0,"- ","- ",38.544540405273438,-121.74141693115234,YOLO,DAVIS,-121.741455078125,38.544532775878906
9409864,2021,2022-03-07,5701,2021-12-18,0530,123,7,6,5,5,5701,0,0,0,,0,003,"LOYOLA DR","ALHAMBRA DR",480.00,W,N,A,-,N,,,,,,,,,,Y,2,0,2,1,A,-,03,22350,,N,E,I,A,A,H,-,C,D,0,,,,,Y,,A,01,1,1,0,0,0,0,0,0,0,"- ","- ",38.55841064453125,-121.70919036865234,YOLO,DAVIS,-121.71004486083984,38.559043884277344